date,close,volume,margin_balance,turnover_value,foreign_net,investment_trust_net,dealer_net,margin_maintenance_pct,margin_top10_concentration_pct,margin_hhi,margin_top3_industry_concentration_pct,short_margin_ratio_pct,high_margin_cap_exposure_pct
2020-05-21,11008.31,4885891165.0,114377222000.0,172218053521.0,978960837.0,1345595756.0,1626175415.0,173.4894,21.4144,87.9462,54.1108,14.383,1.2453
2020-05-22,10811.15,5054277645.0,114660405000.0,178399370544.0,-29085582035.0,-327521893.0,-2175966700.0,170.7065,21.4138,87.519,53.3671,14.241,1.5049
2020-05-25,10871.18,4139816654.0,115848938000.0,148792998499.0,-4568094492.0,-242378553.0,1866511542.0,172.6915,21.2351,86.9504,53.3161,14.0633,1.475
2020-05-26,10997.21,5106168038.0,115836834000.0,182416463343.0,14169884700.0,1263035370.0,1511490458.0,173.2479,21.0176,85.0481,53.485,14.107,1.3381
2020-05-27,11014.66,4721324227.0,115689043000.0,157944246242.0,332211882.0,920590840.0,-10198903.0,173.0209,21.2568,85.7169,53.758,14.0282,1.4727
2020-05-28,10944.19,5239764437.0,115475479000.0,173084681796.0,-7254349938.0,645580769.0,970263924.0,171.8834,21.3438,85.9168,53.9302,13.8975,1.6664
2020-05-29,10942.16,5508327470.0,116399048000.0,215603913046.0,-11045178924.0,200633936.0,1566846727.0,172.5068,21.2206,85.1714,53.5426,13.9236,1.8187
2020-06-01,11079.02,4975164301.0,116315043000.0,169563746947.0,15428860416.0,1072464550.0,4424264334.0,175.2589,21.139,86.2598,54.5018,14.0523,2.0157
2020-06-02,11127.93,4974734421.0,116375040000.0,182409278902.0,1728257798.0,1540872316.0,1379554193.0,175.0541,21.2075,86.0499,54.8393,14.0879,1.741
2020-06-03,11320.16,6431206610.0,117217907000.0,214594995112.0,17642474608.0,1536914945.0,6462648478.0,177.4038,20.9799,86.2837,55.0589,14.0215,1.845
2020-06-04,11393.23,5944102520.0,117647157000.0,203655766408.0,4483499962.0,1776489454.0,706234743.0,177.938,21.1574,87.7027,55.1146,13.8446,1.7126
2020-06-05,11479.4,5782637500.0,118181406000.0,181156372573.0,7059493551.0,809503090.0,983060214.0,178.5328,20.6257,82.5032,54.6785,13.9092,1.531
2020-06-08,11610.32,6425750934.0,117848845000.0,204483479878.0,9654161177.0,1663205853.0,-391026828.0,178.5048,20.6569,82.7165,54.6,13.8362,1.2951
2020-06-09,11637.11,5177011975.0,117747826000.0,175551998760.0,6822457604.0,262393684.0,108420709.0,178.357,20.3355,82.0278,54.0094,13.9023,1.1119
2020-06-10,11720.16,5625828981.0,118253277000.0,191956930344.0,10230425908.0,325469238.0,227902599.0,179.0742,20.2812,82.0508,53.9986,14.0938,1.2707
2020-06-11,11535.77,7133820168.0,116516653000.0,241095735307.0,227886180.0,141500320.0,-3107985966.0,174.5714,20.1764,81.0554,53.8298,14.0893,1.3359
2020-06-12,11429.94,6821881261.0,116855485000.0,198490678284.0,2950215202.0,-590716655.0,2232920563.0,174.6882,20.0508,80.3647,53.4365,14.1651,1.3568
2020-06-15,11306.26,5612526407.0,117603294000.0,178403622137.0,-15647644944.0,1238362850.0,-2498996263.0,173.3138,20.4218,81.8055,53.303,13.9235,1.0783
2020-06-16,11511.64,5551224942.0,118148449000.0,183111896851.0,18352782961.0,718730266.0,804772010.0,176.6899,20.5996,82.3465,53.8712,13.3499,0.8452
2020-06-17,11534.59,5429872580.0,119555907000.0,175689967777.0,3775687339.0,678313520.0,-2504176680.0,176.8954,20.419,81.1907,53.4046,13.3722,0.8784
2020-06-18,11548.33,5589608626.0,120739638000.0,185906443478.0,2250829579.0,745043162.0,125568913.0,176.3571,20.4245,79.5256,53.5176,13.4894,1.1221
2020-06-19,11549.86,6809199588.0,122117711000.0,252381616639.0,-10219528934.0,479993246.0,1392909751.0,177.8988,20.3033,78.5848,53.7827,13.0757,1.1997
2020-06-22,11572.93,5081058638.0,122805591000.0,183481627726.0,2364258723.0,388458423.0,447680853.0,178.0296,20.7634,78.9568,54.0611,12.963,1.1724
2020-06-23,11612.36,5731275340.0,123194289000.0,206506974570.0,3810223208.0,-223487472.0,-198306783.0,177.7672,21.0651,79.561,54.4673,12.5919,1.1311
2020-06-24,11660.67,5087067514.0,123729395000.0,203293937926.0,9333285270.0,-461237042.0,97455005.0,178.2768,21.445,81.0168,55.1145,12.3795,1.0958
2020-06-29,11542.62,5483857324.0,124989116000.0,209325359919.0,-12939439896.0,-771457167.0,-1939010200.0,176.3366,21.3003,80.2425,54.6094,12.3434,1.2936
2020-06-30,11621.24,5238990655.0,125774758000.0,196560077099.0,6838905409.0,-933913189.0,1609068460.0,177.231,21.0339,79.7472,54.8277,12.138,2.2341
2020-07-01,11703.42,5812063202.0,125684607000.0,193056259836.0,3650038323.0,146210371.0,959410410.0,178.5914,20.8216,79.0353,54.7124,12.1585,2.3417
2020-07-02,11805.14,6091006206.0,126921751000.0,191309888383.0,2857823145.0,-466569162.0,593141214.0,180.1987,20.6722,77.9248,54.722,12.2474,2.3115
2020-07-03,11909.16,6484752215.0,127145160000.0,218879744425.0,10666904741.0,3337171590.0,2470737915.0,180.6955,20.4509,76.9486,54.9191,12.5005,2.3886
2020-07-06,12116.7,7916423089.0,128455971000.0,252079466765.0,20152618292.0,322318681.0,6409538653.0,183.7195,20.2586,77.0299,55.4005,12.3929,2.3862
2020-07-07,12092.97,7651045729.0,128914666000.0,277506544486.0,4572952047.0,-786655820.0,1208610230.0,182.0677,20.6084,79.3462,55.2755,11.9729,1.735
2020-07-08,12170.19,6363746201.0,132556243000.0,242676395267.0,-5498958959.0,-1077908879.0,3145126450.0,183.2418,20.5371,79.0108,55.6351,11.3285,1.7166
2020-07-09,12192.69,6645387543.0,134325213000.0,252727573213.0,-6669438106.0,-317290480.0,844194270.0,182.3097,20.3557,77.9052,55.6216,10.9383,1.941
2020-07-10,12073.68,7031694732.0,132684802000.0,261020496174.0,254833120.0,-1286758384.0,-1791917470.0,177.7541,20.1384,76.6981,54.8147,10.8884,2.043
2020-07-13,12211.56,6140389276.0,135268907000.0,211132055829.0,4377525643.0,524895753.0,2050286064.0,179.5653,19.9467,76.3406,55.0191,10.8007,1.5837
2020-07-14,12209.01,6197831696.0,135373135000.0,205369887777.0,-4732200604.0,692982383.0,510216710.0,177.2021,20.2842,78.1265,55.0142,10.8671,1.7777
2020-07-15,12202.85,6756734156.0,134816884000.0,240427292308.0,3959024230.0,888313209.0,-1993880214.0,175.4146,20.2033,77.3529,54.5924,10.7243,1.5751
2020-07-16,12157.74,5770300669.0,136339367000.0,199619270942.0,-7058164222.0,1493899440.0,-2241996697.0,175.4401,20.136,77.6799,54.5871,10.6755,2.2467
2020-07-17,12181.56,5938809215.0,134843023000.0,200271062950.0,1780208668.0,1894788902.0,-2743433634.0,172.9912,20.3211,78.1766,54.7461,10.7038,1.6629
2020-07-20,12174.54,5326683162.0,134744199000.0,176439351236.0,4354201361.0,644461892.0,8655806.0,173.9261,20.1623,77.9822,55.1568,11.2035,2.3229
2020-07-21,12397.55,6781208219.0,136527508000.0,225623414631.0,12640568658.0,2138832800.0,1233200663.0,176.3548,20.1312,79.088,56.0017,11.1677,3.3826
2020-07-22,12473.27,6475848930.0,137640389000.0,226256572816.0,-2381908225.0,1804066034.0,1245916168.0,177.7424,20.2272,79.6693,55.7871,11.1659,3.4399
2020-07-23,12413.04,6566842345.0,139584119000.0,228150200225.0,-8869322986.0,598840161.0,-5000574586.0,177.287,20.1781,79.0053,56.363,11.0006,3.4549
2020-07-24,12304.04,7302839893.0,138401929000.0,268423485119.0,-10770065236.0,762577700.0,-5925821395.0,173.4342,20.7492,81.0797,55.8625,10.8694,2.3829
2020-07-27,12588.3,6497324062.0,139996553000.0,256612208060.0,7532010246.0,-138527224.0,-638238159.0,173.2697,22.3454,91.2215,57.2119,10.2121,2.3268
2020-07-28,12586.73,7749667366.0,138876739000.0,348922817780.0,-7303868396.0,-558624390.0,-3613481610.0,170.0168,22.4772,91.3629,56.9001,10.3248,2.1807
2020-07-29,12540.97,5900556154.0,140337101000.0,221220518609.0,-6124890839.0,-1109585955.0,-4896376236.0,171.7247,22.32,91.1487,56.9444,10.516,1.9201
2020-07-30,12722.92,5882978873.0,142552031000.0,215707482486.0,-2838321858.0,1011825735.0,-667775976.0,173.5955,22.4974,92.0119,57.323,10.3121,3.2881
2020-07-31,12664.8,5953761412.0,144918278000.0,210436131573.0,-8909517046.0,257645728.0,-130736807.0,174.1494,22.6819,94.1808,57.6685,10.1121,3.6578
2020-08-03,12513.03,5837095577.0,146889872000.0,233305008909.0,-30242797765.0,262200664.0,-668375630.0,174.0163,22.6425,94.1183,57.4123,9.9457,3.5988
2020-08-04,12709.92,6164234610.0,147657104000.0,213563216576.0,5606282147.0,802046786.0,1264133229.0,176.0138,22.3711,92.6901,57.499,9.7134,3.6828
2020-08-05,12802.3,7039886482.0,149662998000.0,240824380836.0,-291023313.0,1663581551.0,-186122221.0,177.4783,22.1293,91.2813,57.4606,9.7408,3.6462
2020-08-06,12913.5,7232775919.0,149767249000.0,262092613312.0,3912251760.0,456364689.0,-1154518472.0,176.7736,22.0097,90.231,57.3127,9.9108,3.7029
2020-08-07,12828.87,6458649872.0,149892177000.0,240196550213.0,-12188470936.0,-369906949.0,-2223178306.0,175.3454,21.9072,88.5164,56.5881,9.7351,3.807
2020-08-10,12894.0,6577589394.0,150554484000.0,216322152366.0,2752292767.0,-1308134023.0,1296781409.0,174.7631,21.8167,87.4874,56.2746,9.6313,2.4137
2020-08-11,12780.19,6378786937.0,148852757000.0,206667809126.0,-4971255621.0,-622835340.0,-38374688.0,172.8585,21.9382,87.7821,56.3173,9.6538,2.4306
2020-08-12,12670.35,6351198837.0,150148629000.0,218949013495.0,-10420073627.0,-713739277.0,-3918960411.0,172.5748,22.1284,88.2096,56.4639,9.5502,2.3174
2020-08-13,12763.13,6178740588.0,149112303000.0,239493176681.0,7232612033.0,-11929778.0,-671682155.0,170.9077,21.8521,87.1261,56.5899,9.351,2.3428
2020-08-14,12795.46,6385965281.0,150003594000.0,214585977432.0,3948917829.0,688828140.0,1258978238.0,174.2507,21.6703,85.6301,56.3099,9.3939,2.3514
2020-08-17,12956.11,7363417584.0,150800300000.0,222858664371.0,9645522408.0,728012190.0,3980571637.0,176.0448,21.6114,83.969,55.7922,9.3721,2.2634
2020-08-18,12872.14,6843591620.0,150233670000.0,250451420415.0,-2995480165.0,-13251998.0,-2096098887.0,171.7364,21.5382,82.6193,55.8069,9.3971,2.2717
2020-08-19,12778.64,7199535793.0,149695268000.0,255584456381.0,-519737152.0,-141308269.0,-3841183407.0,172.1608,21.2005,81.2154,54.7423,9.3942,2.6621
2020-08-20,12362.64,10808931236.0,144190310000.0,352466831934.0,-14670544659.0,-1698785690.0,-10390136746.0,164.2025,21.5592,83.2402,54.0347,8.7438,3.0878
2020-08-21,12607.84,6617437494.0,145278094000.0,226382287623.0,5646533740.0,908213696.0,-129412552.0,168.6758,21.2967,82.3446,53.7874,8.3863,3.0571
2020-08-24,12647.13,5964445395.0,145873807000.0,205946569675.0,-864570540.0,803269351.0,681624507.0,169.567,21.0049,80.9268,53.3498,7.8818,3.1348
2020-08-25,12758.25,6638302690.0,146919649000.0,199608206287.0,3465353333.0,1130856910.0,778518560.0,170.7207,20.7792,79.7431,53.1384,7.7493,3.1845
2020-08-26,12833.29,5896934823.0,148138734000.0,180171536033.0,1903242794.0,311203740.0,-510936125.0,171.4471,20.7389,79.641,53.1122,7.4604,3.2257
2020-08-27,12797.31,7593252259.0,149297381000.0,219151081945.0,-7746717667.0,520125840.0,-901460574.0,170.8192,20.8668,80.7764,53.5913,7.454,3.8527
2020-08-28,12728.85,6774001709.0,149678563000.0,209654119388.0,-6075890602.0,-264699788.0,404692924.0,170.9238,20.9022,81.1496,53.4052,7.2576,3.3668
2020-08-31,12591.45,7567454336.0,152199564000.0,251603944921.0,-15742498776.0,-500020083.0,7679065.0,170.3621,20.6507,80.7028,52.7707,7.3655,4.1239
2020-09-01,12703.28,7167104775.0,152303884000.0,230689544409.0,3832254716.0,494576687.0,877368087.0,171.8135,20.5507,80.1763,53.2254,7.4067,4.0636
2020-09-02,12699.5,6761533425.0,153616033000.0,212372719314.0,-5026642329.0,811264870.0,-85352685.0,172.6521,20.3142,78.8405,53.0561,7.3857,4.266
2020-09-03,12757.97,8851967296.0,153651017000.0,238405949077.0,10851819211.0,-449491009.0,1575752919.0,173.3861,20.0669,77.3801,53.062,7.6405,4.3681
2020-09-04,12637.95,8831958331.0,154837447000.0,234170189997.0,-23596857276.0,656305781.0,-802057989.0,172.2962,20.1256,78.5011,53.2165,7.4159,3.5066
2020-09-07,12601.4,8517685710.0,155589696000.0,228208318563.0,-9466252661.0,-1099631750.0,-1474271652.0,170.1946,20.0301,78.0855,52.6927,7.3082,3.1518
2020-09-08,12663.56,7166397704.0,156542294000.0,205876584432.0,4103079322.0,210538050.0,-3463094981.0,169.2513,20.4119,80.055,52.9078,7.2596,3.1525
2020-09-09,12608.58,7663239516.0,157136480000.0,210164733745.0,-9812659133.0,-141107548.0,-2938032317.0,170.2649,20.1764,79.2358,52.832,7.4037,2.7485
2020-09-10,12691.75,7558292158.0,156938915000.0,199824838839.0,5820225161.0,1027995542.0,-1682455245.0,169.53,20.0535,78.2114,52.5816,7.6075,2.6684
2020-09-11,12675.95,7457620960.0,155344253000.0,191926504802.0,3923974692.0,-729210483.0,-2668189829.0,167.9299,20.4628,79.9889,52.9792,7.7023,2.2708
2020-09-14,12787.82,5970714461.0,156205788000.0,180017547568.0,9580558943.0,-354321970.0,470042978.0,170.3266,20.5577,80.8864,53.6754,7.6536,3.4476
2020-09-15,12845.65,6115853792.0,155648092000.0,188893786815.0,5858563983.0,-105019711.0,-91365893.0,171.1326,20.1476,77.6951,53.1281,8.0146,2.5269
2020-09-16,12976.76,6346241822.0,155725906000.0,210538750403.0,18473340616.0,592137618.0,-4707288002.0,171.5281,20.1779,77.6548,53.3568,8.0715,2.3786
2020-09-17,12872.74,5839451372.0,156789420000.0,189513576395.0,-9973443639.0,-907890304.0,-3357579752.0,171.5757,20.2567,77.7929,53.2518,8.4027,3.3729
2020-09-18,12875.62,6121502346.0,157318117000.0,205193750519.0,-836162239.0,-964370876.0,391999393.0,172.0465,20.3617,78.484,53.2116,8.7303,2.4121
2020-09-21,12795.12,6119694551.0,157006281000.0,175367408334.0,-6518771059.0,-628856784.0,-5943622363.0,170.595,20.3028,78.5009,52.9493,9.6917,2.628
2020-09-22,12645.51,6036770813.0,156169362000.0,174264803514.0,-9409005186.0,-1319937578.0,-6390085115.0,168.5786,20.6247,80.1829,53.1806,9.8506,2.7742
2020-09-23,12583.88,5513876861.0,156610875000.0,175526105776.0,-11953207600.0,-1897449937.0,-5277557817.0,167.9796,21.0037,82.2518,53.3108,9.9112,2.5539
2020-09-24,12264.38,7819019250.0,155774125000.0,245936885355.0,-43730546750.0,-734084388.0,-4358425842.0,163.6885,21.5582,86.7196,53.46,9.998,2.8257
2020-09-25,12232.91,6649496910.0,151866371000.0,212269144121.0,-284445825.0,-950181027.0,-4463994203.0,160.6393,21.9903,89.1775,53.3077,10.1278,1.8077
2020-09-28,12462.76,5029633502.0,152002689000.0,156017854614.0,10073960111.0,458201180.0,705353826.0,164.0074,22.1285,89.7666,53.6141,10.445,1.8787
2020-09-29,12467.73,5160203390.0,152143823000.0,167365571350.0,-1875869985.0,287677920.0,388156374.0,163.9566,22.3191,90.5091,53.6742,10.4393,2.3187
2020-09-30,12515.61,4306132547.0,151853634000.0,138726456634.0,4904466995.0,263064590.0,774207732.0,165.3475,22.2443,89.9198,53.7525,10.4331,2.3491
2020-10-05,12548.28,4720361624.0,153146180000.0,149121901876.0,315410943.0,-158637061.0,1943583166.0,166.9558,22.0718,89.0101,53.4333,10.5996,3.4807
2020-10-06,12704.23,5185702547.0,153347824000.0,165854793695.0,9368690807.0,404425583.0,1436324440.0,168.5375,21.697,87.3762,53.4114,10.8228,3.4843
2020-10-07,12746.37,4853747901.0,153914809000.0,164997223119.0,5736906592.0,460539500.0,1722899386.0,168.6619,21.9589,88.6732,53.8739,11.0223,3.5381
2020-10-08,12887.19,5770489410.0,153333914000.0,211109323587.0,16885565819.0,860984017.0,774538856.0,169.5861,22.0899,88.5369,53.8089,11.0661,3.5071
2020-10-12,12955.91,6482289719.0,152335805000.0,232572523945.0,13367933977.0,-691778952.0,2650746922.0,168.5973,21.9739,87.8253,53.729,11.1052,3.5424
2020-10-13,12947.13,5812233822.0,153054773000.0,190973087304.0,1479449402.0,-615843804.0,1687744123.0,168.9472,21.831,86.2584,53.6825,11.3135,3.8192
2020-10-14,12919.31,6116047364.0,154063591000.0,200703231328.0,-6627991758.0,-489738130.0,-241422607.0,169.3098,21.8924,85.9421,53.7204,11.4705,3.5032
2020-10-15,12827.82,6066363707.0,154744836000.0,182308417161.0,-13440935588.0,246747493.0,116443340.0,168.0985,22.0717,86.9658,53.9272,11.5427,3.4447
2020-10-16,12750.37,6189889025.0,153543442000.0,187444509071.0,-3718620555.0,556350730.0,-1711048287.0,166.744,21.7711,84.2193,53.1476,11.5811,3.171
2020-10-19,12908.34,5370531537.0,153414517000.0,165105692326.0,12758629268.0,60182731.0,451752834.0,168.9613,21.8496,84.2757,53.3998,11.8312,3.1816
2020-10-20,12862.37,4737368124.0,154053376000.0,148198152602.0,-2017304982.0,360509232.0,-1186884169.0,168.9787,21.8912,84.2782,53.5375,11.8343,3.1536
2020-10-21,12877.25,5658937433.0,154875928000.0,170079821657.0,-599336314.0,-234758438.0,-4059354670.0,169.1791,21.842,83.4294,53.8124,11.7896,3.1386
2020-10-22,12917.03,5778195825.0,154886233000.0,175346026619.0,6737683327.0,-874334045.0,-1024964427.0,169.1248,21.9736,84.2013,53.9085,11.9861,3.161
2020-10-23,12898.82,5327338029.0,155686389000.0,152625190924.0,-2769840580.0,453722172.0,1848385327.0,169.8773,22.0372,84.5183,53.9184,11.9858,3.1999
2020-10-26,12909.03,6677343322.0,156677041000.0,164887331863.0,-1459389383.0,-866448157.0,-2099048490.0,169.7685,22.0312,84.588,54.2171,12.0208,3.2442
2020-10-27,12875.01,6050727539.0,157637076000.0,171090786149.0,-4749981646.0,-1270758232.0,-2032903348.0,169.6682,22.2613,86.1454,54.3454,12.0491,3.2128
2020-10-28,12793.75,6285954215.0,157068566000.0,178393235593.0,-7279250664.0,-901353014.0,-5641808387.0,167.8823,22.1164,86.0529,54.0897,12.0496,3.3268
2020-10-29,12662.91,6761490690.0,157736347000.0,189181317327.0,-16096637879.0,-764593045.0,-1955284316.0,167.4755,22.215,87.2057,53.9829,12.0515,3.4596
2020-10-30,12546.34,6541713056.0,156732639000.0,199921272153.0,-22212786897.0,-267261433.0,-4836816025.0,165.0399,22.2071,87.4215,53.8259,11.8278,3.2659
2020-11-02,12591.31,5294905110.0,156550367000.0,166402723281.0,2910321583.0,-612339759.0,-2481170974.0,164.2768,22.1657,87.7731,53.7857,11.6231,3.3048
2020-11-03,12736.01,5322961398.0,156397243000.0,168037751259.0,14519340813.0,681342150.0,1184545485.0,167.23,22.188,87.6575,53.9388,11.65,3.2645
2020-11-04,12867.9,6578096439.0,156529292000.0,193635582404.0,6145359497.0,1048483971.0,2744858793.0,168.8073,22.3097,87.3982,53.9502,11.7432,3.2035
2020-11-05,12918.8,5603467831.0,155773740000.0,176324654250.0,15371893610.0,-29899728.0,1825245085.0,169.3312,21.993,85.1318,53.6655,12.1583,3.344
2020-11-06,12973.53,5767873286.0,155322345000.0,185205040150.0,13773100658.0,-128731580.0,-53085659.0,169.6198,21.7859,83.8651,53.2422,12.364,3.3047
2020-11-09,13127.47,6798077586.0,155807094000.0,223243577745.0,21275640459.0,-591289896.0,4650516144.0,172.0997,22.0115,84.072,53.4096,12.3284,3.2968
2020-11-10,13081.72,7757716313.0,155255338000.0,251582354972.0,-3291600779.0,526399500.0,-776544502.0,169.9837,21.8899,83.8629,53.4734,12.1997,3.1672
2020-11-11,13262.19,8185194783.0,156427064000.0,243187688964.0,15391636048.0,-428842919.0,4733076483.0,170.8139,21.6666,81.6299,53.1125,12.1668,3.0382
2020-11-12,13221.78,6858089882.0,156071770000.0,226313274550.0,5600426108.0,-661849394.0,818164040.0,169.9163,21.5302,80.9056,53.3234,12.3177,2.8686
2020-11-13,13273.33,5864501402.0,156853069000.0,181096250749.0,5213991887.0,-905495063.0,-23846512.0,170.6319,21.3688,80.5769,53.4712,12.2275,2.9582
2020-11-16,13551.83,6776528689.0,157754775000.0,237134623698.0,22870448189.0,-62004768.0,3558465819.0,171.9657,21.5661,82.0489,54.2494,12.2696,2.722
2020-11-17,13593.01,6633573972.0,156800962000.0,239482702532.0,15099256833.0,-52403896.0,-108183108.0,171.9878,21.4202,81.1317,54.3136,12.5111,2.4455
2020-11-18,13773.29,6591867244.0,157701135000.0,234580312399.0,21140845593.0,217869399.0,357654611.0,173.7682,21.5146,81.7352,54.2989,12.6558,2.977
2020-11-19,13722.43,6243552736.0,158629237000.0,209775157334.0,-4702830873.0,-207818380.0,377705900.0,173.0715,21.5928,82.5692,54.1678,12.8119,3.2292
2020-11-20,13716.44,5986755969.0,159599827000.0,221195197667.0,-4475805495.0,-200686905.0,1288529828.0,173.5499,21.5325,82.7674,54.4834,12.828,3.5935
2020-11-23,13878.01,7028271628.0,160830511000.0,239256004940.0,10876750165.0,-246019907.0,2044567868.0,175.2407,21.8577,83.7741,55.0046,12.9077,5.5599
2020-11-24,13807.13,7633875021.0,160439438000.0,266723419446.0,-4776705746.0,-531374439.0,181216805.0,174.8232,21.3586,81.997,55.015,12.952,3.755
2020-11-25,13738.83,7757213545.0,161199881000.0,268503936065.0,-10632068345.0,-978153897.0,-2232260005.0,173.8368,21.3538,81.3032,54.3382,13.0315,3.8957
2020-11-26,13845.66,6910524222.0,163100647000.0,221494381849.0,3208563308.0,-807848676.0,670889667.0,175.6023,21.4007,81.7399,54.5669,13.1659,5.8361
2020-11-27,13867.09,7292147468.0,164350260000.0,240858423784.0,-3217584151.0,579809409.0,1111696495.0,176.8293,21.547,82.0975,54.7065,13.3391,5.9114
2020-11-30,13722.89,10553313386.0,166873754000.0,409686465237.0,-33283065640.0,-1140105121.0,1695513429.0,177.6391,21.7524,83.7905,55.1898,13.3612,5.9332
2020-12-01,13885.67,9170668511.0,168377017000.0,261391083348.0,489596790.0,-579443231.0,541945162.0,178.0064,21.7967,83.6784,55.7052,13.2657,5.9223
2020-12-02,13989.14,8956941170.0,169323847000.0,290212212410.0,2544926742.0,149516860.0,369186315.0,178.2301,21.8001,83.1566,55.7015,13.5056,6.0077
2020-12-03,13977.09,8380406333.0,169976743000.0,270571743298.0,-6477690056.0,-559127.0,-1225777072.0,177.7017,21.8894,83.0729,55.6566,13.6849,5.9723
2020-12-04,14132.44,9326108954.0,172790201000.0,290630901813.0,14682560201.0,-732427806.0,-1252027316.0,178.3235,22.0446,84.3446,56.1756,13.5453,5.8107
2020-12-07,14256.6,10622974913.0,173225512000.0,335390088503.0,-6911238692.0,504817387.0,-2252051641.0,178.1243,22.3735,85.6376,56.0286,13.6791,6.0029
2020-12-08,14360.4,8745552873.0,174748765000.0,282631831871.0,4193509462.0,2501906168.0,-894597992.0,178.9253,22.4829,86.1378,56.0812,13.7089,6.4452
2020-12-09,14390.14,8859421151.0,176623280000.0,311572078121.0,-1198365512.0,2967567127.0,497853944.0,180.4184,22.3871,85.4658,56.4876,13.8688,6.5667
2020-12-10,14249.49,8817637556.0,176352340000.0,307510445595.0,-14342785894.0,1145278883.0,-4935506833.0,177.9367,22.106,84.7096,55.9485,13.8271,6.8028
2020-12-11,14261.69,9039771037.0,174971927000.0,323558547409.0,-2130524168.0,453439848.0,-4643132020.0,175.4395,21.9291,83.6212,56.3773,13.6872,6.8029
2020-12-14,14211.05,7705137274.0,177217096000.0,235223161929.0,-3780427838.0,176610969.0,-2233492971.0,176.254,22.1766,84.309,56.0668,13.816,6.6293
2020-12-15,14068.52,8827642910.0,176163466000.0,277699803823.0,-16520278470.0,-197337325.0,-4162784145.0,172.4333,22.2362,83.7154,55.5247,13.2206,8.362
2020-12-16,14304.46,7048147239.0,177458467000.0,252463005323.0,29277268278.0,300659727.0,-2441920752.0,175.423,22.2092,83.877,55.6947,13.3816,8.8772
2020-12-17,14258.93,6227173787.0,178080205000.0,230060953960.0,2903894835.0,-95665738.0,-68762484.0,175.6093,22.1839,83.3247,55.7565,13.2884,8.8001
2020-12-18,14249.96,7440315671.0,179123809000.0,249304150068.0,68910166.0,-95405697.0,-983620200.0,175.3689,22.1877,82.7166,55.1112,13.3031,10.0928
2020-12-21,14384.96,8527792568.0,180799547000.0,259328467065.0,10436251661.0,-28853464.0,-265401184.0,175.8212,22.5137,84.2524,54.6334,13.3706,10.1498
2020-12-22,14177.46,10869811575.0,179199058000.0,292106351585.0,-9986882802.0,-492961174.0,-1346577519.0,172.1979,22.342,83.231,54.4435,13.2348,9.7617
2020-12-23,14223.09,7727365334.0,180885327000.0,221442811306.0,683552750.0,-666608245.0,-485462413.0,174.1892,22.4294,83.4663,55.0996,13.2972,10.8099
2020-12-24,14280.28,7461043901.0,182324600000.0,224128612369.0,3009615253.0,-655803976.0,679782191.0,173.0807,22.6144,84.9348,55.3046,13.344,10.6259
2020-12-25,14331.42,7354213964.0,184261341000.0,214088716977.0,5274170949.0,373419980.0,1293617850.0,173.9538,22.8508,86.0383,55.2453,13.3022,11.0448
2020-12-28,14483.07,8522466666.0,186790038000.0,252198708289.0,12949871214.0,139024268.0,3170645409.0,175.9917,23.06,88.0254,55.4133,13.5043,11.3215
2020-12-29,14472.05,9485864615.0,185949806000.0,287984416594.0,-1256508512.0,-767399344.0,-3421292969.0,174.8781,22.8888,86.9766,55.3141,13.5096,11.8375
2020-12-30,14687.7,8345169507.0,187131498000.0,263723474654.0,26833686455.0,-683459786.0,5699530032.0,176.0697,22.9239,87.9069,55.4563,13.3015,11.5179
2020-12-31,14732.53,8098938384.0,187358231000.0,260682229944.0,5697920877.0,366605219.0,43859608.0,176.3132,23.1689,89.9196,55.1758,13.184,12.1459
2021-01-04,14902.03,9339297176.0,190297046000.0,349548269131.0,24767852178.0,-1446951259.0,3282045306.0,178.9623,23.7831,92.6252,54.8475,13.1634,12.4793
2021-01-05,15000.03,9179847742.0,190793486000.0,350088920543.0,2654131011.0,551869956.0,774711039.0,179.5092,23.9584,94.6741,54.8446,12.9278,12.6634
2021-01-06,14983.13,11485851750.0,188887027000.0,438656275380.0,-148111371.0,-377598024.0,-8447458338.0,177.1564,23.5322,91.6638,55.8831,12.8625,11.7595
2021-01-07,15214.0,8827119922.0,191847391000.0,342426405710.0,16452629367.0,-415740229.0,4280428145.0,178.0197,23.4698,90.8998,56.5228,12.7066,11.4184
2021-01-08,15463.95,9249546443.0,192769659000.0,400844785586.0,19714889723.0,-933300910.0,3471130883.0,178.489,24.1378,95.4353,56.4104,12.5415,12.1403
2021-01-11,15557.3,8217768226.0,194744944000.0,329774888069.0,-1586825248.0,281700542.0,-575130592.0,180.0926,24.7678,99.7361,56.6117,12.487,12.0881
2021-01-12,15500.7,9394475603.0,191507530000.0,374381456898.0,-6431413430.0,3581716694.0,-3677089082.0,176.4582,24.4032,97.2899,57.021,12.4802,10.8536
2021-01-13,15769.98,9111050486.0,195212571000.0,379965683084.0,15547643077.0,143118072.0,4922111393.0,179.0472,24.9779,100.8317,58.0533,12.322,10.309
2021-01-14,15707.19,9186986741.0,198674900000.0,402059904635.0,-8927132565.0,-2257604064.0,1595211253.0,179.9349,25.1543,100.9089,57.9944,12.3145,10.8726
2021-01-15,15616.39,10457222007.0,195440959000.0,443575267853.0,-4039399956.0,-724965628.0,-3964853009.0,176.1256,24.827,99.8825,58.7249,12.1288,10.361
2021-01-18,15612.0,8298960613.0,195938145000.0,318810538412.0,-1551401722.0,10775984.0,-142363027.0,176.397,24.9911,100.6856,58.7397,12.0412,9.8572
2021-01-19,15877.37,8347997423.0,198027971000.0,322322357102.0,6621592823.0,812799155.0,2643774801.0,177.5775,25.4214,104.8377,59.1706,12.0962,9.5781
2021-01-20,15806.18,10566225440.0,193231918000.0,428679270098.0,-21545509864.0,547034358.0,-5786457663.0,172.9605,25.3957,105.7898,59.0084,11.9183,9.0274
2021-01-21,16153.77,8832867169.0,194740341000.0,363550314333.0,2121669007.0,-778878319.0,2029645349.0,175.6224,26.7848,116.1332,59.5862,12.1393,9.0489
2021-01-22,16019.03,8253605973.0,197772542000.0,413429872067.0,-34350989509.0,2541359317.0,1219284577.0,178.3072,27.6492,120.3333,59.7274,12.2462,9.7498
2021-01-25,15946.54,8013173020.0,199605953000.0,358829285922.0,-20976226971.0,4125972271.0,1386480660.0,178.1636,27.817,121.6547,59.7228,11.7395,9.7828
2021-01-26,15658.85,7841595045.0,198171989000.0,365832511960.0,-28856981467.0,493214580.0,-6754489895.0,174.0437,27.0875,116.948,59.0341,11.3397,9.7116
2021-01-27,15701.45,6917641396.0,201011072000.0,311387553465.0,-5305691863.0,-448545637.0,-19532554.0,175.0851,27.0757,116.8753,59.3411,11.3198,9.6216
2021-01-28,15415.88,8684236257.0,200286762000.0,368884075100.0,-32542976515.0,1501041953.0,-1942943165.0,172.3243,26.8103,117.5744,59.2411,10.6947,9.9271
2021-01-29,15138.31,8619701824.0,198191951000.0,362938171106.0,-34697887095.0,203229899.0,-4020591335.0,169.2584,26.4314,116.0824,59.26,10.7256,9.7627
2021-02-01,15410.09,7557427954.0,196354794000.0,277685216435.0,14587240096.0,-406163118.0,596924919.0,170.5,26.7686,119.475,59.358,9.7383,9.7841
2021-02-02,15760.05,8036152435.0,194807092000.0,311787261364.0,9291005290.0,783733756.0,-281799987.0,174.036,26.7624,117.498,59.218,9.6342,10.2766
2021-02-03,15771.32,7809582232.0,194467085000.0,293891653939.0,-333382802.0,-9148804.0,243651917.0,174.2607,26.7521,115.6347,59.328,9.7286,10.3803
2021-02-04,15706.22,6713485014.0,193416254000.0,256296570952.0,-11697349639.0,354152494.0,53133476.0,173.7153,26.6402,114.6803,59.3631,9.8574,10.5843
2021-02-05,15802.4,6946810193.0,189952641000.0,286964083110.0,-5625328575.0,611193500.0,2832191235.0,174.5853,26.6689,114.8704,59.3488,10.0239,10.6999
2021-02-17,16362.29,9219556237.0,193048987000.0,423079878501.0,29725762011.0,630463790.0,7044959933.0,180.1854,26.7354,116.4663,60.1601,10.1616,10.6453
2021-02-18,16424.51,9049755707.0,196422393000.0,368998974227.0,-3246590716.0,508644714.0,1845616739.0,182.325,26.2884,113.975,60.1178,10.1255,10.9126
2021-02-19,16341.38,8835553847.0,199702597000.0,353140503835.0,-18928198331.0,-163093179.0,927205502.0,182.1735,25.8485,110.7564,60.2352,10.1046,10.2071
2021-02-22,16410.16,9631555355.0,203048919000.0,357715249880.0,-2873908839.0,551578626.0,-1272608668.0,184.3283,25.5495,108.0943,60.1909,10.1971,10.4157
2021-02-23,16443.4,9751868377.0,205162372000.0,373301829845.0,4251709014.0,725190798.0,-1190289798.0,183.6036,25.3802,107.4227,59.7538,10.1574,10.4069
2021-02-24,16212.53,10053872355.0,205090123000.0,403089819980.0,-23926794406.0,641549367.0,-8593701592.0,180.4916,24.8943,104.4725,59.5153,10.1271,10.0977
2021-02-25,16452.18,9928163233.0,207647124000.0,355681379416.0,23132222991.0,-1450326982.0,-1176672078.0,181.9519,24.9417,104.4491,59.1691,10.3835,10.7253
2021-02-26,15953.8,11254308655.0,209209692000.0,452935541902.0,-94407572721.0,1651604681.0,-8108580271.0,178.7483,25.0151,106.7578,58.6511,10.4319,10.3527
2021-03-02,15946.88,9174901891.0,207401442000.0,340853023536.0,-6783497364.0,225521611.0,-5467156812.0,176.5811,24.8287,106.3367,58.5299,10.5915,10.1399
2021-03-03,16211.73,8339162336.0,208611375000.0,320119676111.0,14107421901.0,136788110.0,6030250342.0,178.9839,25.2691,109.043,58.25,10.4642,10.8441
2021-03-04,15906.41,8968387103.0,210623996000.0,335417162659.0,-52515040476.0,1288077606.0,-3847438520.0,175.9051,25.0014,107.7365,57.956,10.3561,10.6375
2021-03-05,15855.23,7802008693.0,211431492000.0,309550938283.0,-26352191942.0,1701455371.0,-3052979129.0,174.6068,25.2658,110.0236,57.8695,9.911,10.5294
2021-03-08,15820.11,7904447053.0,211823369000.0,291178091549.0,-16700698758.0,1691948294.0,-3528641244.0,173.1676,25.1027,108.905,57.4846,9.8401,10.4042
2021-03-09,15853.09,8542385157.0,214392438000.0,328450235483.0,-3086876259.0,1165454772.0,-204304135.0,173.4911,25.4881,111.4256,57.2463,9.6238,10.5262
2021-03-10,15911.67,6953802230.0,214442225000.0,263489868638.0,-3819512682.0,858399041.0,-2183929922.0,173.9465,25.3202,109.9398,57.4672,9.8638,10.6078
2021-03-11,16179.56,8174238599.0,215825802000.0,330053529825.0,19511991064.0,1074113725.0,4638688033.0,177.7448,25.4775,110.8096,58.137,9.8215,10.4682
2021-03-12,16255.18,7700933526.0,215831664000.0,302624117642.0,6026199047.0,1932055214.0,977797794.0,178.4503,25.3073,108.4607,58.0028,9.6827,10.4602
2021-03-15,16249.33,7038780147.0,218622587000.0,267894529334.0,-2974472533.0,487632010.0,-230776157.0,178.97,25.1962,107.6741,58.0531,9.4308,10.4258
2021-03-16,16313.16,7954820761.0,219279686000.0,298899115917.0,-1161892191.0,682438097.0,844762052.0,179.1906,25.211,107.8466,58.3772,9.3292,10.3803
2021-03-17,16215.82,7897003697.0,219823995000.0,316838190784.0,-12942654783.0,507202700.0,-1071233281.0,178.959,25.3342,108.3486,58.5571,9.3888,10.2097
2021-03-18,16287.84,8959526747.0,221271582000.0,328484029109.0,10805395460.0,25297049.0,3672995019.0,180.2952,25.1754,106.9058,58.7295,9.1256,10.5518
2021-03-19,16070.24,10369745611.0,222088148000.0,397199621947.0,-38761137304.0,297909756.0,-1975946010.0,178.774,24.7616,104.7901,58.4156,8.5803,10.5651
2021-03-22,16189.22,9984003166.0,225596256000.0,336522529595.0,-5075845890.0,-35020385.0,2648826092.0,179.7736,25.6336,108.3488,58.4275,8.2671,10.7591
2021-03-23,16177.59,10466622184.0,225031013000.0,352901241900.0,-5380017891.0,475269720.0,-3088849871.0,177.9248,25.5819,107.715,58.459,8.222,10.614
2021-03-24,16032.12,8650496351.0,227128377000.0,325340589472.0,-35772021619.0,198057740.0,-4159564138.0,177.6605,25.8467,109.9529,58.4568,8.2038,10.8194
2021-03-25,16060.14,9028784884.0,228048637000.0,324648582267.0,-16573118715.0,-22596458.0,-814337920.0,176.7528,26.1754,112.8949,58.6468,8.0564,10.8473
2021-03-26,16305.88,8573575659.0,229766669000.0,300921862893.0,23139939541.0,1061940103.0,1567067920.0,179.8102,26.591,113.9567,59.08,8.1824,10.9698
2021-03-29,16475.97,10452660466.0,230197160000.0,328728371848.0,8717923696.0,455684014.0,1765424296.0,181.0515,26.2502,111.3885,59.1581,8.1381,11.8177
2021-03-30,16554.9,9057751667.0,231312242000.0,315388510960.0,11220534957.0,2261188934.0,4379735503.0,182.3558,26.523,112.502,59.596,8.0306,10.8829
2021-03-31,16431.13,9159869433.0,232107089000.0,339531223623.0,-16528772639.0,245687342.0,-1744261434.0,181.0756,26.2935,111.4236,59.5375,7.7288,11.0052
2021-04-01,16571.28,8890669663.0,232812929000.0,326757079019.0,15455553383.0,918483074.0,1011202127.0,181.9166,26.1741,110.7314,59.8083,7.6858,12.1454
2021-04-06,16739.87,9782619539.0,233674744000.0,339918097475.0,14450714092.0,-264329385.0,4163199639.0,184.211,26.1342,109.2147,59.8602,6.1902,12.4515
2021-04-07,16815.36,10076230207.0,236102460000.0,345372605383.0,6457424297.0,-479582807.0,2322754409.0,185.5315,26.1938,108.5687,60.131,6.2342,11.5151
2021-04-08,16926.44,11433061920.0,239495053000.0,389754113643.0,1113326398.0,981464746.0,4332407180.0,187.523,26.3553,109.3895,60.3691,5.8655,12.1971
2021-04-09,16854.1,12470868572.0,240178019000.0,448356490640.0,-4614873484.0,-590866740.0,-2036978152.0,184.5493,25.6855,107.2502,60.0205,5.7797,11.9473
2021-04-12,16859.7,12726711388.0,242958854000.0,428229811948.0,-7529123097.0,918809671.0,-1564421856.0,183.7686,26.2173,109.3516,58.6144,5.8159,11.7025
2021-04-13,16824.91,14488230447.0,242012027000.0,470716374538.0,-1752357794.0,-1624116124.0,-767973701.0,180.967,26.3968,112.2476,58.4901,5.8471,12.1705
2021-04-14,16865.97,14502431383.0,240764227000.0,490959159934.0,-1796076733.0,-592145411.0,-1661715690.0,179.3881,26.2191,113.4764,57.7227,5.6014,12.6102
2021-04-15,17076.73,10863449428.0,245359107000.0,366618182548.0,4310911780.0,-332762983.0,4142695632.0,181.203,25.9026,111.2178,57.9097,5.5743,12.5996
2021-04-16,17158.81,12256445639.0,247778385000.0,429729126167.0,6101316943.0,-212154283.0,1410448287.0,183.4887,25.8174,109.7404,56.7731,4.9823,13.3597
2021-04-19,17263.28,14601043744.0,253719982000.0,452050284185.0,6238221715.0,234886332.0,1009424171.0,184.3886,25.541,108.2783,55.4521,4.2634,12.7349
2021-04-20,17323.87,13070597456.0,254654899000.0,445059600378.0,-1586708361.0,-6155311.0,843109548.0,184.8324,25.7395,109.3834,56.3349,4.1676,12.5332
2021-04-21,17202.11,13297873536.0,259367710000.0,445082328295.0,-20261092034.0,-190301054.0,-5380184570.0,185.0195,26.1401,112.3761,55.5545,4.1922,12.6419
2021-04-22,17096.97,19621534392.0,255100041000.0,652388354692.0,2914215185.0,101338951.0,-5915455714.0,180.2381,25.9101,111.4777,55.5607,4.2098,11.9668
2021-04-23,17300.27,13214846853.0,259846969000.0,458836896575.0,19090429416.0,141125511.0,1936657519.0,182.2652,26.0801,110.6106,56.5515,4.2078,12.8362
2021-04-26,17572.29,13747195334.0,267790795000.0,473306158347.0,16016229585.0,-861521947.0,4826715486.0,185.5146,26.5225,114.5218,55.581,4.4535,13.0972
2021-04-27,17595.9,13557800383.0,268507291000.0,500589184172.0,3048711148.0,-1400362414.0,-1497523622.0,185.4052,26.6587,114.0579,55.2138,4.5863,12.475
2021-04-28,17567.53,14504677265.0,271712406000.0,511159458632.0,6004883202.0,-1166394950.0,1060492812.0,185.5102,26.6641,112.4517,55.1265,4.8336,12.9695
2021-04-29,17566.66,15169267881.0,274063216000.0,548020576976.0,-6300959733.0,-1862142313.0,236681002.0,184.635,26.7661,111.7327,54.1597,4.8466,12.9667
2021-05-03,17222.35,15458829318.0,269119473000.0,597794883393.0,-8169386416.0,-2406658800.0,-9225859442.0,178.5543,27.3611,118.812,52.8658,5.0011,12.1642
2021-05-04,16933.78,17675985171.0,260221949000.0,672307299603.0,88845109.0,-2073091682.0,-6093691909.0,171.8534,27.5574,119.5988,53.5403,4.6542,11.5964
2021-05-05,16843.44,12120844929.0,260231912000.0,464336586081.0,-13272002957.0,208771849.0,-4597000747.0,170.4443,27.5692,121.3621,52.3586,4.8589,11.4015
2021-05-06,16994.36,12771639742.0,259788424000.0,495957527574.0,-6915210329.0,1668278561.0,-1779983468.0,170.5193,27.3384,121.492,51.4776,5.0318,11.2155
2021-05-07,17285.0,12162298808.0,264298597000.0,459107262908.0,16062518916.0,891134033.0,6808203905.0,176.5695,28.5609,127.7662,52.6866,5.2721,11.7332
2021-05-10,17235.61,12944671351.0,270229503000.0,501395823033.0,-2494685377.0,1668546789.0,-28858218.0,176.41,28.7207,132.9939,51.8213,5.465,13.1714
2021-05-11,16583.13,17856079812.0,257587189000.0,725085815005.0,-42423134418.0,1518689796.0,-13792773069.0,167.7269,29.0122,139.2155,51.6207,5.7064,12.0763
2021-05-12,15902.37,20092847457.0,244639968000.0,782825325654.0,-12187251009.0,289943284.0,-6300577047.0,160.005,29.0431,138.6062,52.0671,5.057,10.4789
2021-05-13,15670.1,14638813250.0,236636884000.0,574583620061.0,-22669904448.0,866042117.0,-4114100036.0,158.3353,28.0824,128.9869,51.5141,4.7382,9.5582
2021-05-14,15827.09,12850841675.0,230817194000.0,516172195111.0,-13655889805.0,2492694055.0,-3611814695.0,157.7679,27.6138,120.8159,51.4252,5.0673,8.7034
2021-05-17,15353.89,13148568151.0,214595444000.0,485005511583.0,33417037041.0,1031082895.0,-1992720319.0,152.3002,27.3522,120.3122,51.5554,5.1775,7.4278
2021-05-18,16145.98,10897361218.0,216265090000.0,414681841825.0,22134308469.0,1287331670.0,6410833578.0,163.4397,27.8459,122.3102,51.5751,5.5001,7.6917
2021-05-19,16132.66,11332207849.0,218632614000.0,441800770596.0,-29381563048.0,2200732329.0,-599848420.0,166.5013,28.2438,126.6862,51.9084,6.0174,10.6189
2021-05-20,16042.36,10554659302.0,216571322000.0,477511317184.0,-17109308500.0,-1060272738.0,-3745962865.0,163.556,28.2019,125.9862,51.8343,6.2007,9.2134
2021-05-21,16302.06,10040039301.0,219988990000.0,433126615044.0,17446282338.0,-708158472.0,380537772.0,168.2622,28.8652,134.7098,52.4768,6.1599,9.0372
2021-05-24,16338.29,9718105906.0,222034058000.0,427979956789.0,-135904573.0,1711397844.0,1386619817.0,170.9772,28.6031,131.4898,52.8764,6.1491,11.8735
2021-05-25,16595.67,12484201870.0,222993954000.0,533420088944.0,-1184015725.0,1389845624.0,4494358290.0,172.5825,28.3966,127.1183,53.2523,6.0053,11.4807
2021-05-26,16643.69,9220132842.0,225719102000.0,429741819185.0,1950381083.0,260260184.0,2533245474.0,173.6033,29.0048,134.2366,53.7429,6.161,10.2757
2021-05-27,16601.61,10717817853.0,226935645000.0,540962044865.0,-12340267525.0,2579819393.0,-977334735.0,174.3023,28.7564,133.9702,53.7446,6.2275,10.8096
2021-05-28,16870.86,11695052336.0,233365365000.0,497689355312.0,18694643673.0,3977028394.0,3458315972.0,178.2205,29.8591,149.4788,54.6565,6.386,13.1144
2021-05-31,17068.43,12753627275.0,234047805000.0,540116552251.0,13131089638.0,-42111098.0,2892075206.0,179.4802,29.8858,147.3945,54.7304,6.2982,13.0358
2021-06-01,17162.38,10763106280.0,240126099000.0,465340816495.0,2022800862.0,744951234.0,1477758142.0,181.8027,31.2423,168.7949,55.9275,6.3714,13.5842
2021-06-02,17165.04,12360554399.0,240498196000.0,540773546829.0,-9446139673.0,-406619171.0,2304593901.0,179.9157,30.3383,159.6988,54.7604,6.1904,12.8626
2021-06-03,17246.16,11079030905.0,245958470000.0,493259637726.0,8149071626.0,766289683.0,3559682872.0,182.0394,31.236,171.9521,55.5899,6.163,13.4858
2021-06-04,17147.41,11138533398.0,246356191000.0,441296737750.0,-16649837346.0,-47528128.0,325503426.0,179.7561,31.2953,169.4451,55.7916,6.2205,14.2254
2021-06-07,17083.91,11588834485.0,245921177000.0,492716835988.0,-7821698380.0,1851078448.0,-1163846333.0,177.8511,30.2915,154.1894,55.2785,6.1028,13.8056
2021-06-08,17076.21,7966537057.0,247496957000.0,350719169118.0,-6174764978.0,1435640170.0,-690318761.0,178.4481,30.7502,163.9396,55.7753,6.1546,14.1571
2021-06-09,16966.22,8780835205.0,247956857000.0,402429683559.0,-14822988757.0,-230307715.0,-1289479341.0,177.0902,30.9435,168.8943,55.9112,6.3201,14.8619
2021-06-10,17159.22,9652249434.0,248038908000.0,415932224674.0,18303178018.0,-1844618426.0,1705170015.0,177.4058,30.2853,162.513,55.6587,6.1311,14.915
2021-06-11,17213.52,8846548429.0,251459915000.0,411621456882.0,10663066297.0,-101108925.0,-581766967.0,178.955,31.1152,181.2801,56.716,5.9396,15.9451
2021-06-15,17371.29,9141252150.0,256269364000.0,439624079174.0,14285546665.0,-1452510995.0,1720371648.0,182.7383,32.352,204.5381,58.1555,6.0826,16.7879
2021-06-16,17307.86,10878514793.0,253970327000.0,580861441132.0,-18181796580.0,-1163885615.0,2109354746.0,179.5812,31.5835,181.3234,57.5852,5.8233,15.1528
2021-06-17,17390.61,9302890692.0,260074832000.0,444979420555.0,-6714953398.0,833684740.0,609136362.0,182.7634,32.3263,188.1209,58.239,5.6208,15.3836
2021-06-18,17318.54,11033579000.0,262606750000.0,545884140021.0,-15813932136.0,-2483794747.0,-1104436032.0,182.661,32.4251,190.4835,58.8479,5.4293,15.4613
2021-06-21,17062.98,10773756856.0,263972139000.0,518016333894.0,-33278628535.0,-615203590.0,-4836755758.0,182.2143,33.1354,203.5217,59.7354,5.6852,14.5613
2021-06-22,17075.55,12102644747.0,264833958000.0,551361810852.0,-10788215856.0,278446152.0,-1225650901.0,181.6695,32.5223,196.6846,58.6551,5.7081,15.3684
2021-06-23,17336.71,11438705944.0,262707409000.0,529464867648.0,10955989945.0,-1626517922.0,14192734899.0,180.1161,30.8426,167.2132,57.6438,5.4652,14.2815
2021-06-24,17407.96,9578597906.0,269060717000.0,422449011773.0,4000769429.0,-25579039.0,3276003909.0,183.1442,31.7974,185.4107,58.4618,5.3595,15.0648
2021-06-25,17502.99,10145572704.0,272030069000.0,480630213844.0,8796583711.0,966946877.0,3762927904.0,184.5945,32.375,194.9697,59.1029,5.3522,16.271
2021-06-28,17590.97,10047162211.0,280289200000.0,444330817011.0,5375005044.0,-1752758533.0,1964662374.0,188.3966,33.7119,219.6605,59.488,5.3245,17.1609
2021-06-29,17598.19,11551535925.0,276613307000.0,598252284118.0,-14334288786.0,80105703.0,259668460.0,186.4014,33.2757,213.9655,58.4836,5.298,16.139
2021-06-30,17755.46,11204532038.0,286850018000.0,543789010439.0,20437547423.0,-121408502.0,2716192872.0,187.0736,35.1384,250.0152,60.1088,5.117,17.6089
2021-07-01,17713.94,13164999275.0,284114788000.0,647493784505.0,-17967550398.0,-1456468630.0,-3154722445.0,190.6152,35.4592,258.1599,59.8133,5.0042,18.9944
2021-07-02,17710.15,12310475214.0,289131431000.0,612921213267.0,-19989559906.0,-1846271487.0,-418607567.0,188.7607,34.6304,239.7908,59.5354,4.9115,19.5207
2021-07-05,17919.33,11327332607.0,298062239000.0,611238616290.0,11528688446.0,-1407666074.0,6428354630.0,190.3328,35.055,257.7547,60.1084,4.7466,19.1201
2021-07-06,17913.07,9990840713.0,298634866000.0,606747938022.0,119632366.0,-293440639.0,-3108530098.0,190.2042,35.6487,266.2371,60.5153,4.6382,18.6276
2021-07-07,17850.69,10361683400.0,295537905000.0,591569380638.0,-11685968917.0,-1321418440.0,-781001031.0,186.4137,34.3346,234.1336,60.023,4.5693,17.638
2021-07-08,17866.09,11812352329.0,299350679000.0,643334689243.0,-3814097184.0,-1397574883.0,-1068129041.0,188.1997,34.7077,232.7376,60.1682,4.5884,18.1216
2021-07-09,17661.48,9944657569.0,295462211000.0,550069517125.0,-41143943543.0,-514000087.0,-4712754834.0,182.4296,32.7681,198.5788,59.1057,4.3727,16.5803
2021-07-12,17814.33,10467277077.0,299252325000.0,558800417932.0,15466781595.0,-3038513804.0,2547479202.0,183.7969,32.4743,190.8539,59.3204,4.3556,16.0799
2021-07-13,17847.52,12997799056.0,293348324000.0,662806323123.0,23164457975.0,557783657.0,2141963292.0,178.2841,31.1595,170.9109,58.7081,4.3696,13.4948
2021-07-14,17845.75,10827135562.0,291249246000.0,577937259952.0,15311732728.0,-3224467900.0,-370748525.0,175.4041,30.0695,153.5987,58.3947,3.9857,12.3537
2021-07-15,18034.19,9106657916.0,296486929000.0,458476218781.0,16434357982.0,-1823549032.0,2092942318.0,180.7478,31.0344,166.216,59.4607,4.1077,13.5744
2021-07-16,17895.25,10282434712.0,295688780000.0,580246134358.0,-22544083711.0,-187401053.0,-4073484313.0,181.894,31.2766,172.69,59.4879,4.2188,14.0633
2021-07-19,17789.25,9411627681.0,299927555000.0,472301329060.0,-42404794526.0,-866027731.0,-1520773662.0,181.9529,31.3815,175.3894,59.3473,4.2471,13.837
2021-07-20,17528.74,9624045586.0,295615548000.0,474808644665.0,-25571806597.0,-1433341258.0,-8376758557.0,176.0758,30.8599,164.727,58.8848,3.9948,13.4274
2021-07-21,17458.79,10851632789.0,293773592000.0,620882769333.0,-15896528699.0,-2041842020.0,-2294839018.0,172.4749,29.9954,157.2984,59.0791,3.9842,14.5025
2021-07-22,17572.33,10160940522.0,294621287000.0,589121216805.0,35927560979.0,2109585181.0,624871750.0,173.6372,28.983,143.3466,59.2322,3.8477,14.9795
2021-07-23,17572.92,10052711098.0,296455441000.0,568510206187.0,2539243014.0,538820300.0,511138787.0,175.1152,29.7276,154.831,59.0354,3.7731,16.5131
2021-07-26,17403.56,9321989990.0,298020214000.0,462559790700.0,-17761293539.0,-566901565.0,-1988018451.0,173.8824,28.5221,138.0741,58.7852,3.7041,15.4233
2021-07-27,17269.87,9278098125.0,296570707000.0,509825382127.0,-3565491500.0,-958672948.0,-101503315.0,169.6737,28.1273,132.5169,58.4966,3.5674,15.2552
2021-07-28,17135.22,10441371210.0,289517961000.0,561406052298.0,-22015014415.0,-855242752.0,-599387092.0,167.3102,29.2317,146.2596,57.8463,3.4819,14.5205
2021-07-29,17402.81,8619629858.0,291602781000.0,474040327774.0,19137651716.0,1269628932.0,2103978383.0,173.0747,29.7572,153.7547,58.6669,4.1615,16.1605
2021-07-30,17247.41,9849934965.0,291466562000.0,545677057917.0,-17368927876.0,-97909733.0,-176592222.0,169.024,28.7451,140.7379,57.957,4.2396,15.7389
2021-08-02,17503.28,8433835543.0,291966515000.0,440189515085.0,24571426137.0,-799752081.0,3655957055.0,172.5966,29.0982,151.3639,58.4239,4.3288,16.5887
2021-08-03,17553.76,7297083331.0,292985833000.0,390300020287.0,939099728.0,-410884819.0,1007987263.0,173.138,29.1091,150.1171,58.576,4.3385,16.5543
2021-08-04,17623.89,8674006828.0,293619248000.0,379090333818.0,10619320741.0,-2802336606.0,2029122190.0,173.9984,29.6983,152.7816,58.6752,4.5633,16.2263
2021-08-05,17603.12,9310147655.0,293909481000.0,385923439915.0,4902550907.0,-1563302340.0,273249675.0,172.9215,29.8444,152.0717,58.8521,4.6788,14.3623
2021-08-06,17526.28,8507806575.0,293561681000.0,401257559286.0,-8542208839.0,-977927300.0,-2659822511.0,172.559,30.0468,155.4699,58.7633,4.5788,15.0826
2021-08-09,17485.15,7894068144.0,290197545000.0,352402466708.0,-7007743666.0,157311170.0,-2561933570.0,170.7577,30.691,163.3609,58.4135,4.6712,14.2672
2021-08-10,17323.64,7424101809.0,285274027000.0,352995785011.0,-6415486630.0,428470371.0,-3138034192.0,168.5177,30.386,160.7568,58.2182,4.6378,14.3936
2021-08-11,17227.18,8485348305.0,278085058000.0,392285506858.0,6549226618.0,-371214837.0,-2670255441.0,165.2382,30.087,154.5709,57.3801,4.8195,13.6823
2021-08-12,17219.94,6583768656.0,280174691000.0,322543314397.0,5144221487.0,1206072527.0,-1113432920.0,167.998,30.7846,163.3959,57.9482,4.9223,13.7815
2021-08-13,16982.11,8080387820.0,277783137000.0,386639052024.0,-23642154702.0,1856860381.0,-4505917365.0,163.9868,30.5659,161.2696,57.8014,4.9715,13.0046
2021-08-16,16858.77,7549787896.0,273298269000.0,336192844584.0,5147739728.0,-950941280.0,-4393208350.0,162.1073,30.6487,162.0003,57.8318,4.785,12.9674
2021-08-17,16661.36,6572397068.0,269314502000.0,299768629334.0,-8733907481.0,1393535523.0,-5815970202.0,158.6177,30.7622,161.1571,57.883,4.9031,12.279
2021-08-18,16826.27,8581086550.0,270077735000.0,424297841253.0,-2235426527.0,1016901113.0,1880230078.0,165.7284,32.0943,178.6685,59.1857,4.8322,14.4564
2021-08-19,16375.4,8740931351.0,267133785000.0,438390385364.0,-49688576679.0,1386558431.0,-5579889177.0,158.7283,31.7101,169.8225,58.5079,5.1145,13.2402
2021-08-20,16341.94,7563826027.0,265704696000.0,354803584641.0,-12994928051.0,2012472656.0,-2463703860.0,160.4536,31.8563,175.7645,58.8313,5.4116,13.7415
2021-08-23,16741.84,7336054319.0,270259633000.0,367661958976.0,14622052654.0,1836029840.0,2530271071.0,167.0157,33.034,193.2186,60.0598,5.3507,14.4677
2021-08-24,16818.73,8218076194.0,268544853000.0,418124482650.0,-11270348511.0,961498924.0,953491454.0,165.7587,31.8623,182.297,59.7069,5.5748,14.0174
2021-08-25,17045.86,7220691717.0,269299032000.0,364041511681.0,17107527667.0,730306277.0,1499642798.0,169.0682,32.38,187.7344,60.0584,5.1925,14.3479
2021-08-26,17066.96,7176067004.0,271668828000.0,377161165125.0,-15665754493.0,1110965800.0,-997409322.0,168.3537,32.454,187.1344,59.982,5.3313,14.1803
2021-08-27,17209.93,6876549054.0,269534976000.0,320002450972.0,18233069953.0,-884470954.0,5403631634.0,167.7874,32.1557,183.8658,59.5647,5.3001,13.9447
2021-08-30,17396.52,6286680713.0,269995592000.0,274916258264.0,21248387243.0,825212368.0,1913064462.0,168.4839,31.6545,179.3496,59.2421,5.3563,13.8063
2021-08-31,17490.29,7594890429.0,268234002000.0,345142070590.0,25050225709.0,40664734.0,1315969606.0,168.196,30.9594,171.5785,58.8094,5.4783,13.5695
2021-09-01,17473.99,7417302954.0,267554611000.0,365348125049.0,14474578490.0,-592776745.0,2994594001.0,168.1619,29.7811,155.5555,58.2626,5.3717,12.9866
2021-09-02,17319.76,7363528319.0,267304376000.0,354658918739.0,-2307414740.0,-856855569.0,-479857016.0,165.7634,29.9621,158.6953,58.6507,5.5683,13.3932
2021-09-03,17516.92,7417361078.0,268328004000.0,366252454304.0,32088019893.0,864496798.0,4293869034.0,165.9953,29.9834,155.7074,58.7778,5.7676,12.7281
2021-09-06,17495.3,8125514641.0,266960555000.0,380807908396.0,7666042064.0,-1252559575.0,-82113453.0,162.9886,29.5632,149.4806,58.1827,5.8239,11.2397
2021-09-07,17428.87,6809125095.0,265162531000.0,337806586675.0,6690800894.0,-1488392384.0,-2157689142.0,163.5307,30.4304,162.5858,58.2218,5.7116,12.0399
2021-09-08,17270.49,6716726562.0,262952042000.0,325685541312.0,-1072311064.0,-434523230.0,-7040585527.0,160.9007,30.8543,166.4058,58.2333,5.7926,12.2722
2021-09-09,17304.33,5177907252.0,263146821000.0,246914721428.0,-637610085.0,337589613.0,-506502410.0,162.6193,30.9373,166.5197,58.3197,5.9794,12.1803
2021-09-10,17474.57,5898868907.0,264265779000.0,268550691237.0,14973318520.0,457382200.0,2574826858.0,165.2957,31.2319,174.3219,58.5306,5.8093,12.7117
2021-09-13,17446.31,5932740401.0,264653896000.0,260743193791.0,-555252442.0,126195294.0,-800131751.0,164.8815,30.7937,170.1976,57.9665,5.8614,12.5228
2021-09-14,17434.9,5669147686.0,264274494000.0,261864808382.0,6542960194.0,751046520.0,-705347826.0,162.8049,30.0324,160.2469,57.4848,6.0997,12.1027
2021-09-15,17354.0,5732189159.0,264050373000.0,269826160399.0,1864531825.0,2327395581.0,-7811796436.0,162.1939,30.2246,161.6887,57.3829,6.3044,12.8283
2021-09-16,17278.7,5750136284.0,264266555000.0,242577208525.0,-4981326651.0,515936138.0,-2637048165.0,161.7032,30.0657,160.0618,57.4272,6.3991,12.8202
2021-09-17,17276.79,6567681323.0,264378901000.0,316458676884.0,1622490261.0,1208765871.0,556338234.0,163.8611,30.2475,162.6274,57.6622,6.4278,13.2882
2021-09-22,16925.82,7253281012.0,263579380000.0,298478639255.0,-35557987188.0,2108266684.0,-9344826463.0,160.1809,30.4589,164.0175,57.8671,5.9857,13.3279
2021-09-23,17078.22,5730646954.0,263626185000.0,253840587758.0,3591359479.0,-257635788.0,-774270544.0,161.8876,30.5608,164.8362,57.9075,6.2608,12.4631
2021-09-24,17260.19,6101942091.0,265237980000.0,278917064315.0,7909163814.0,134400279.0,856432834.0,164.3697,30.8403,171.7183,58.3063,6.3232,13.3262
2021-09-27,17313.77,6662794535.0,266204586000.0,300599358406.0,10780617291.0,1040909616.0,201985873.0,164.58,30.7848,170.5131,57.9556,6.2274,13.3968
2021-09-28,17181.44,5800849379.0,266685702000.0,259664385112.0,-13955318242.0,-402543864.0,-1041141508.0,162.1852,30.3432,163.8902,57.7502,6.0379,14.2388
2021-09-29,16855.46,7361396609.0,265575908000.0,328878394450.0,-35505467759.0,2919639897.0,-10692088096.0,158.792,30.4997,165.3016,57.3785,6.1062,13.0888
2021-09-30,16934.77,6340103760.0,266014824000.0,278193188293.0,-7887959035.0,2205296967.0,-804133590.0,161.0267,30.4232,165.6635,57.3272,6.2387,12.8764
2021-10-01,16570.89,7878762913.0,259424153000.0,345101126468.0,-39645844976.0,1806924254.0,-6901814605.0,154.5821,29.4618,150.285,56.4214,6.1416,11.4638
2021-10-04,16408.35,6696156574.0,253184985000.0,302750304469.0,-3111242903.0,1134979814.0,-2438752269.0,151.3638,28.7897,139.4542,55.4388,6.27,10.5701
2021-10-05,16460.75,6867850414.0,251601551000.0,332327847874.0,-16339704507.0,3120952876.0,631331330.0,154.5728,28.5363,136.1994,55.5423,6.2853,10.4519
2021-10-06,16393.16,6173594673.0,251252047000.0,290791563302.0,-23857806494.0,2315063250.0,-5071669866.0,152.2333,28.1802,131.1069,54.9434,6.4091,9.9876
2021-10-07,16713.86,6432919449.0,251040817000.0,298273960259.0,23803306526.0,999778460.0,3078168373.0,155.2766,28.6948,134.5134,54.8388,6.5831,9.9458
2021-10-08,16640.43,5898171231.0,251374377000.0,276720245431.0,-14567867980.0,1665636449.0,942964041.0,154.653,28.4177,131.7931,54.8524,6.6701,9.8169
2021-10-12,16462.84,5959453806.0,248810833000.0,284833460610.0,-16824017137.0,730527870.0,-1486338224.0,151.3638,27.2285,120.0538,53.9136,6.528,9.0479
2021-10-13,16347.99,5788989636.0,247276575000.0,260563813492.0,-8532395319.0,1056548556.0,-740164657.0,149.8166,27.705,123.6388,53.5607,6.6366,9.1337
2021-10-14,16387.28,5636197419.0,246508125000.0,258723949291.0,3429619917.0,966448100.0,-838086552.0,151.3221,28.4491,128.8293,54.0448,6.8214,9.4659
2021-10-15,16781.19,6030701348.0,246382510000.0,288086811486.0,27884645939.0,-487592380.0,2484633078.0,153.9588,28.0936,125.2255,54.0241,6.8531,9.0526
2021-10-18,16705.46,6285394264.0,245515713000.0,271910860388.0,3281854672.0,-509136977.0,254474812.0,155.5758,27.114,118.8461,54.1224,6.8409,8.459
2021-10-19,16900.67,6078970093.0,245744911000.0,269792045575.0,11074441768.0,1614875177.0,3859408774.0,157.6924,26.8752,117.486,54.3446,6.8114,8.1299
2021-10-20,16887.82,5748882403.0,246685086000.0,268221170745.0,-4987736311.0,1473549208.0,-1661825220.0,158.121,26.6498,115.4033,54.6402,6.8399,8.4075
2021-10-21,16889.51,6613118911.0,247999714000.0,311770657202.0,6866505613.0,-98505075.0,716607922.0,158.4195,26.6254,114.9713,54.8969,6.9845,9.1377
2021-10-22,16888.74,6145236779.0,248501531000.0,284588150553.0,-902358545.0,466033539.0,244906598.0,158.4119,26.4381,113.0131,55.056,6.6662,9.0371
2021-10-25,16894.24,5491700762.0,250016440000.0,269886794961.0,4706817748.0,-186040759.0,723139588.0,160.7653,26.7973,116.7597,55.5615,6.6409,9.3864
2021-10-26,17034.34,6680427106.0,251136823000.0,329075084846.0,6728540315.0,338629249.0,1185937953.0,160.7406,26.8754,119.991,55.8695,6.5938,9.592
2021-10-27,17074.55,5887097092.0,252932883000.0,285649371798.0,2463829997.0,176273735.0,615917997.0,162.3096,26.7563,118.6234,56.0909,6.3222,9.3351
2021-10-28,17041.63,6997433745.0,254117829000.0,318326306993.0,-7359073568.0,713286035.0,-807828114.0,163.0359,26.5331,117.0869,56.0469,6.2839,10.8064
2021-10-29,16987.41,7050932170.0,255433428000.0,354432458515.0,-11520750068.0,96048463.0,-177809579.0,164.0256,27.0871,122.8339,56.3424,6.1548,10.0169
2021-11-01,17068.24,7074664617.0,259445801000.0,329166591374.0,-3334094830.0,28816811.0,313772243.0,166.0786,26.9459,122.1054,56.7144,6.0991,10.4738
2021-11-02,17065.97,8341539119.0,260817958000.0,391225378727.0,1971219302.0,-457879161.0,-1339744948.0,164.7539,27.7478,130.4644,57.1675,5.9729,10.8341
2021-11-03,17122.16,7026797829.0,262291856000.0,331406173135.0,3891859292.0,-1958994408.0,615648534.0,167.039,28.2099,137.0721,57.3116,5.9968,11.223
2021-11-04,17078.86,6938569849.0,263063087000.0,312713452526.0,-7424231969.0,-555767440.0,166532958.0,166.0571,27.7536,132.5821,57.0015,5.9673,11.7282
2021-11-05,17296.9,7436689753.0,264349332000.0,328587696353.0,26574274844.0,506890930.0,1265455482.0,168.0285,28.1657,138.4381,57.119,6.0561,11.6777
2021-11-08,17415.3,8442817326.0,265615302000.0,381545151225.0,10619992829.0,873761698.0,1326450725.0,170.5439,28.9916,148.4272,57.434,6.0073,12.2868
2021-11-09,17541.36,8519578262.0,265737409000.0,399282001552.0,19459090002.0,651400939.0,369239097.0,171.1211,28.3136,142.9837,57.4755,5.9749,12.1578
2021-11-10,17559.65,8499487354.0,267944002000.0,355234868230.0,-74319425.0,987036108.0,533209554.0,170.7922,27.8458,139.6194,57.3582,6.0489,11.1934
2021-11-11,17452.52,9014096930.0,268334044000.0,404733032465.0,-7203502352.0,-262275552.0,-575325550.0,168.3722,26.7592,127.0154,56.8051,6.1594,11.3375
2021-11-12,17518.13,8143908825.0,268482316000.0,372989508119.0,7890873344.0,997880844.0,-482289880.0,169.3826,26.9634,128.5793,57.0478,6.1298,10.86
2021-11-15,17634.47,8179591603.0,270407102000.0,381614725160.0,5435850454.0,409390457.0,-5624892.0,170.7334,26.9327,127.8702,57.4175,6.0628,10.8917
2021-11-16,17693.13,8855573631.0,270660146000.0,382162729225.0,7490574255.0,2716836942.0,-1286088038.0,171.5231,27.6741,136.6335,58.0671,6.2805,11.5717
2021-11-17,17764.04,9046216805.0,274050553000.0,401301502216.0,-172202002.0,1288641960.0,-656506959.0,172.6287,27.2217,131.0466,58.2614,6.3951,12.1819
2021-11-18,17841.37,9921581700.0,274482717000.0,401078970596.0,10130076216.0,-1032929910.0,549396579.0,172.8171,27.6581,134.0825,58.1336,6.4187,12.2966
2021-11-19,17818.31,9158530889.0,275671826000.0,403035761830.0,7895652276.0,-875180626.0,-277598265.0,172.1309,27.6061,133.5741,58.1403,6.3899,12.1052
2021-11-22,17803.54,7432543242.0,275351060000.0,318624260489.0,962139190.0,-1723918241.0,639489345.0,173.2582,27.3626,133.1697,58.0319,6.3508,11.7857
2021-11-23,17666.12,7497815140.0,273648274000.0,317222155640.0,-12810269685.0,-484690874.0,-2913564062.0,170.8617,27.5682,134.8124,57.9519,6.219,12.3622
2021-11-24,17642.52,7355021373.0,275764603000.0,296118541408.0,446686134.0,-1206649611.0,1335556689.0,172.1229,27.5029,131.3813,58.0676,6.3614,12.0977
2021-11-25,17654.19,7075203746.0,277809171000.0,304987557129.0,-8264479851.0,-27058432.0,-278895114.0,171.9114,27.827,137.9973,58.4029,6.3511,12.4345
2021-11-26,17369.39,8639089532.0,273211949000.0,358071196196.0,-31006915587.0,-676614902.0,-6872242066.0,167.5408,27.4674,134.3624,58.0769,6.2065,12.321
2021-11-29,17328.09,7721871866.0,271492289000.0,320677127045.0,6065033372.0,61236769.0,-1745176129.0,167.9061,27.5664,136.6854,58.412,5.741,11.629
2021-11-30,17427.76,9057571836.0,273108202000.0,450911792155.0,-16683500914.0,665290643.0,-2308330549.0,170.5421,27.5432,136.5487,58.6722,5.7497,11.6933
2021-12-01,17585.99,7020888193.0,275384843000.0,301843336083.0,8433788899.0,104571864.0,1736049051.0,172.1346,27.8341,137.9841,59.0072,5.7602,12.1739
2021-12-02,17724.88,8097881183.0,276872544000.0,390513810598.0,12633317356.0,-429793326.0,-2767334049.0,171.7665,29.4403,156.0271,59.679,5.687,13.1369
2021-12-03,17697.14,7026605058.0,278462123000.0,331786096416.0,7531488909.0,1033523680.0,-331530534.0,173.3314,29.216,153.9519,59.5294,5.7517,12.9647
2021-12-06,17688.21,6532709180.0,279727169000.0,300518100950.0,-6243871848.0,-520714463.0,-872434254.0,174.8339,29.7493,160.2095,59.6974,5.7915,15.0767
2021-12-07,17796.92,8315524042.0,279918579000.0,379806852861.0,179032123.0,2088921020.0,-84831093.0,175.5579,30.0197,161.4179,59.6182,5.7401,13.1414
2021-12-08,17832.42,8204584864.0,278908956000.0,371800714616.0,16774472724.0,1209198877.0,1555903708.0,176.0376,29.5452,156.3539,59.4077,5.7639,12.856
2021-12-09,17914.12,7970542774.0,279547192000.0,324868672095.0,6146514456.0,84203554.0,2010976284.0,176.0616,29.899,157.9884,59.4234,5.8433,12.9111
2021-12-10,17826.26,6928227434.0,279481062000.0,287933999426.0,-3255086256.0,-20916242.0,-1144753681.0,174.134,29.6519,151.6195,59.138,5.8341,12.5266
2021-12-13,17767.6,7383940666.0,279030569000.0,289396059371.0,-5129724011.0,-236258060.0,-405064366.0,173.9809,29.0574,150.5112,58.6357,5.9249,12.8712
2021-12-14,17599.37,7685082538.0,274846778000.0,307919693192.0,-12729225589.0,2155697384.0,-4666056250.0,169.5953,28.3627,145.0545,57.9572,5.8128,12.5658
2021-12-15,17660.1,5816281415.0,276140551000.0,250553194815.0,-6180047843.0,2546666109.0,-2423609542.0,172.3767,28.6643,147.1061,58.1907,5.964,12.7823
2021-12-16,17785.74,7088215584.0,279146029000.0,315455659792.0,-2574432319.0,2369888131.0,2562533168.0,173.9959,28.6104,147.7154,58.5307,5.7711,12.6987
2021-12-17,17812.59,7822461683.0,278993538000.0,357244742799.0,3051751559.0,3743089379.0,-905042232.0,173.1093,28.5923,149.735,58.3243,5.7205,12.7867
2021-12-20,17669.11,6240711599.0,279528026000.0,264028749217.0,-19422857712.0,3214429355.0,-5058299646.0,172.3185,28.4653,147.7291,58.0574,5.7492,12.6306
2021-12-21,17789.27,6142255023.0,280371186000.0,262883709053.0,10562568056.0,3778587190.0,1148075205.0,174.1409,28.7436,150.6049,58.3678,5.6636,12.7879
2021-12-22,17826.83,6019281624.0,280962193000.0,254384435334.0,1769735850.0,1716736261.0,-755529122.0,174.2464,28.4956,148.3294,58.335,5.6231,12.6838
2021-12-23,17946.66,6360759478.0,281376657000.0,279384356286.0,18023345678.0,179519526.0,1539179156.0,174.9606,28.2757,146.444,58.1408,5.6475,14.3927
2021-12-24,17961.64,6294056910.0,281583023000.0,245556354406.0,8602179777.0,-562682262.0,942771745.0,174.5959,28.4482,147.0614,58.2143,5.5932,14.4432
2021-12-27,18048.94,6063084823.0,282330910000.0,239540561815.0,11087944102.0,-1333214317.0,1383125247.0,175.4549,28.3515,145.3703,58.2986,5.5776,14.4952
2021-12-28,18196.81,6288478886.0,281689753000.0,262918895970.0,21554772236.0,544942435.0,1727155365.0,176.0084,28.6633,149.8691,58.4317,5.566,14.6334
2021-12-29,18248.28,6188965895.0,281982192000.0,242588459993.0,13216267615.0,-133435768.0,867193813.0,176.097,28.5524,150.1311,58.1871,5.6521,12.9903
2021-12-30,18218.84,6394953311.0,282217824000.0,266748554985.0,2648088022.0,-879843958.0,281244601.0,175.8682,28.3013,146.3151,58.1168,5.141,12.8422
2022-01-03,18270.51,6970218977.0,282449509000.0,331140316855.0,15525625440.0,-120362327.0,1154520982.0,174.066,27.9685,143.0654,57.9042,5.0937,12.898
2022-01-04,18526.35,7298131167.0,283576842000.0,335569934282.0,25706979961.0,194971291.0,1683554665.0,174.8722,28.0826,144.0784,57.9978,5.0741,12.5496
2022-01-05,18499.96,7366467747.0,284347962000.0,343453096092.0,9353409563.0,379804134.0,-845071342.0,173.8737,28.4493,146.8714,57.8101,5.0261,12.4544
2022-01-06,18367.92,6401573567.0,284101376000.0,301053696034.0,-7393239902.0,-630795388.0,-3841698640.0,172.537,28.9214,151.9533,57.9378,5.0141,12.506
2022-01-07,18169.76,7595875305.0,281250557000.0,332827899637.0,-13242008187.0,4515754.0,-2278740339.0,169.5446,29.3073,155.5105,57.7809,4.9517,12.4536
2022-01-10,18239.38,5896254271.0,281034115000.0,275083813080.0,-5275802357.0,-316624152.0,-2503913805.0,169.5174,29.0569,150.0547,57.5018,4.9795,12.3185
2022-01-11,18288.21,7356526427.0,278684857000.0,309224506632.0,2228698810.0,852853116.0,-3371361996.0,167.2083,29.111,150.0957,57.2713,4.9082,12.0439
2022-01-12,18375.4,6746853029.0,277123972000.0,290149706287.0,12754129199.0,-1103015246.0,-1114258275.0,166.4134,28.6166,142.7237,56.7969,4.9271,10.7519
2022-01-13,18436.93,7130343237.0,276229676000.0,281622682970.0,17446630122.0,1974771514.0,-1126222558.0,165.7778,28.2604,138.2191,56.4053,4.8948,10.3807
2022-01-14,18403.33,7366761176.0,273761363000.0,338720078155.0,15278618915.0,2834343407.0,-7568409953.0,165.2622,28.6942,145.0123,56.8428,4.702,10.9025
2022-01-17,18525.44,5767298334.0,273724245000.0,265308719255.0,6462485971.0,488342526.0,-684156645.0,166.5535,28.1257,137.9923,56.8293,4.7226,10.4814
2022-01-18,18378.64,6014247602.0,272950210000.0,268216357147.0,-6864637705.0,1130207857.0,-3546041743.0,166.3965,28.1155,137.5209,56.7466,4.84,10.6227
2022-01-19,18227.46,6124785990.0,270452751000.0,261584591528.0,-1949823353.0,1655400835.0,-8975809188.0,164.6125,27.6381,132.2212,56.3694,5.0662,10.242
2022-01-20,18218.28,5557986887.0,270323618000.0,244016349143.0,-5583699691.0,-728906451.0,-1569207476.0,165.7701,27.5776,131.3313,56.3233,5.1695,10.4809
2022-01-21,17899.3,7191394082.0,266694022000.0,310956847126.0,-40035806905.0,3231268291.0,-8969745598.0,161.084,27.3665,128.5512,55.9677,5.0305,10.2297
2022-01-24,17989.04,6093291987.0,263350547000.0,267104994546.0,360470996.0,2088020096.0,-4753680030.0,160.9332,27.4143,128.4688,56.1637,4.9294,9.8884
2022-01-25,17701.12,6109603449.0,260593413000.0,274980347832.0,-47344752332.0,4313329812.0,-9842974410.0,157.3391,27.4999,127.8616,56.1474,4.7539,9.7201
2022-01-26,17674.4,4934894358.0,256445014000.0,230136214498.0,-15106669013.0,1732530481.0,-4759118312.0,157.7716,27.5338,128.5509,55.9133,4.5742,8.9444
2022-02-07,17900.3,6291542020.0,259031744000.0,314553557079.0,-6454351364.0,2379392065.0,-928235538.0,162.276,27.6668,131.919,56.0138,4.6557,9.2852
2022-02-08,17966.56,6885105405.0,261182820000.0,320965472429.0,-2537861585.0,4260829616.0,-1195159258.0,164.9215,27.8674,133.8273,56.4164,4.7879,9.4468
2022-02-09,18151.76,6861230590.0,261883380000.0,300999539199.0,10412379741.0,4431716480.0,3231142263.0,167.4515,27.6208,131.3837,56.3995,4.9704,9.7293
2022-02-10,18338.05,6512226740.0,263291737000.0,285487253888.0,9661390176.0,1327735250.0,-1633060342.0,167.8528,27.7018,133.37,56.6157,5.0938,9.847
2022-02-11,18310.94,6177798054.0,263509550000.0,265254586230.0,4422637461.0,1677444859.0,-1587524025.0,167.4415,27.4487,132.6109,56.8062,5.1882,9.9334
2022-02-14,17997.67,6357847000.0,263152721000.0,269927101363.0,-20674580962.0,2000016032.0,-5248578607.0,163.8158,27.5957,133.5552,56.9013,5.0638,9.9109
2022-02-15,17951.81,5884767890.0,263551169000.0,235991402130.0,-16236332088.0,1988983119.0,-3996747003.0,164.092,27.9245,134.9983,57.2688,5.2274,9.2923
2022-02-16,18231.47,6435603563.0,264034602000.0,272632973409.0,8468326377.0,2237384964.0,1004362775.0,166.7882,27.7922,133.6944,57.5049,5.3036,9.7989
2022-02-17,18268.57,7855456055.0,264774256000.0,309159952138.0,15661863466.0,2559229684.0,1912732939.0,166.942,28.0523,133.5515,57.5663,5.4981,9.3482
2022-02-18,18232.35,7574375828.0,267034642000.0,306718213795.0,6472462994.0,1193202133.0,1063982795.0,168.5711,28.6786,139.3151,58.282,5.4971,10.227
2022-02-21,18221.49,7499386043.0,269854700000.0,297586639594.0,-11217917125.0,2010069738.0,152632097.0,168.7833,28.865,143.8791,58.2452,5.2192,10.5327
2022-02-22,17969.29,8553650919.0,267507030000.0,342849518012.0,-38663878489.0,3951367350.0,-9391171898.0,162.3449,28.9191,144.2044,57.2623,5.0373,10.1033
2022-02-23,18055.73,6080359708.0,269379678000.0,272941985247.0,-12181416741.0,2087239200.0,-366621339.0,167.2647,28.9655,143.6092,58.2298,5.3212,9.9718
2022-02-24,17594.55,10101872744.0,264032727000.0,443017036752.0,-53447086521.0,5188638274.0,-12647612032.0,161.9329,28.8684,143.6099,57.9681,5.1266,9.8077
2022-02-25,17652.18,8104034354.0,266167981000.0,395177961155.0,-51029478256.0,2887495078.0,-2070567600.0,163.7409,29.0673,148.9086,58.2843,5.0891,10.1302
2022-03-01,17898.25,7643059536.0,266890791000.0,364567991097.0,6331902089.0,3604784535.0,5093159347.0,167.4355,29.487,156.4671,58.5539,5.0443,10.5643
2022-03-02,17867.6,6878544320.0,269009962000.0,297410694148.0,-19271587465.0,1426951943.0,2568531253.0,167.4912,29.4155,156.1767,58.5605,5.0176,10.9003
2022-03-03,17934.4,6753791910.0,271652022000.0,327993673403.0,-7452496667.0,1864132133.0,225367233.0,168.9757,30.1587,165.8066,59.1723,4.9815,11.712
2022-03-04,17736.52,7549139142.0,273849123000.0,398034883139.0,-43030083366.0,1729434909.0,-5048990436.0,167.3301,31.0948,175.6917,59.6364,4.8678,11.9605
2022-03-07,17178.69,10072752031.0,269033280000.0,470112276072.0,-82345503145.0,7641184489.0,-11808519698.0,160.8672,30.701,170.9649,58.9103,4.7205,11.1918
2022-03-08,16825.25,9902592043.0,262299095000.0,454207209313.0,-46119068234.0,4682772840.0,-12163752666.0,157.0564,30.1463,166.2085,58.3771,4.6307,10.8549
2022-03-09,17015.36,6970530466.0,264064412000.0,322828838148.0,-31818585620.0,2062370328.0,-2835661228.0,160.5239,30.9388,177.8081,59.0309,4.6884,11.3416
2022-03-10,17433.2,8032678502.0,263939892000.0,357185542764.0,1999855041.0,1803679529.0,2648744028.0,163.7085,30.9423,176.4547,59.2761,4.6123,11.38
2022-03-11,17264.74,5959633025.0,265609675000.0,268676922925.0,-22645330618.0,1996627151.0,-2208121067.0,163.3783,31.1433,182.8849,59.3296,4.5845,11.7279
2022-03-14,17263.04,6380283816.0,268267912000.0,295329764344.0,-14450140811.0,1590154553.0,300551958.0,164.5861,31.7889,189.9495,59.5218,4.5117,11.9027
2022-03-15,16926.06,7725450556.0,266035433000.0,381850659539.0,-53831032424.0,1665485125.0,-6691417776.0,159.8474,31.6327,186.9739,59.0495,4.1959,11.8724
2022-03-16,16940.83,8125398406.0,264097007000.0,406701564571.0,-14105046940.0,391646907.0,-3618892600.0,158.7735,30.6156,168.2613,58.4101,4.0973,10.8093
2022-03-17,17448.22,9772206524.0,264605301000.0,407797991428.0,44803054975.0,47907789.0,5170446094.0,164.3463,30.7277,169.2309,59.1889,3.9614,10.9849
2022-03-18,17456.52,7994590887.0,264108630000.0,368381760204.0,-1766314101.0,1952156646.0,-2583284165.0,163.8153,30.0625,158.6323,58.5623,3.5765,10.3759
2022-03-21,17560.36,6555265495.0,264625633000.0,268610282573.0,7432189453.0,381401716.0,-291903461.0,164.714,29.9093,157.7134,58.4137,3.3657,10.4978
2022-03-22,17559.71,5875045461.0,264490426000.0,239464691273.0,-354204030.0,1723064856.0,207599435.0,165.0188,29.4759,154.5319,58.0982,3.3797,10.504
2022-03-23,17731.37,6846491149.0,264802038000.0,287775292228.0,11269996110.0,237406677.0,3563496085.0,166.3535,29.4303,154.0699,58.0902,3.3271,10.6254
2022-03-24,17699.06,6502369399.0,266473625000.0,266226282183.0,-2924561316.0,-1808920142.0,42910006.0,165.66,28.9226,148.7813,57.575,2.9954,11.2757
2022-03-25,17676.95,6656846569.0,265405589000.0,291511554210.0,726925220.0,-223539500.0,-591522943.0,163.6662,28.2923,141.2196,57.1582,2.8507,10.4487
2022-03-28,17520.01,5889262027.0,265578378000.0,238643286783.0,-12592239372.0,-139532356.0,-920618027.0,163.268,28.4149,141.5869,57.3894,2.9999,10.0992
2022-03-29,17548.66,6005532559.0,266075724000.0,259259976709.0,-8311779544.0,1340263805.0,-244039276.0,163.6052,28.5762,143.8407,57.6348,2.9131,10.4193
2022-03-30,17740.56,6770950259.0,265892074000.0,307936925853.0,22027934508.0,2147817084.0,5634312830.0,164.7227,28.5719,144.5187,57.7133,2.7699,10.3444
2022-03-31,17693.47,5658103405.0,265833142000.0,231557562170.0,2468588367.0,507766390.0,-1064932246.0,163.6057,28.5625,144.889,57.6241,2.8283,10.2363
2022-04-01,17625.59,5719024589.0,265675623000.0,234596248071.0,-10781004405.0,966450630.0,-134363894.0,163.9978,28.6757,147.0315,57.6993,2.8982,10.3007
2022-04-06,17522.5,6830996225.0,267859193000.0,268247294980.0,-26939492104.0,1143633427.0,-909019997.0,162.6454,28.4048,143.6189,57.5714,2.9024,10.1612
2022-04-07,17178.63,8062131403.0,265467802000.0,322049901393.0,-44554541093.0,1867388479.0,-7196470795.0,158.0789,28.4116,142.5201,57.4496,2.7771,9.7008
2022-04-08,17284.54,6150051204.0,266191618000.0,251705818795.0,-11518644162.0,3101369353.0,-1954074621.0,160.5316,28.7839,146.569,57.5781,2.8413,9.9152
2022-04-11,17048.37,7826059899.0,264163019000.0,305785221974.0,-34042632524.0,1524919679.0,-8040147993.0,157.3336,29.005,149.1119,56.9987,2.692,9.85
2022-04-12,16990.91,6923672984.0,263375783000.0,280224193880.0,-10172870254.0,-44737545.0,-2897865346.0,156.9569,29.2063,149.408,57.1421,2.7648,9.5583
2022-04-13,17301.65,7050860527.0,264230977000.0,264526339971.0,10561658947.0,3139650641.0,1259455246.0,159.9538,29.7059,154.9551,57.5813,2.9951,9.7246
2022-04-14,17245.65,6990328545.0,264837707000.0,259318241977.0,-747935744.0,1565761896.0,-1120138906.0,160.005,29.3829,149.3374,57.2812,3.2748,9.5738
2022-04-15,17004.18,6948398350.0,264314252000.0,274202390467.0,-21216173706.0,1000901472.0,-4287138186.0,158.0736,29.6335,152.6529,57.1931,3.3486,10.0359
2022-04-18,16898.87,6433458145.0,263433781000.0,231659690232.0,-10412753466.0,2514187127.0,-4390823180.0,156.5685,29.2157,150.4456,56.8921,3.3578,9.7019
2022-04-19,16993.4,5818953983.0,263384134000.0,230102564252.0,2125026537.0,849494795.0,715406048.0,158.3271,29.4057,151.0581,56.9304,3.7046,9.8804
2022-04-20,17148.88,7477482250.0,264434627000.0,296813013097.0,2997719388.0,2352575161.0,-968167594.0,159.5229,29.3265,151.609,56.9856,3.8434,9.8592
2022-04-21,17127.95,6527037507.0,264441722000.0,249584280223.0,3426911270.0,3125173467.0,-596783655.0,160.1821,29.4403,150.7463,57.236,3.7466,9.8299
2022-04-22,17025.09,7020338233.0,264899731000.0,277475609813.0,-21183807214.0,1630802948.0,-2765765584.0,158.9988,29.5962,152.9362,57.1957,3.9071,9.9695
2022-04-25,16620.9,7818513217.0,259689943000.0,310208208018.0,-42196582686.0,504993014.0,-7150607126.0,153.6166,29.7172,153.0395,56.9564,3.7884,9.6552
2022-04-26,16644.79,6546679833.0,257398956000.0,261006936806.0,-14398723155.0,1099068700.0,-4928651393.0,153.2004,29.5582,153.6172,56.8305,3.9947,9.6166
2022-04-27,16303.35,7557844845.0,252837739000.0,306750174579.0,-21143566385.0,1250410817.0,-4591333340.0,152.2597,29.9473,158.9394,57.0568,4.0908,9.8157
2022-04-28,16419.38,6326127172.0,252966966000.0,262470845085.0,-15847665778.0,686193110.0,-467059541.0,153.2336,29.918,156.6536,57.1581,4.3609,9.6361
2022-04-29,16592.18,6283737847.0,251787563000.0,260402549129.0,6550797831.0,1045724665.0,-1518754276.0,155.3788,30.0633,158.7361,57.3896,4.4557,9.61
2022-05-03,16498.9,4688894949.0,251848012000.0,180830288964.0,441251717.0,1605653361.0,-1398772837.0,155.8428,30.1214,160.0704,57.4436,4.5654,9.8993
2022-05-04,16565.83,4754572731.0,252497809000.0,195351537180.0,-63893139.0,910758831.0,-328772442.0,157.1958,30.5683,166.0468,58.0303,4.5804,10.0401
2022-05-05,16696.12,6028615995.0,253143450000.0,257836488894.0,3833109000.0,3493336424.0,413821893.0,159.0367,30.5521,166.4572,58.2767,4.6727,10.318
2022-05-06,16408.2,6214594342.0,253016723000.0,250334664889.0,-23558081359.0,185560420.0,-4656785043.0,156.8559,30.8483,171.4579,58.4111,4.5871,11.129
2022-05-09,16048.92,6626190748.0,250126279000.0,247771305595.0,-21147641484.0,474474690.0,-5920813944.0,152.2771,30.907,167.2477,58.6047,4.6774,10.076
2022-05-10,16061.7,6855098499.0,248696514000.0,261492821867.0,-1610732552.0,220392318.0,1055184159.0,154.0999,30.9514,166.8968,58.9492,4.5628,10.0049
2022-05-11,16006.25,5626434601.0,248382067000.0,210767188819.0,-14954788094.0,139901353.0,-752201550.0,152.607,30.9739,167.0621,59.2066,4.7035,9.9921
2022-05-12,15616.68,7290113467.0,244115519000.0,263338772703.0,-10321407427.0,244994838.0,-5998067356.0,149.4587,30.667,165.7554,59.2947,5.0437,9.9
2022-05-13,15832.54,5956940781.0,243816019000.0,228191135638.0,2941357338.0,1011793425.0,3187290553.0,152.7227,30.7337,167.4704,59.5311,4.9949,10.0009
2022-05-16,15901.04,6376545319.0,242279780000.0,243191635358.0,-1713795252.0,1073954056.0,-865991980.0,152.2112,30.208,160.4462,59.1107,5.2026,9.6432
2022-05-17,16056.09,5579744656.0,241600907000.0,210065666502.0,-858260781.0,-335658679.0,1428714164.0,153.7152,29.8565,157.094,59.0017,5.4785,9.5219
2022-05-18,16296.86,6379939771.0,240843578000.0,238361860415.0,11190211056.0,1087389770.0,-3018043847.0,155.5281,29.8567,157.6715,58.7698,5.7739,9.6041
2022-05-19,16020.32,6370148170.0,241325531000.0,239386921419.0,-13622361464.0,-975187631.0,-2669152203.0,154.2336,29.7234,155.9627,58.7412,5.5692,9.5007
2022-05-20,16144.85,5309171723.0,241803166000.0,201551803413.0,7188685839.0,1671214567.0,235335087.0,154.8228,29.6371,155.3159,58.7676,5.66,9.4308
2022-05-23,16156.41,5618693099.0,242488788000.0,236072397902.0,2027499487.0,2659934905.0,-733943355.0,156.5333,30.2528,164.7524,59.245,5.4917,10.083
2022-05-24,15963.63,5299794424.0,242277778000.0,211490953582.0,-7833935851.0,1767192053.0,-3185813736.0,153.9519,30.2434,163.6032,58.912,5.6008,9.8731
2022-05-25,16104.03,5451206586.0,242997709000.0,215300370021.0,5060054657.0,-272819359.0,3467484303.0,156.0545,30.1244,162.703,58.9035,5.6986,10.0523
2022-05-26,15968.83,5589281151.0,243362307000.0,225307535826.0,-11850499630.0,-1449916582.0,-1367620645.0,154.617,29.934,160.5776,58.6618,5.6938,9.9145
2022-05-27,16266.22,5481897288.0,242664227000.0,222651374742.0,20334855701.0,13923691.0,3290294236.0,156.8158,29.9876,161.6069,58.7166,5.7871,9.9847
2022-05-30,16610.62,6285048430.0,241249354000.0,259481695514.0,27582387175.0,3078496037.0,3339253248.0,159.6139,29.5097,157.0146,58.5868,5.8743,9.9757
2022-05-31,16807.77,8275230747.0,240591083000.0,400356519572.0,23257740213.0,1368166313.0,-1022631570.0,159.9799,29.2618,153.9368,58.7226,6.0374,10.4033
2022-06-01,16675.09,5693916795.0,241873188000.0,258566786434.0,-10093241811.0,744415596.0,-818539710.0,160.6878,29.1763,152.8197,58.7138,5.9116,1.6261
2022-06-02,16552.57,4836099012.0,242845808000.0,218821056154.0,-8497223298.0,-1568226999.0,-372198887.0,159.8453,29.2472,152.269,58.7682,5.8478,1.6763
2022-06-06,16605.96,5418061163.0,242964895000.0,216767810514.0,-1883922242.0,1132522927.0,1857438657.0,159.9323,29.2822,153.1373,58.7654,5.9899,2.1161
2022-06-07,16512.88,4732466558.0,243261143000.0,191743164586.0,-15921612560.0,1656445518.0,2048035613.0,159.9253,29.2315,153.1412,58.786,6.0451,1.7795
2022-06-08,16670.51,4815479765.0,242754599000.0,211696660683.0,4399163647.0,628552677.0,3633221701.0,160.5673,29.3264,155.3185,58.8921,6.0696,1.93
2022-06-09,16621.34,4489281689.0,242714824000.0,197235401215.0,-9482947187.0,-157363812.0,874322673.0,159.8957,28.7534,147.6678,58.4809,6.1684,1.9337
2022-06-10,16460.12,4562608201.0,242197902000.0,189161795260.0,-18553237521.0,-995510805.0,1172841661.0,158.9208,28.5003,145.4285,58.0791,6.1118,2.0147
2022-06-13,16070.98,5886905413.0,241556677000.0,234700226886.0,-48034287106.0,620683669.0,-3015846225.0,154.3513,28.3122,141.4786,57.7972,6.0095,2.0167
2022-06-14,16047.37,5921513494.0,241574083000.0,229898231624.0,-23692289661.0,-1877162666.0,1793683646.0,154.3859,28.7365,145.6919,58.0229,5.8956,1.9531
2022-06-15,15999.25,5516815156.0,240486013000.0,227828144119.0,-19344655541.0,-276391490.0,6282474803.0,153.5705,28.4147,143.3155,57.6372,6.1331,1.9484
2022-06-16,15838.61,6526682108.0,235540080000.0,278764516154.0,926077743.0,503658259.0,-4591490644.0,149.8548,27.4971,131.7538,56.8975,6.3746,1.9654
2022-06-17,15641.26,7818365119.0,231698791000.0,315316144668.0,-17670385980.0,-3397544338.0,-3012461017.0,149.1213,27.5662,132.3791,56.7709,6.2745,1.5103
2022-06-20,15367.58,7296097304.0,222702330000.0,269820786451.0,-8132004245.0,428356130.0,-2484637699.0,144.9807,27.1034,126.1345,56.0525,6.2767,0.6175
2022-06-21,15728.64,6317170575.0,219229066000.0,241909464321.0,18079196119.0,143459672.0,8040560996.0,149.8256,26.4402,118.7597,55.558,6.2994,1.1979
2022-06-22,15347.75,7189114233.0,214114018000.0,283115262191.0,-22376306266.0,87471536.0,809747597.0,145.3335,25.8708,111.8733,54.4094,6.4137,1.1047
2022-06-23,15176.44,7126291967.0,210404758000.0,289513623575.0,-7695010529.0,-524545380.0,5964764529.0,144.794,24.9478,104.0023,53.8521,6.4045,1.1378
2022-06-24,15303.32,5948003761.0,209523532000.0,234995388483.0,-2839936207.0,2138267656.0,15422635314.0,147.168,24.8805,104.2599,53.7525,6.5751,1.1517
2022-06-27,15548.01,6404496208.0,209629086000.0,243621265774.0,8680656015.0,1018373500.0,4301979507.0,151.0252,25.0103,107.0559,54.2313,6.4642,0.9057
2022-06-28,15439.92,5846311464.0,209327189000.0,237078801054.0,-9976289763.0,1055842586.0,5642997045.0,149.4797,25.0903,105.4215,53.94,6.4906,0.884
2022-06-29,15240.13,5872889125.0,209726316000.0,248619186210.0,-5421040991.0,238503110.0,-8220258535.0,147.0978,24.8919,103.2913,53.681,6.6534,0.8126
2022-06-30,14825.73,6898867816.0,206725105000.0,265050305605.0,-21480972572.0,1730017194.0,-1855929990.0,143.5426,25.2058,104.4757,53.4167,6.8301,0.8577
2022-07-01,14343.08,7861837121.0,196445574000.0,308665002335.0,-11856549105.0,1419084643.0,4213799920.0,139.058,25.2449,104.9721,52.716,7.1823,0.3924
2022-07-04,14217.06,6167448274.0,193412424000.0,238191511144.0,-6241680488.0,2148241723.0,5944970552.0,140.6495,25.4089,105.524,52.6832,7.4408,0.4004
2022-07-05,14349.2,6676755962.0,193180359000.0,262237727002.0,-72568537.0,2001012578.0,4434418580.0,144.007,25.7702,108.4014,52.7643,7.4357,0.4088
2022-07-06,13985.51,6793881345.0,191054887000.0,250758305334.0,-7628018325.0,15961008.0,-3261126673.0,140.371,26.0587,110.4063,52.5252,7.4671,0.4026
2022-07-07,14336.27,6800402191.0,189771527000.0,260359618880.0,15988666986.0,2874122377.0,3126327885.0,144.8119,26.0627,110.7592,52.5525,7.1638,0.4202
2022-07-08,14464.53,6789256964.0,189954736000.0,260925588941.0,-3939868946.0,788725272.0,133915601.0,147.0288,26.0007,111.6426,52.7686,7.079,0.4254
2022-07-11,14340.53,4871146221.0,190305569000.0,175278139586.0,-3057621054.0,173490701.0,-1723259219.0,146.1697,25.9338,111.4758,52.6953,7.1956,0.4225
2022-07-12,13950.62,5639956155.0,188217854000.0,202693684476.0,-9679357448.0,491807964.0,-4768071731.0,141.3151,25.8357,110.1167,52.1406,7.4784,0.4047
2022-07-13,14324.68,6240209128.0,188486826000.0,225480595929.0,5790499212.0,1105722526.0,4364027576.0,145.1995,25.8966,109.6149,52.3966,7.4141,0.4043
2022-07-14,14438.52,5721487714.0,189160534000.0,212187428593.0,1094564800.0,1367583557.0,1531148785.0,147.7821,26.1683,112.973,52.8477,7.3076,0.3992
2022-07-15,14550.62,6094100181.0,190602949000.0,231695665364.0,-11170965878.0,2990687927.0,-269895331.0,148.5162,26.0262,111.8081,53.1061,7.2088,0.6831
2022-07-18,14719.64,5970251616.0,190943686000.0,229912658965.0,-471838920.0,2300391894.0,913341508.0,150.737,25.8916,110.7586,53.1958,7.2956,0.7215
2022-07-19,14694.08,5373185815.0,191618764000.0,199312047106.0,-2243730479.0,85205420.0,296848995.0,151.2903,25.8665,110.1143,53.1262,7.2657,0.7422
2022-07-20,14733.22,6463082377.0,191024002000.0,259238995676.0,-3447551622.0,1242576550.0,68053773.0,151.5221,25.7726,108.7478,53.2551,7.4783,0.4893
2022-07-21,14937.7,6132744354.0,190847336000.0,238836209104.0,11554084340.0,498356716.0,1571156622.0,154.3768,25.5307,108.008,53.4829,7.4801,0.4824
2022-07-22,14949.36,6457471200.0,191145679000.0,265624599587.0,-4022059252.0,890931939.0,-2296295017.0,154.1147,25.4534,107.7288,53.4073,7.4051,0.4586
2022-07-25,14936.33,4852828144.0,191585486000.0,185501283129.0,-1512843476.0,1289231123.0,-409952662.0,153.5698,25.0356,105.3169,52.9723,7.3149,0.4688
2022-07-26,14806.78,4795254868.0,191179256000.0,186890035657.0,-2675972255.0,1019737998.0,-2638843768.0,151.3119,25.1696,105.74,52.9618,7.5012,0.4591
2022-07-27,14921.59,4778872650.0,191169234000.0,187827260491.0,6320925907.0,118804335.0,-15898121.0,152.7656,25.2425,106.0739,53.2058,7.6541,0.4654
2022-07-28,14891.9,5458751096.0,192038817000.0,222604365000.0,-4020487236.0,2044381303.0,-527302722.0,151.2424,25.2737,105.7429,53.1804,8.1032,0.4852
2022-07-29,15000.07,5863987672.0,190881495000.0,227413747711.0,13565128683.0,1610758903.0,-553876068.0,152.7904,25.0721,104.625,53.2429,7.9935,0.7555
2022-08-01,14981.69,5028214637.0,191030394000.0,181641243076.0,-6713732401.0,2111549164.0,810508587.0,153.117,24.9704,104.2448,52.9631,8.0711,0.9689
2022-08-02,14747.23,6048011360.0,191188634000.0,219100619458.0,-19674553747.0,1346390865.0,-2134628699.0,150.0336,25.0346,105.1382,53.067,7.8878,0.4743
2022-08-03,14777.02,4784239317.0,190662760000.0,177701242578.0,-6159184954.0,1680992645.0,-1793790032.0,148.9685,25.1234,105.9435,53.0864,7.9248,0.4953
2022-08-04,14702.2,5235083128.0,190023702000.0,197658576530.0,-4165721951.0,1246506363.0,-1849033438.0,148.3449,25.1281,105.8978,53.3176,8.0723,0.7506
2022-08-05,15036.04,5642144158.0,189978040000.0,206698922021.0,24728086916.0,2412720830.0,2356112752.0,152.2819,25.0914,106.6088,53.3215,8.1565,0.8211
2022-08-08,15020.41,4871162120.0,190076960000.0,174539851146.0,-2375422320.0,2057631284.0,39293958.0,152.5058,24.9406,106.0497,53.2232,8.2681,0.8032
2022-08-09,15050.28,5285905624.0,190402068000.0,188075369701.0,-3948430082.0,1240294614.0,1502663327.0,152.9835,25.2031,108.4533,53.4045,8.526,0.8247
2022-08-10,14939.02,6351580307.0,192314868000.0,209040930935.0,-17561827576.0,1579548986.0,-2833077540.0,152.2234,25.0883,107.9434,53.131,8.4687,0.8406
2022-08-11,15197.85,6327836240.0,191062639000.0,223747576856.0,14044192498.0,1104669859.0,1573344553.0,153.8346,24.8403,105.4366,53.1019,8.3988,0.8368
2022-08-12,15288.97,5798097358.0,190697137000.0,209185909782.0,7293820930.0,814368483.0,1551239311.0,155.5135,24.4307,103.6964,53.1771,8.4625,0.8382
2022-08-15,15417.35,6430023322.0,190603369000.0,237881515296.0,-5052854588.0,4597977893.0,531256491.0,156.8953,24.0202,99.646,53.0637,8.4516,0.7467
2022-08-16,15420.57,5723526118.0,190229176000.0,211819495330.0,-5637068892.0,4112241985.0,-1792653626.0,156.3348,23.8328,98.088,52.7391,8.485,1.2089
2022-08-17,15465.45,5511618302.0,190980581000.0,218797904934.0,-1539264825.0,1088182467.0,-716920645.0,156.7931,23.7518,97.2999,52.515,8.5724,1.2336
2022-08-18,15396.76,5017166848.0,191769761000.0,200025136627.0,-7739112962.0,785024797.0,-747790081.0,157.3046,23.6771,96.7563,52.6737,8.387,1.1687
2022-08-19,15408.78,5696021842.0,192885043000.0,222637226800.0,-7298108131.0,1574665488.0,955827562.0,157.929,23.5705,96.0107,52.5296,8.2829,1.2437
2022-08-22,15245.14,5300680724.0,193054091000.0,204228865893.0,-15109396088.0,797677793.0,-689695053.0,155.9787,23.3188,93.9386,52.2188,8.2353,1.4507
2022-08-23,15095.89,4788776522.0,193774141000.0,174521668225.0,-16757080774.0,348929652.0,-2537908087.0,154.9006,23.2861,94.1287,52.219,8.2011,1.4239
2022-08-24,15069.19,4848535055.0,193820303000.0,181126640472.0,-10279965912.0,2258293514.0,-1698736668.0,154.7214,22.9143,92.107,51.8722,8.3988,1.481
2022-08-25,15200.04,4748331242.0,194090529000.0,172043571175.0,1670396795.0,2111957611.0,1565855750.0,156.7143,22.7446,91.1571,51.9415,8.402,1.3825
2022-08-26,15278.44,5721284529.0,193725901000.0,214654558938.0,3453748441.0,2058682769.0,1408815360.0,157.632,22.7839,90.4108,52.0055,8.4607,1.3939
2022-08-29,14926.19,6001146152.0,192898342000.0,212946977206.0,-24400814201.0,1055374037.0,-8200719222.0,153.5863,22.5235,88.6086,51.6938,8.2782,1.4005
2022-08-30,14953.63,5062809737.0,194135619000.0,186168125137.0,-18492733242.0,1500983956.0,-997043075.0,154.9153,22.2577,87.391,51.5817,8.2765,1.7317
2022-08-31,15095.44,5715463542.0,193955614000.0,217070227143.0,2735917358.0,336266419.0,2042738216.0,156.4706,22.2004,86.771,51.559,8.3178,2.1764
2022-09-01,14801.86,6173370782.0,195124063000.0,234979884982.0,-33228522460.0,579887810.0,-14897206377.0,153.5839,22.2003,87.1007,51.271,8.243,1.7018
2022-09-02,14673.04,5789890958.0,195241476000.0,236913332777.0,-14625216488.0,551801925.0,-3242335658.0,152.7681,21.7483,84.6794,50.9485,8.2614,1.5006
2022-09-05,14661.1,5148462165.0,193991758000.0,191313535300.0,-3047969360.0,663297355.0,-1840321974.0,150.8508,21.9084,85.3522,50.7324,8.398,1.5027
2022-09-06,14677.2,4786016687.0,192604634000.0,186990366438.0,-66672251.0,910399786.0,-1228986067.0,149.5261,22.1665,86.52,51.0364,8.4197,1.4911
2022-09-07,14410.05,5021621670.0,192284618000.0,185077426486.0,-17748323713.0,1583606983.0,-6640506255.0,142.7172,20.4888,78.9963,49.0546,8.4495,1.5968
2022-09-08,14583.42,4792925693.0,192296272000.0,178618310464.0,-2448732916.0,2132898905.0,321999640.0,145.0521,20.3232,78.5934,49.1403,8.6866,1.9227
2022-09-12,14807.43,5273607936.0,191781992000.0,189707675735.0,11212497572.0,1327214858.0,2186131577.0,147.3705,20.3002,78.224,49.203,8.5246,1.6097
2022-09-13,14894.41,4948246147.0,191402802000.0,185861620168.0,8483361132.0,1428437540.0,1396569963.0,147.6983,20.2911,77.424,49.0106,8.7068,1.6034
2022-09-14,14658.31,5005873430.0,192668070000.0,189631557982.0,-13529050693.0,-388506818.0,-4127513675.0,146.8893,20.2254,77.5179,48.8967,8.525,1.7447
2022-09-15,14670.04,4904217140.0,193431438000.0,182245846812.0,-5849077023.0,1465887139.0,-1292113669.0,146.9717,20.2478,77.5869,49.0298,8.5467,1.7616
2022-09-16,14561.76,6004067511.0,193925843000.0,235968920468.0,-17464518241.0,3048769760.0,-4816536902.0,145.8071,20.4165,78.1906,49.1417,8.533,1.7393
2022-09-19,14425.68,4312823515.0,192813997000.0,163194293806.0,-7194832345.0,1096897996.0,-1007300742.0,149.0833,21.3952,81.8865,50.7655,8.5816,1.6471
2022-09-20,14549.3,4376946392.0,192516612000.0,168877276945.0,3244212152.0,885819278.0,1083349717.0,150.279,21.4394,82.2741,50.8165,8.6547,1.6755
2022-09-21,14424.52,4943645073.0,192445009000.0,180031008616.0,-9254518300.0,173994397.0,-1671156606.0,149.1744,21.3965,82.2176,50.7445,8.584,1.6515
2022-09-22,14284.63,6073060851.0,192613079000.0,212557362009.0,-19552769223.0,2792016090.0,-3193658925.0,148.7293,21.1693,81.4223,50.6347,8.6197,1.681
2022-09-23,14118.38,5352098143.0,191583846000.0,202257979171.0,-14055223387.0,102558916.0,-2892966058.0,146.7405,21.3227,82.3936,50.6969,8.5616,1.6449
2022-09-26,13778.19,6582152007.0,184889118000.0,222253891150.0,-7845485859.0,2277923957.0,-3176098648.0,141.8591,21.374,82.557,50.2746,8.4811,1.3041
2022-09-27,13826.59,5433018614.0,184541425000.0,193449525812.0,-6341673639.0,1759970506.0,-188581708.0,144.1394,21.4236,83.2551,50.2488,8.5071,1.6053
2022-09-28,13466.07,6897646909.0,179729983000.0,229654567345.0,-11956934365.0,2043782625.0,-4101895306.0,138.8395,21.551,83.9526,49.6217,8.6611,1.3737
2022-09-29,13534.26,5747964165.0,179024025000.0,216530452988.0,-1388086271.0,1501317487.0,598591845.0,138.2992,21.7818,85.468,50.5385,9.007,1.3481
2022-09-30,13424.58,5966653443.0,177794031000.0,214648544794.0,-5884623882.0,1748254575.0,-310357452.0,139.6698,21.7213,85.6475,50.6122,8.8261,1.3597
2022-10-03,13300.48,4987388248.0,178045703000.0,170951847456.0,-9373315934.0,1241462287.0,-2089898983.0,139.471,21.8254,85.1266,50.7081,8.8,1.3629
2022-10-04,13576.52,5413002258.0,177739064000.0,183835556300.0,6173523554.0,1338117493.0,3429069766.0,143.4196,21.8108,85.6089,50.9996,8.961,1.4922
2022-10-05,13801.43,6462759274.0,176873002000.0,236337160194.0,4988143650.0,2079917511.0,2245851037.0,144.7948,21.7795,85.5122,51.0475,9.2566,1.5321
2022-10-06,13892.05,4677393095.0,176853569000.0,178163555885.0,12703047886.0,1215788973.0,-1258717505.0,146.0443,21.7396,85.4695,51.1909,9.3718,1.4931
2022-10-07,13702.28,4357709390.0,177495761000.0,165214232164.0,-9494749857.0,1203332639.0,-3635200795.0,144.5891,21.901,86.4972,51.4064,9.4295,1.4586
2022-10-11,13106.03,6460863974.0,176101935000.0,228892166286.0,-34163873995.0,1792934824.0,-6166453749.0,141.2866,21.8816,85.8589,50.1438,9.4187,1.6694
2022-10-12,13081.24,5210228811.0,175702561000.0,190128883800.0,-16640561343.0,671354020.0,-714310622.0,141.1653,21.8382,85.6231,49.8121,9.389,1.4011
2022-10-13,12810.73,6478076295.0,170337688000.0,215067508277.0,-9790029987.0,2301549882.0,-3172182538.0,137.0916,22.5866,89.4988,49.8518,9.6098,1.3912
2022-10-14,13128.12,6287512600.0,169501621000.0,212181809706.0,10350545808.0,-497598439.0,5815039235.0,142.4833,22.4915,88.2455,50.2296,9.236,1.4558
2022-10-17,12966.05,6425009264.0,169222006000.0,210302496370.0,-8767347976.0,-877751586.0,-445353182.0,141.9864,22.483,88.6107,50.3172,9.1374,1.4547
2022-10-18,13124.68,5468726077.0,169517149000.0,200519754140.0,-3685265253.0,-1937035962.0,3211538841.0,143.5141,22.3436,88.1927,50.237,9.1669,1.812
2022-10-19,12976.76,5000186939.0,169664840000.0,186636681749.0,-12171155412.0,1821598503.0,630271856.0,143.0355,22.5989,90.6276,50.297,9.2935,1.4764
2022-10-20,12946.1,6796733586.0,169779618000.0,242739823319.0,-12995676578.0,540037025.0,-1616059145.0,140.9394,23.0252,92.8927,49.9873,9.2773,1.4102
2022-10-21,12819.2,4618735707.0,169136477000.0,162412554184.0,-6237940782.0,925720277.0,-1279960475.0,139.1293,22.9852,91.4852,49.7369,9.365,1.0307
2022-10-24,12856.98,5107731268.0,168938958000.0,180359486515.0,-1407872208.0,1606834452.0,3814191940.0,140.4737,23.1101,92.4305,49.9753,9.4265,0.9973
2022-10-25,12666.12,5248243200.0,167883694000.0,193023237853.0,-10340778818.0,300781075.0,5926387110.0,139.0775,23.1805,92.2299,50.1156,9.4229,0.9222
2022-10-26,12729.05,4591945794.0,166897241000.0,176948184400.0,2760431147.0,-895328201.0,4175597482.0,138.7599,23.2386,92.5583,50.0822,9.4444,0.5915
2022-10-27,12926.37,5119538532.0,166357481000.0,177809071725.0,10431914741.0,716019666.0,239182411.0,142.1079,23.0026,91.4115,50.2863,9.2983,0.6701
2022-10-28,12788.42,4697989831.0,165925766000.0,177250583876.0,-11852174532.0,1807282996.0,-2327388416.0,139.6335,23.1695,92.4315,50.3777,9.2583,0.6526
2022-10-31,12949.75,4529501793.0,165317881000.0,172233116972.0,4567347297.0,1101797881.0,1842274119.0,143.1907,22.8421,90.7914,50.902,9.3393,0.65
2022-11-01,13037.21,4329893314.0,165337843000.0,157424369413.0,-995918137.0,322907113.0,2363156121.0,144.7455,22.531,89.1012,50.6613,9.4255,0.6864
2022-11-02,13100.17,4381658168.0,165071224000.0,157054824768.0,-519184625.0,1311405961.0,515398496.0,146.2536,22.5333,88.4547,50.7644,9.5067,0.6811
2022-11-03,12986.6,4684705913.0,165908630000.0,166722557318.0,-12632515714.0,2109175815.0,-1487271724.0,146.6166,22.3501,87.9867,50.8296,9.3843,1.0408
2022-11-04,13026.71,5249914853.0,166888609000.0,182037660877.0,-8794076367.0,299608573.0,662668134.0,148.1647,22.2004,87.7588,50.9191,9.3535,0.8311
2022-11-07,13223.73,6060917482.0,166176469000.0,207939141910.0,9198909804.0,933887205.0,518198546.0,150.039,22.138,87.0638,50.6952,9.6174,0.7988
2022-11-08,13347.76,6109681364.0,165607194000.0,225854797497.0,9000255037.0,1418664787.0,-847441360.0,150.4733,22.3216,87.0657,50.8577,9.5984,1.0926
2022-11-09,13638.81,6414308828.0,164523129000.0,242279436440.0,24156655648.0,1361009619.0,-2268885176.0,153.1148,22.2773,86.5008,50.9752,9.5761,0.7715
2022-11-10,13503.76,5126398341.0,165142511000.0,193698636734.0,-1692199286.0,78927779.0,-4403014896.0,152.0257,22.2051,86.7269,50.9999,9.4429,1.0771
2022-11-11,14007.56,8386262085.0,163366822000.0,340907871044.0,48836576079.0,3558758322.0,-3662221090.0,154.6766,22.2494,86.055,50.7892,9.3372,0.8872
2022-11-14,14174.9,7093934371.0,162495854000.0,277658935390.0,37588231147.0,192138058.0,-5049918579.0,156.6888,21.9855,84.3314,50.3728,9.4556,0.9031
2022-11-15,14546.31,7913371709.0,163015639000.0,303830734485.0,34799715143.0,1069738015.0,-6197555538.0,158.3544,22.526,87.4909,50.7099,9.5795,1.1358
2022-11-16,14537.35,6982139242.0,163257826000.0,286900306355.0,11580810289.0,960320705.0,-6672503113.0,158.2204,22.3184,86.3037,50.6607,9.4539,1.1704
2022-11-17,14535.23,5900998034.0,163979296000.0,243340088307.0,-3310610439.0,1226257836.0,1686448963.0,158.9126,22.0829,85.536,50.4786,9.3821,1.0746
2022-11-18,14504.99,5735383910.0,163816097000.0,239432879066.0,-2402721555.0,360640844.0,-2370532251.0,157.5348,21.9322,84.641,50.1817,9.4146,1.0325
2022-11-21,14449.39,4538087993.0,163892375000.0,179198449097.0,-1780103713.0,-435623589.0,-1919343160.0,156.9003,21.8517,84.3211,49.8955,9.5128,0.9175
2022-11-22,14542.2,4540344020.0,164157179000.0,192794292207.0,583783830.0,-931470880.0,-1079782234.0,156.7276,21.9904,85.2605,49.8588,9.5514,1.2191
2022-11-23,14608.54,4486340205.0,164344922000.0,190116049279.0,2121096031.0,509347832.0,-452472426.0,157.496,21.7887,84.6284,49.6698,9.5121,1.2192
2022-11-24,14784.0,5601547331.0,164282017000.0,221042345269.0,23318842879.0,1493754987.0,-394278238.0,159.8003,21.7371,83.6511,50.1679,9.4201,0.9398
2022-11-25,14778.51,5565055986.0,163925314000.0,240583986134.0,-83960750.0,1120776999.0,-5526003934.0,158.7991,21.8034,82.7626,49.9817,9.4905,0.9631
2022-11-28,14556.87,5256730098.0,165119440000.0,202234434984.0,-10780191172.0,-626407145.0,-4462709763.0,158.4262,21.7311,82.3604,49.8185,9.2827,0.9719
2022-11-29,14709.64,6002496941.0,165330932000.0,216213179785.0,8343219127.0,-991409765.0,1678263663.0,159.5192,21.6204,82.0272,49.7746,9.3924,1.2205
2022-11-30,14879.55,7413107432.0,165400997000.0,285404157066.0,20222513870.0,439556693.0,-3527971917.0,161.5684,21.4531,81.1996,49.5441,9.4033,1.0061
2022-12-01,15012.8,7511123218.0,166071709000.0,296286243410.0,15126390244.0,3652707396.0,-5733421650.0,162.786,21.6009,81.4135,49.6693,9.282,1.2589
2022-12-02,14970.68,5601577102.0,167705189000.0,227146810178.0,-56274356.0,650385600.0,-3671421227.0,163.4908,21.421,80.9929,49.5079,9.2091,1.2372
2022-12-05,14980.74,6107215551.0,168577934000.0,246151762401.0,783423625.0,2395156251.0,-2005909992.0,164.5702,21.1548,79.9583,49.25,9.2477,1.5361
2022-12-06,14728.88,6452710144.0,168402389000.0,249329308298.0,-13141497280.0,59856061.0,-4132067682.0,161.2879,21.2677,80.4751,49.0741,9.2186,1.5623
2022-12-07,14630.01,6813484879.0,167806192000.0,250578751782.0,-4072811387.0,-1707360994.0,-2577673930.0,158.6084,21.3802,81.0298,48.8868,9.2118,1.7002
2022-12-08,14553.04,5406640541.0,168780126000.0,183857857009.0,-9054295000.0,545849189.0,-1717917560.0,159.0924,21.1933,79.6858,48.7811,9.2118,1.4313
2022-12-09,14705.43,5485304299.0,168681849000.0,197445555934.0,6202943960.0,16514850.0,-1105129584.0,159.9099,21.1863,79.8447,48.8131,9.2288,1.7545
2022-12-12,14612.59,4583948318.0,169199616000.0,156933675410.0,-5976205896.0,-343950652.0,-1805831362.0,159.4197,21.1235,79.4626,48.8224,9.1245,1.7108
2022-12-13,14522.96,4995730697.0,169205573000.0,192965013996.0,-10248855336.0,337191415.0,-2324805722.0,158.6683,21.1554,79.4653,48.708,9.1712,1.6852
2022-12-14,14739.36,5425439738.0,168473804000.0,193245957755.0,14574007318.0,937289347.0,558902198.0,160.9046,21.1162,79.2,48.7581,9.1618,1.7081
2022-12-15,14734.13,5242285071.0,169138256000.0,195885001803.0,-1171030309.0,348871643.0,-1702523624.0,161.3413,21.0312,78.5947,48.7808,9.1775,1.7102
2022-12-16,14528.55,7782196095.0,169145664000.0,303102754966.0,-15639124490.0,-16973271.0,-6408511895.0,159.4646,21.3252,80.018,48.9902,9.1932,1.6842
2022-12-19,14433.32,5688846840.0,169562670000.0,210179975828.0,-13890998282.0,-733367397.0,-3754808063.0,158.1447,21.4886,80.7631,49.0787,9.0051,1.4303
2022-12-20,14170.03,7111544460.0,166715453000.0,267416823575.0,-10766915960.0,-454748708.0,-6662511420.0,153.8789,22.0211,82.7912,49.2154,9.0096,1.1076
2022-12-21,14234.4,5608140502.0,167486421000.0,224180282078.0,-2870568941.0,527298773.0,-3696391365.0,154.859,22.0389,83.1474,49.2389,9.0153,1.1086
2022-12-22,14442.94,5575432793.0,167608692000.0,214352643024.0,9348992824.0,591613319.0,-436163129.0,156.8814,22.0845,83.6373,49.5311,9.1668,1.1155
2022-12-23,14271.63,4245235909.0,167846786000.0,152610855623.0,-13236754677.0,2806395557.0,-2147867876.0,156.2769,22.1172,83.9147,49.3823,8.9951,1.105
2022-12-26,14285.13,3106471398.0,168213827000.0,113509673862.0,-4022269067.0,595039317.0,-1625474246.0,155.8376,21.9248,83.0736,48.9664,8.9818,1.1372
2022-12-27,14328.43,3659061689.0,168205983000.0,126379644515.0,3680650069.0,1174635780.0,-464482798.0,156.7017,21.8324,82.574,49.1303,8.9721,1.1498
2022-12-28,14173.1,4430499324.0,167367886000.0,165984570710.0,-11089648984.0,237817529.0,-4837292321.0,154.0505,21.9072,82.9462,48.8359,9.0219,0.9664
2022-12-29,14085.02,4180927034.0,167182755000.0,144398149842.0,-12249455402.0,1331677112.0,-303440214.0,154.1622,21.9926,83.7937,48.9467,8.9024,0.947
2022-12-30,14137.69,3496035561.0,166532123000.0,137452072148.0,-144762772.0,1206670217.0,827941617.0,154.5119,22.0063,83.8725,49.0164,8.9679,0.9238
2023-01-03,14224.12,4427323490.0,165795086000.0,151313914551.0,412753449.0,1387068313.0,918376920.0,156.2638,21.9464,84.1168,49.2249,8.9955,0.9665
2023-01-04,14199.13,4516111849.0,166079190000.0,163516306255.0,-5593871856.0,741922918.0,584006699.0,156.3676,21.8125,83.2006,48.9163,8.9453,0.9594
2023-01-05,14301.05,4699844946.0,165406880000.0,174293004472.0,1947576828.0,-523243762.0,-155287034.0,156.4954,21.6832,82.6638,49.0055,9.0617,0.9893
2023-01-06,14373.34,4361333262.0,164378023000.0,158229898850.0,9843315736.0,1023278203.0,1823899025.0,157.8632,21.7001,82.8598,49.1002,8.9757,1.1968
2023-01-09,14752.21,6095905623.0,162599873000.0,225930093643.0,36187610422.0,3381055341.0,3770699396.0,160.0926,21.6585,82.9965,49.4092,9.0185,0.976
2023-01-10,14802.96,4629202195.0,161019649000.0,180679951009.0,18581594474.0,1826311750.0,-275606215.0,159.9014,21.5653,82.5376,49.3589,9.0149,0.9894
2023-01-11,14751.44,3994253286.0,160324125000.0,161973645646.0,3539269655.0,906382497.0,1683770984.0,159.7371,21.5765,82.7832,49.3211,8.9772,0.974
2023-01-12,14731.64,3765175672.0,159222919000.0,151038374048.0,-198858.0,1758858719.0,706902104.0,159.0769,21.517,82.8228,48.9358,8.8208,0.9698
2023-01-13,14824.13,3918527159.0,156923871000.0,186944855973.0,30672006477.0,1469129867.0,2821009398.0,158.0884,21.3818,81.1067,48.8387,8.7937,0.995
2023-01-16,14927.01,3571501931.0,154233707000.0,154847876623.0,18748719045.0,175594159.0,2396231954.0,159.5064,21.1437,79.5724,48.4998,8.7728,1.0183
2023-01-17,14932.93,3360505369.0,151985060000.0,154048407753.0,11230780722.0,-4393502393.0,461711665.0,160.0573,21.1002,79.4483,48.4851,8.5952,1.0286
2023-01-30,15493.82,6919326963.0,151144020000.0,354872347181.0,72255686291.0,3089662921.0,7788310287.0,164.3732,20.9018,78.6757,48.4151,8.6591,1.0485
2023-01-31,15265.2,6170613029.0,152452742000.0,285632548365.0,2924378397.0,1205719053.0,1273196659.0,165.1186,20.8345,78.7022,48.2096,8.765,1.405
2023-02-01,15420.13,5598484282.0,153394532000.0,241783785117.0,10251580345.0,746596472.0,1153701170.0,166.9899,20.679,77.8327,48.3279,8.6991,1.4012
2023-02-02,15595.16,6557794283.0,153903696000.0,277985158311.0,22537808030.0,1479865970.0,-237377050.0,168.8325,20.4438,76.6412,48.5179,8.5993,1.4915
2023-02-03,15602.66,5360074173.0,154012577000.0,240943910436.0,11589157473.0,448728486.0,-1925908891.0,167.7138,20.4368,76.9153,48.4083,8.4674,1.4718
2023-02-06,15392.82,4662408191.0,155401329000.0,205885240507.0,-12562168445.0,268249054.0,-4154777733.0,166.4791,20.4347,76.8431,47.8114,8.5047,1.5113
2023-02-07,15400.91,4292987391.0,155973586000.0,190962345581.0,-3275494418.0,953322495.0,-444795574.0,166.9088,20.4052,77.1688,47.827,8.4382,1.9475
2023-02-08,15618.17,5255236522.0,156369230000.0,232183050519.0,16348121575.0,2065967286.0,1461725029.0,168.5936,20.1136,76.1554,47.8264,8.3859,2.3324
2023-02-09,15598.71,4366230752.0,157015335000.0,215138239819.0,-557331254.0,-496652559.0,-1050920239.0,168.1552,20.0887,76.1183,47.809,8.4014,2.0128
2023-02-10,15586.65,4597233445.0,156892061000.0,213331678066.0,-156467243.0,619674654.0,-3996048399.0,166.0945,20.2026,76.9598,47.7182,8.2239,1.9612
2023-02-13,15544.28,4154146369.0,157068974000.0,178950783003.0,-5478045888.0,353396155.0,-2682345220.0,165.3581,20.1216,76.7306,47.679,8.2418,1.9719
2023-02-14,15654.48,4217899246.0,157740368000.0,181701883005.0,8729488059.0,1558182362.0,-825411738.0,166.5925,20.255,77.8496,47.8898,8.19,2.0021
2023-02-15,15432.89,5089910940.0,157289591000.0,226929299535.0,-8172886465.0,-944340621.0,-1668864302.0,166.5479,19.9228,75.2089,47.4072,8.1762,1.9699
2023-02-16,15550.5,5618302865.0,157707773000.0,234074935730.0,7275587016.0,2043270789.0,1616410600.0,168.9537,19.6226,74.3815,47.461,8.1657,2.4136
2023-02-17,15479.7,5043332541.0,159233826000.0,214221196847.0,-11677652248.0,980266419.0,-1535514714.0,168.6817,19.4839,73.9593,47.544,8.0261,2.8771
2023-02-20,15551.23,5273643090.0,160585339000.0,211408695095.0,-2360046043.0,983207476.0,-589423527.0,170.3032,19.3096,73.1985,47.334,7.9275,3.0727
2023-02-21,15563.0,5253377692.0,161425942000.0,224395036084.0,-244156306.0,1303600662.0,-159760015.0,171.2865,19.5664,74.0772,47.7833,7.8696,3.0538
2023-02-22,15418.77,5402433333.0,161890090000.0,243905148510.0,-12208336844.0,1028647338.0,-5956075802.0,168.9926,19.6441,73.9773,47.6675,7.7427,3.0991
2023-02-23,15615.41,5872036535.0,162189609000.0,252651517077.0,13595209322.0,16979768.0,1056719910.0,171.583,19.4919,73.6013,47.8287,7.6413,3.1434
2023-02-24,15503.79,5901107634.0,162343219000.0,294344441526.0,-8059712686.0,1229464894.0,-2042918327.0,169.883,19.7179,74.3546,48.1171,7.5807,3.1257
2023-03-01,15598.49,5674842792.0,162501274000.0,260757683562.0,-3660028351.0,1484511205.0,-2683949861.0,170.1568,19.8352,74.3016,48.3423,7.5517,2.748
2023-03-02,15598.72,4940073826.0,163582615000.0,216854554375.0,-3804797917.0,3031377110.0,-1754651299.0,170.6396,19.9526,74.4542,48.5064,7.4202,2.7787
2023-03-03,15608.42,5370269940.0,164044928000.0,240195648678.0,-2119736144.0,2828319549.0,65710633.0,170.9029,20.1254,76.1024,48.4305,7.3072,2.6693
2023-03-06,15763.51,6090623509.0,165129131000.0,246927680489.0,8455801284.0,2050952708.0,5138545597.0,173.0647,19.9914,75.3826,48.4809,7.2572,2.6816
2023-03-07,15857.89,5513326782.0,165701829000.0,234725340410.0,3907841845.0,3425658364.0,1854130989.0,173.2863,19.7701,74.2509,48.1407,7.0829,2.6825
2023-03-08,15818.2,6050588440.0,166976131000.0,260812623345.0,-15745561950.0,896586521.0,990683454.0,173.1532,19.8248,74.0319,48.1729,7.0196,2.9435
2023-03-09,15770.66,5887831080.0,168703974000.0,257631788956.0,-12621071308.0,1236357851.0,-1150287396.0,172.4325,19.9913,75.4541,48.4641,6.7679,2.8203
2023-03-10,15526.2,7209043680.0,167185992000.0,294486776396.0,-20835777768.0,1830827937.0,-10130056457.0,168.8084,20.4131,77.3769,48.5279,6.5733,2.7488
2023-03-13,15560.49,6154789373.0,168040186000.0,243125688809.0,4314969692.0,2331668382.0,-4823254037.0,168.9764,21.4396,84.6173,49.3384,6.3117,2.5924
2023-03-14,15360.42,6129081899.0,168588779000.0,241050507673.0,-28453254186.0,2710357526.0,-6011916856.0,166.904,21.4582,86.1475,49.3664,6.369,2.6626
2023-03-15,15387.59,5636769493.0,168604706000.0,246897386300.0,-7035230534.0,2815666856.0,-4837455130.0,167.4697,21.0368,82.1797,49.2613,6.1651,2.6987
2023-03-16,15221.12,6688306793.0,167477116000.0,245794651008.0,-12187352616.0,1396972642.0,-4803107139.0,165.2293,20.813,80.4851,49.3074,6.1485,2.3133
2023-03-17,15452.96,6140104245.0,168024695000.0,269155225004.0,10909403811.0,2586915595.0,-955228715.0,167.9878,20.9061,80.1546,49.2098,5.6794,2.4513
2023-03-20,15419.97,4966795148.0,168686535000.0,192917670342.0,-4783457388.0,3341479379.0,-1636342476.0,168.7854,20.6916,78.9546,49.1166,5.1322,2.5572
2023-03-21,15513.45,5007468878.0,169924888000.0,222379681664.0,-2882772641.0,1975777891.0,267174739.0,169.3783,20.5701,77.9837,49.0485,4.9569,2.9441
2023-03-22,15760.46,5527343651.0,170035290000.0,247162529039.0,26259452129.0,202345795.0,1152315200.0,170.5349,20.2556,76.6472,49.0581,4.68,3.9155
2023-03-23,15863.95,5396335847.0,170477406000.0,233964010604.0,16954026781.0,888345565.0,1065503436.0,170.9596,19.9206,74.8429,48.9301,4.2731,4.125
2023-03-24,15914.7,5594716641.0,170889970000.0,263128902379.0,11298150717.0,2859119559.0,1718132970.0,171.1509,19.7568,74.486,48.8967,3.6999,3.7903
2023-03-27,15830.31,5112209887.0,171615852000.0,215672080122.0,-357633725.0,-177007879.0,-1250802499.0,170.5108,19.5887,73.5678,48.6218,3.4704,3.0477
2023-03-28,15701.48,4785305051.0,170553917000.0,214813971387.0,-2069858937.0,21464290.0,-2111685494.0,167.8524,19.7623,74.2094,48.5925,3.2205,2.9602
2023-03-29,15769.76,4465210723.0,170017261000.0,197648503536.0,9827225574.0,-494572941.0,-550466061.0,168.0376,19.5572,72.9024,48.3004,3.106,2.8237
2023-03-30,15849.43,4344704903.0,170232677000.0,188556338831.0,10557248478.0,-158647948.0,2792955705.0,169.0724,19.3146,71.503,48.3335,3.2356,3.4237
2023-03-31,15868.06,4855726961.0,169254916000.0,203560193828.0,11917312785.0,744833553.0,3471354990.0,169.9482,19.129,70.7539,48.2744,3.2959,3.6413
2023-04-06,15810.77,5051314360.0,170123560000.0,210592889164.0,-6320234322.0,-355543004.0,1020120933.0,169.9017,18.9323,69.8091,48.0431,3.0929,4.0287
2023-04-07,15836.5,4238950724.0,170868430000.0,179334434395.0,1258223414.0,-46729322.0,1272684415.0,170.6898,18.9952,70.3477,48.2142,2.9779,3.6371
2023-04-10,15876.17,4356302816.0,171833782000.0,182069316318.0,679840372.0,-82362185.0,1014962446.0,171.8743,18.9579,69.9203,48.209,2.8268,3.6561
2023-04-11,15913.88,5018999401.0,172043043000.0,221209529081.0,8232335340.0,-656736877.0,1836318064.0,172.2486,18.8643,69.4705,48.2362,2.8427,3.7001
2023-04-12,15932.97,5435877093.0,173033671000.0,233016964590.0,5380523928.0,61505143.0,539302084.0,173.1052,18.5696,68.4159,47.911,2.9505,3.8051
2023-04-13,15804.76,6279791853.0,173733126000.0,258855087360.0,-8854219270.0,-576414220.0,-3231207735.0,171.3965,18.515,67.8842,47.7034,3.0633,3.9475
2023-04-14,15929.43,6048915513.0,174432026000.0,256224752120.0,14911862039.0,-784254771.0,545372872.0,172.776,18.3043,67.3503,47.682,3.099,4.5598
2023-04-17,15963.55,5899214485.0,175517433000.0,250494290678.0,-925886229.0,295830665.0,568887792.0,173.7939,17.9789,65.867,47.593,3.337,4.8523
2023-04-18,15869.44,5778934779.0,175939894000.0,258416906024.0,-8723466483.0,-773030968.0,-1422145425.0,171.9982,17.9942,65.3613,47.5482,3.3205,3.7296
2023-04-19,15770.47,5795511518.0,177058053000.0,257108959730.0,-10348122756.0,-1562638645.0,212991632.0,171.1221,17.8397,64.7764,47.2571,3.3499,3.366
2023-04-20,15707.52,5539416314.0,177045206000.0,236821367067.0,-9232812400.0,-1034349157.0,-2581245089.0,168.7253,18.0725,65.5944,47.2863,3.2747,2.7866
2023-04-21,15602.99,6056927656.0,174626865000.0,258003849147.0,-1071465203.0,68242673.0,-4055025522.0,165.4909,18.2409,65.9356,47.2692,3.2022,2.9737
2023-04-24,15626.87,4628032933.0,174861224000.0,179288121765.0,-90806235.0,556234940.0,-2759598175.0,166.8282,18.0674,65.1565,47.0332,3.3883,2.9521
2023-04-25,15370.73,6476866517.0,172743051000.0,274034722333.0,-20292384758.0,-178194039.0,-5377512147.0,162.6497,18.1858,65.594,46.7954,3.4309,1.7626
2023-04-26,15374.63,5308551151.0,172945235000.0,219561187803.0,-5506528776.0,333621585.0,5444751701.0,163.2367,18.206,65.3422,46.6033,3.5996,1.755
2023-04-27,15411.49,5020367566.0,174212219000.0,206815935637.0,-12837349429.0,1705758399.0,-1001278431.0,164.15,18.3522,66.0595,46.6476,3.7935,1.7584
2023-04-28,15579.18,5582127015.0,174268398000.0,231665865745.0,601440581.0,2149395169.0,1371630561.0,166.416,18.3153,66.1442,46.6838,3.8106,1.7953
2023-05-02,15636.48,5567907850.0,175409740000.0,229703303265.0,3555587793.0,1027600394.0,2310512297.0,168.4137,18.1363,65.2661,46.081,3.8466,2.2457
2023-05-03,15553.41,5092780782.0,176572633000.0,204598022457.0,-9119514784.0,635643952.0,-2841254379.0,166.7576,18.1602,65.2838,46.0519,4.0229,2.3674
2023-05-04,15609.03,4891203798.0,177498527000.0,203891115340.0,-3236738765.0,1839522793.0,91152969.0,167.3159,18.0578,64.6549,45.7473,4.4897,2.6449
2023-05-05,15626.07,4586675767.0,177553011000.0,183484040605.0,-533083011.0,511882305.0,-693530628.0,167.5321,18.1873,65.0242,45.8193,4.3491,2.6515
2023-05-08,15699.57,5395345652.0,177956514000.0,217239965521.0,5891742400.0,1334518432.0,1031474725.0,167.8552,18.0148,64.7646,45.6784,4.3044,2.6768
2023-05-09,15727.7,5192657410.0,176106512000.0,213983035634.0,4918827370.0,553905874.0,439614347.0,166.1726,18.3106,65.5676,45.9534,4.3237,2.5818
2023-05-10,15641.76,4625505032.0,176363252000.0,199414024263.0,-5811759270.0,1225242341.0,-2860250006.0,166.4772,18.2387,65.522,45.9839,4.2654,2.8822
2023-05-11,15514.64,4873012046.0,174695540000.0,202939560208.0,-7041029414.0,756507281.0,-1852534830.0,163.3032,18.5885,67.3908,46.5007,4.318,2.6225
2023-05-12,15502.36,5132689368.0,174637696000.0,223003456708.0,-5682161726.0,1088861100.0,637298568.0,165.3951,18.4931,67.1988,46.4423,4.4432,2.4392
2023-05-15,15475.05,4742994471.0,175426860000.0,192330290613.0,-9874018705.0,1873174348.0,-928414987.0,164.1783,18.5367,67.6477,46.315,4.4817,2.4025
2023-05-16,15673.9,5084407032.0,175530331000.0,216174004730.0,9198238179.0,-522449856.0,9362853888.0,165.8914,18.5948,67.5106,46.3404,4.5258,3.105
2023-05-17,15925.29,6161177093.0,175803861000.0,264373895121.0,16660284237.0,-178178873.0,23338359476.0,167.9112,18.3459,66.7185,46.0555,4.5564,2.3201
2023-05-18,16101.88,6611031905.0,176435429000.0,293270176702.0,29583473345.0,-336967560.0,12771966917.0,169.5452,17.9722,65.7764,45.79,4.6332,2.1897
2023-05-19,16174.92,7207535487.0,176252821000.0,330509192668.0,32322017918.0,798535073.0,5096829353.0,170.163,18.1498,66.5939,45.9357,4.6447,2.0515
2023-05-22,16180.89,5888637770.0,178221222000.0,250312225391.0,7058110662.0,-841621016.0,1039095232.0,170.9858,18.3571,66.5379,46.0991,4.6052,2.1682
2023-05-23,16188.03,5513115177.0,178941035000.0,241578323026.0,6143696745.0,-857768534.0,2391160466.0,171.3696,18.0486,66.0803,45.8729,4.6174,3.5926
2023-05-24,16159.32,5415815649.0,179734883000.0,229972732434.0,-4628212142.0,113039291.0,2577173373.0,171.2482,17.9922,65.9877,46.04,4.6662,3.3438
2023-05-25,16292.0,6619735654.0,179583774000.0,338545208228.0,21696562898.0,2558919612.0,2643674651.0,171.3459,18.1651,67.0262,46.1031,4.626,2.7835
2023-05-26,16505.05,7255266158.0,178776776000.0,385275751060.0,43274113577.0,344861060.0,2317804801.0,170.9409,18.3542,67.2536,46.1406,4.4287,2.7917
2023-05-29,16636.3,7191495175.0,180325169000.0,346099332381.0,27569687545.0,-176109028.0,4730440328.0,173.7955,18.4706,67.6656,46.2091,4.4191,3.0707
2023-05-30,16622.74,6482103954.0,181451800000.0,318391362900.0,8409633548.0,-578310617.0,-16790539.0,172.6754,18.0284,66.5426,46.0486,4.3238,2.7136
2023-05-31,16578.96,7887933754.0,182543864000.0,423160617614.0,5826012422.0,-1684696310.0,3658455235.0,173.1154,17.9345,65.7237,45.7536,4.4846,3.013
2023-06-01,16512.65,6519472179.0,184106790000.0,279793114248.0,-3800557237.0,29713490.0,1059904475.0,173.9554,18.0167,66.1908,45.7397,4.4861,3.0457
2023-06-02,16706.91,7956094170.0,184274470000.0,366573876754.0,18286337228.0,1683916232.0,3098530865.0,174.6563,17.9612,65.1815,45.4935,4.4361,2.1806
2023-06-05,16714.43,7901788194.0,185294084000.0,303902712143.0,951256051.0,473320592.0,2606393971.0,175.3091,17.6237,64.0541,45.1371,4.4298,2.2955
2023-06-06,16761.66,6563012760.0,184977626000.0,276243948658.0,2296499592.0,1419263650.0,-999892173.0,174.3651,17.6744,64.2637,44.8654,4.4625,2.2753
2023-06-07,16922.48,6570149782.0,186045144000.0,296025705805.0,12566402371.0,857862088.0,2307175866.0,175.3209,17.4258,63.5953,45.0936,4.4902,2.2681
2023-06-08,16733.69,6632985793.0,186118893000.0,308579723523.0,-16692279856.0,3931921488.0,-2215296893.0,172.9897,17.2864,62.7807,44.8225,4.4537,2.0947
2023-06-09,16886.4,6166466587.0,187183967000.0,291329454423.0,6866632916.0,2122583594.0,2436388277.0,174.7278,17.2149,62.4866,45.4243,4.4264,2.0726
2023-06-12,16955.37,6805620207.0,186973589000.0,303089356032.0,9231159159.0,1879317045.0,-1675544384.0,174.2311,17.4219,63.1914,45.8205,4.308,2.0427
2023-06-13,17216.6,7487726686.0,187261344000.0,358492422024.0,37737815934.0,1000228663.0,5165191699.0,176.2441,17.5437,64.0451,46.2426,4.7036,2.0056
2023-06-14,17238.14,7369331143.0,188745268000.0,326552333542.0,6083942433.0,-887791139.0,5772234624.0,177.0715,17.9307,65.2941,46.1681,4.4542,2.2704
2023-06-15,17334.98,8147091255.0,190378512000.0,383837839417.0,8619599525.0,-774643385.0,5337836798.0,178.7393,17.801,65.0232,46.5228,4.5655,2.2767
2023-06-16,17288.91,9722832664.0,190319897000.0,458071268251.0,3270007552.0,-4092392850.0,5459978079.0,178.5913,17.6979,64.7276,46.4986,4.5364,2.0072
2023-06-19,17274.56,7496332700.0,191504227000.0,325752345822.0,-4430901637.0,-291657499.0,2185947436.0,178.1677,17.4692,64.3928,46.5582,4.3567,2.4575
2023-06-20,17184.91,6812226193.0,192097126000.0,323760551792.0,4630387474.0,-5563163884.0,-4161680648.0,177.245,17.5742,64.3201,46.2649,4.318,2.2542
2023-06-21,17202.4,6883193242.0,193903234000.0,330846939545.0,1720164695.0,-1704648199.0,-1020771941.0,178.052,18.0554,66.98,46.7227,4.2522,2.1812
2023-06-26,17059.24,6663091855.0,194209498000.0,304113691355.0,-25267418338.0,-278893420.0,3905562064.0,176.5156,18.1512,67.135,46.1081,4.2141,2.3774
2023-06-27,16887.9,6665715878.0,191585955000.0,300267986684.0,-10926566452.0,-2992651612.0,285529279.0,173.2165,18.0673,65.9342,45.7733,3.9173,3.2954
2023-06-28,16935.63,5940529264.0,192361945000.0,265292692304.0,-9543149233.0,502131120.0,3759487692.0,174.0046,18.0389,65.3561,45.388,4.2315,3.4644
2023-06-29,16942.3,6173036702.0,192815870000.0,273567577177.0,-5323869836.0,-450314790.0,11603827223.0,175.8267,17.9201,65.4806,45.6685,4.0975,3.3504
2023-06-30,16915.54,6671810338.0,194355483000.0,313162137001.0,-9330512065.0,-181754712.0,-428802962.0,176.4,17.8613,66.4031,46.7347,4.1601,3.1904
2023-07-03,17084.2,7397864362.0,196599121000.0,343298643858.0,5670713946.0,-825605534.0,13228466984.0,179.2377,17.7037,67.0608,46.8329,4.3708,3.1168
2023-07-04,17140.77,7951802237.0,199156773000.0,382879549186.0,-2298511662.0,-2278191951.0,-3039365295.0,180.0032,17.7621,67.705,47.4708,4.5315,3.0699
2023-07-05,17056.43,7276803562.0,200919501000.0,342355262696.0,-13087337277.0,-608240445.0,-4313178637.0,178.4873,17.6257,67.085,46.9591,4.3036,2.9149
2023-07-06,16762.17,7884657415.0,201519796000.0,354495894249.0,-38750651642.0,229020250.0,-7346984661.0,177.1776,17.7924,68.0694,47.0125,3.9772,2.8682
2023-07-07,16664.21,6849714776.0,202133095000.0,310143532160.0,-21073620661.0,-453726244.0,-4065654460.0,175.5922,17.9507,68.9912,46.8563,3.8973,2.8189
2023-07-10,16652.8,6154372401.0,202690030000.0,272429380366.0,-14191762045.0,1222600005.0,-1474095888.0,175.1776,17.703,68.5372,46.9744,3.797,2.8377
2023-07-11,16898.91,6961862550.0,203225770000.0,319945844753.0,15923649963.0,89042252.0,3013949785.0,177.1267,18.1538,71.2771,47.7254,3.8215,3.1974
2023-07-12,16962.03,7334366051.0,204662496000.0,353979352487.0,-5657545302.0,1652011497.0,2219924534.0,178.0269,18.7311,75.5018,48.4311,3.9355,3.1411
2023-07-13,17061.4,9286862044.0,203681473000.0,471301138980.0,20619340604.0,-1512431382.0,975155766.0,178.3207,18.908,76.965,49.1283,4.0675,2.5977
2023-07-14,17283.71,8343133992.0,208523323000.0,429307830676.0,12368130017.0,-1308724150.0,2734631390.0,181.1237,19.7583,81.6693,50.727,4.108,3.4588
2023-07-17,17334.29,8368565035.0,211193373000.0,394857432672.0,3044593708.0,-1817407686.0,-883344951.0,181.1125,19.4933,79.1812,51.0761,4.1534,3.0004
2023-07-18,17227.91,9775425065.0,212775435000.0,493821366527.0,-7575807857.0,-1290216868.0,-4875210008.0,178.9904,19.8476,79.5182,51.2703,4.1732,2.8149
2023-07-19,17116.44,8084533927.0,213320841000.0,433629151083.0,642879105.0,-2115708905.0,-8006283466.0,177.4972,20.0599,79.941,51.55,4.1161,2.8973
2023-07-20,17164.89,6313982662.0,215705207000.0,320441248239.0,-5358578683.0,-1517059160.0,1436396233.0,179.4145,20.5335,82.916,51.9333,4.205,2.2656
2023-07-21,17030.7,7694988737.0,217757631000.0,439805894168.0,-28938821729.0,-2650065187.0,3025238215.0,181.4392,21.6407,90.2669,52.9919,4.1777,2.3435
2023-07-24,17033.61,7182357462.0,221087046000.0,410025080486.0,-19548618515.0,-3018587870.0,4888929758.0,181.6031,22.4916,96.6958,54.1089,3.9733,2.6807
2023-07-25,17198.89,7371305731.0,220933834000.0,429418810790.0,9599537832.0,-683473508.0,749863327.0,182.0132,22.1284,94.1732,53.5735,4.0488,3.4307
2023-07-26,17162.55,7110367784.0,221230366000.0,369539371618.0,1533480369.0,-2055422527.0,-2070509781.0,180.401,22.4594,98.9977,53.6871,3.8616,3.3051
2023-07-27,17241.82,7599016666.0,222308527000.0,355366143361.0,10455190025.0,-1550189167.0,895352723.0,181.167,22.3634,97.3408,53.8399,3.9135,2.6059
2023-07-28,17292.93,7744942863.0,224192229000.0,385595469711.0,1520273184.0,735092546.0,4278094860.0,182.4695,22.832,99.5165,54.7142,3.9492,2.5004
2023-07-31,17145.43,9128395230.0,223227529000.0,492274761788.0,-8841440470.0,1849907347.0,-2770513489.0,177.6376,21.0096,86.8705,52.7388,3.9959,1.8702
2023-08-01,17212.87,7063479689.0,224265854000.0,388596692244.0,8507356234.0,-314590253.0,-464938089.0,175.7295,20.8691,87.1282,52.945,3.8094,1.8818
2023-08-02,16893.73,9190407486.0,220305572000.0,458942053419.0,-21115829575.0,504347629.0,-14712879803.0,170.9261,20.2211,82.8187,51.7613,3.8252,1.123
2023-08-04,16843.68,7314773210.0,222303822000.0,374459881317.0,-10343555054.0,1015928182.0,-6043468571.0,171.7,20.227,82.7819,52.2166,3.8586,1.7944
2023-08-07,16996.0,6264641217.0,225559048000.0,328128942222.0,-3183120245.0,3193354023.0,-3956547100.0,175.6637,21.5953,93.4152,53.8281,3.8845,1.7601
2023-08-08,16877.07,6750517163.0,225860740000.0,379273468996.0,-19299907898.0,3567917217.0,-7591603489.0,174.6235,22.0225,96.4572,54.0695,3.8785,1.9295
2023-08-09,16870.94,5957436064.0,225452960000.0,332911919375.0,3451514813.0,4444478771.0,-6456180331.0,172.6645,21.4746,90.4425,53.8546,3.9951,1.9874
2023-08-10,16634.7,7182123838.0,219889088000.0,354409765659.0,-10965174652.0,2091729534.0,-13642544146.0,166.4344,20.2389,82.3187,52.5759,3.8587,2.0741
2023-08-11,16601.25,5629266601.0,218428193000.0,295612942514.0,-2777250974.0,2361208164.0,-6961244749.0,167.2887,20.7085,84.1736,53.0881,3.7995,2.659
2023-08-14,16393.66,7357665473.0,214694153000.0,329602997888.0,-17336413780.0,6055992043.0,-10101140921.0,164.7973,21.0169,84.9696,53.5935,3.8216,1.796
2023-08-15,16454.8,5959257132.0,214891264000.0,299140094290.0,-860209588.0,1884565649.0,-1694296676.0,168.0195,21.6838,89.4689,54.4442,3.8869,1.8319
2023-08-16,16446.78,6459109192.0,216706091000.0,332691807516.0,-16182514049.0,6218678007.0,-2269507572.0,170.2372,23.1583,101.9359,55.8233,3.9361,1.5106
2023-08-17,16516.66,7125689803.0,218356038000.0,386625652682.0,-16463564805.0,4055514203.0,3740350352.0,171.5418,23.6878,105.6246,56.6844,3.9146,2.3653
2023-08-18,16381.31,7246690809.0,216306181000.0,386686419495.0,-19330183676.0,1307452466.0,-6113081259.0,167.8953,22.5129,96.8348,55.536,3.9874,2.7582
2023-08-21,16381.49,5426098410.0,216417602000.0,267169264927.0,7968085249.0,911323831.0,-1141715456.0,168.2796,22.4793,95.1225,55.6161,4.0325,2.8634
2023-08-22,16437.61,5428567404.0,215728781000.0,310261433435.0,6292422761.0,2915609006.0,-3627663667.0,168.8315,22.5196,94.8139,55.6407,4.1333,2.0179
2023-08-23,16576.9,5531007128.0,215978895000.0,294236734722.0,6160965424.0,2138628214.0,608146391.0,170.107,22.7176,94.8265,55.6898,4.3245,1.9935
2023-08-24,16770.87,7596547484.0,215117332000.0,451206212304.0,12336575868.0,3068306287.0,216107732.0,170.1984,21.8994,87.5423,54.7469,4.2261,2.3258
2023-08-25,16481.58,6149183528.0,216403915000.0,328040732611.0,-33622209533.0,873777635.0,-8560790293.0,167.4184,21.8926,85.9678,54.3114,4.1958,2.3302
2023-08-28,16509.26,5650625975.0,216013073000.0,283265301696.0,-2894400641.0,1616623936.0,-4998141614.0,167.2758,21.5046,82.8142,53.6736,4.2359,2.8494
2023-08-29,16623.65,5029684235.0,216477468000.0,253647729589.0,4132593656.0,3176619251.0,-112864710.0,169.6331,21.7628,83.8634,53.863,4.3547,2.7512
2023-08-30,16719.82,5783468578.0,217629337000.0,284810372568.0,7151162482.0,2989378862.0,2395765015.0,170.927,21.7805,83.7827,54.1563,4.4198,2.3348
2023-08-31,16634.51,6337598125.0,219385248000.0,360264848033.0,-5628181004.0,2169967493.0,-13418802.0,171.7615,22.172,86.8131,54.2922,4.4283,2.1754
2023-09-01,16644.94,5858177062.0,219345067000.0,285881904015.0,-8541285632.0,2969481032.0,-3194321632.0,170.4549,21.3039,81.9333,53.8212,4.4928,2.6783
2023-09-04,16789.69,5493751600.0,219908906000.0,236792637891.0,1539332808.0,1625742991.0,-437859277.0,171.3229,21.3882,82.1115,54.2446,4.5234,3.5734
2023-09-05,16791.61,5389791575.0,221927290000.0,253114050171.0,1208680435.0,1839881446.0,-931798033.0,172.6099,21.1987,81.4028,54.4741,4.4635,3.7215
2023-09-06,16738.16,6167718930.0,222705616000.0,276652928319.0,-8074073155.0,3902195328.0,-4192611149.0,172.3646,21.3372,81.8618,54.6511,4.5165,3.7174
2023-09-07,16619.14,5529953873.0,223658285000.0,242647259483.0,-17860524290.0,3808661358.0,-7833777023.0,170.9745,21.463,82.7915,54.5339,4.5178,3.9324
2023-09-08,16576.02,5107734295.0,223708098000.0,231221477707.0,-13780317837.0,4410440411.0,-6269927640.0,169.5799,21.098,80.7191,54.1792,4.5791,3.9159
2023-09-11,16432.95,6051740774.0,220826336000.0,289197153502.0,-13511468711.0,4392311625.0,-11114156362.0,166.357,20.3472,76.1253,53.1909,4.5653,3.8573
2023-09-12,16572.71,5408148941.0,219799886000.0,252089526857.0,8425483496.0,3642423924.0,-3724453849.0,166.5726,20.4067,75.8381,52.9914,4.6146,3.2228
2023-09-13,16581.51,5515375610.0,221265131000.0,257156739516.0,-1836021272.0,3588050397.0,-4029597407.0,167.6012,20.6427,76.4955,53.1708,4.6094,3.049
2023-09-14,16807.56,6359872041.0,222173129000.0,287879491839.0,18929234763.0,5098749609.0,301655795.0,170.2296,20.8023,77.3867,53.4967,4.6801,3.1418
2023-09-15,16920.92,8158060851.0,223415131000.0,405252257141.0,8423586552.0,6281771223.0,-2686587023.0,170.858,20.701,77.0108,53.4686,4.6061,4.2086
2023-09-18,16698.24,6078273272.0,225804055000.0,285640373573.0,-25634115612.0,1614320343.0,-9686409224.0,169.3862,20.4391,75.947,53.4237,4.5216,3.296
2023-09-19,16636.32,5645206978.0,226198880000.0,283527298253.0,-12737822132.0,3738986276.0,-6542507494.0,167.7081,20.1878,74.9446,53.1292,4.5835,4.1345
2023-09-20,16534.75,5988536416.0,226604409000.0,284352574873.0,-18210995734.0,2364588924.0,-9343504712.0,165.9692,20.227,75.718,53.1007,4.5519,3.2196
2023-09-21,16316.67,6133771148.0,226342362000.0,283997214878.0,-33995733397.0,180184084.0,-5998675214.0,164.1912,20.4833,76.4952,53.1446,4.5388,3.4911
2023-09-22,16344.48,5214709875.0,227096497000.0,241559833091.0,-14834019504.0,2262001983.0,-1687871080.0,166.5747,20.869,78.4684,53.6026,4.5468,3.5688
2023-09-25,16452.23,4790555700.0,228199811000.0,217367838648.0,-3095632448.0,3209180502.0,-1037903410.0,168.3538,21.0138,79.1741,53.4837,4.5971,3.6776
2023-09-26,16276.07,5184686280.0,228126347000.0,239781075657.0,-23162936765.0,3182055501.0,-6947024292.0,166.6982,20.7013,78.2405,53.4275,4.6016,3.7965
2023-09-27,16310.36,4601829067.0,228273095000.0,219293258584.0,-1508378471.0,2091767504.0,-5321028757.0,167.4979,20.9247,79.4256,53.6748,4.6077,3.8424
2023-09-28,16353.74,5113712427.0,229445392000.0,267191678046.0,-7748660757.0,3372333740.0,-1811443979.0,168.2545,21.2248,81.4429,54.2231,4.6363,4.4832
2023-10-02,16557.31,5734001169.0,230009773000.0,286807963826.0,6360822379.0,5345439039.0,3534629992.0,171.0982,21.5433,83.7648,54.9177,4.6083,4.3897
2023-10-03,16454.34,5892350444.0,231304480000.0,261452891875.0,-15801419816.0,1547611338.0,-4152127531.0,168.9778,21.5572,83.8318,55.2198,4.6447,3.6351
2023-10-04,16273.38,5641720382.0,230869278000.0,242721064816.0,-25925798113.0,2246574652.0,-7774749291.0,167.9797,21.6866,84.3123,55.2429,4.604,3.6195
2023-10-05,16453.52,5252903002.0,232127773000.0,243743609136.0,-1273682796.0,912304862.0,363104043.0,169.8461,22.1728,86.6047,55.2128,4.5204,5.0851
2023-10-06,16520.57,4802052603.0,231914570000.0,223002457611.0,-3512808207.0,2093288939.0,-601246646.0,169.9591,22.5618,88.9186,55.3088,4.4246,5.0546
2023-10-11,16672.03,6743900141.0,228594100000.0,375688470719.0,23108464703.0,1112792765.0,1248373593.0,167.5034,22.2821,86.8303,54.8351,4.218,5.0058
2023-10-12,16825.91,5883086339.0,228764111000.0,303160113281.0,24099762654.0,1912486741.0,2490362735.0,170.5078,22.2305,86.0354,54.7029,4.2799,3.8912
2023-10-13,16782.57,5853685142.0,229015871000.0,304958612617.0,-6086500977.0,-559156339.0,-1902769207.0,168.6517,21.8396,83.4209,54.5168,4.2447,5.1287
2023-10-16,16652.24,5507462914.0,228926505000.0,240758293074.0,-15625629460.0,1627936069.0,-3901719535.0,166.7578,21.9784,84.1346,54.2702,4.0092,5.6325
2023-10-17,16642.55,5405131982.0,228196070000.0,279452707382.0,-4622214459.0,-485091532.0,-2565577428.0,165.5969,21.9386,83.4008,54.2263,4.1539,4.879
2023-10-18,16440.91,7147874907.0,225736952000.0,361107901039.0,-8621099193.0,-2921126789.0,-7686048137.0,162.5211,21.6997,81.7088,53.4046,4.0613,4.7326
2023-10-19,16452.73,5556554079.0,226653107000.0,258021279278.0,-13120715615.0,2780646127.0,-490836063.0,162.9825,21.9911,83.2363,53.6279,4.0801,4.7411
2023-10-20,16440.72,6106263984.0,226011951000.0,283950950548.0,-7304326685.0,3065163417.0,-6033883610.0,161.86,21.874,82.8514,53.6961,4.1565,4.6638
2023-10-23,16251.36,4924750878.0,225259791000.0,217425490039.0,-14190878110.0,339065320.0,-5220079110.0,160.8403,21.3758,80.4027,53.5186,4.1991,4.7358
2023-10-24,16309.76,5390408686.0,225879890000.0,235923724334.0,-13213113527.0,3186996672.0,-1031661598.0,163.1922,21.5689,81.4299,53.8123,4.1268,4.741
2023-10-25,16358.89,5418274280.0,226921736000.0,239793721152.0,-7500599115.0,5462656555.0,25557804.0,164.0011,21.6862,81.5658,54.1242,4.1877,4.7124
2023-10-26,16073.74,5682316816.0,226932201000.0,244201948976.0,-28688153332.0,1954411307.0,-11921912017.0,160.3779,21.3973,80.3104,53.7175,4.1946,3.4539
2023-10-27,16134.61,4562736668.0,226270558000.0,216734504941.0,-8988649910.0,2627089628.0,-1939220539.0,160.827,21.5409,80.505,53.7797,4.3511,3.4769
2023-10-30,16149.68,4531453026.0,226256230000.0,218941350073.0,-6787272368.0,3806903213.0,-1190050962.0,161.7875,21.6339,80.696,54.1623,4.4168,3.6029
2023-10-31,16001.27,5582483354.0,223458771000.0,274361107900.0,-17297291529.0,4689835340.0,-5781568704.0,157.5038,20.9355,77.1507,53.8014,4.3128,3.434
2023-11-01,16038.56,4679344798.0,223981592000.0,216809401604.0,-6051313099.0,2452231315.0,-1294083513.0,159.0247,21.1589,78.1519,54.1352,4.3332,3.4892
2023-11-02,16396.95,5467497722.0,224758204000.0,268135473557.0,15949863574.0,2712796727.0,2449241659.0,162.9282,21.3969,78.9385,54.8782,4.4857,3.5327
2023-11-03,16507.65,5758266681.0,223981913000.0,271555971293.0,9083815441.0,3483442770.0,626789846.0,163.2404,21.1598,78.055,54.6256,4.4984,4.2281
2023-11-06,16649.36,5913939285.0,224438999000.0,275881120229.0,18526006433.0,1500428507.0,1379757101.0,165.8636,21.3441,78.5932,54.6896,4.4405,5.0795
2023-11-07,16684.95,4728818940.0,224720088000.0,221942762466.0,1264901820.0,1315881992.0,358280594.0,165.7078,21.351,78.8472,54.7882,4.3663,5.0348
2023-11-08,16740.83,5597358651.0,226134896000.0,279552337198.0,3765257708.0,1410470969.0,617773848.0,166.6702,22.0518,82.1734,55.1504,4.358,4.2104
2023-11-09,16745.65,5081119471.0,226645577000.0,249469794793.0,-2010874973.0,589864072.0,-930577414.0,166.2818,22.4254,84.1256,55.2671,4.1581,3.3794
2023-11-10,16682.67,4635094942.0,227151379000.0,235562520871.0,-7071621356.0,581512809.0,-3124150713.0,165.0208,22.4724,84.6151,55.2498,4.0305,4.5395
2023-11-13,16839.29,5502240518.0,227016674000.0,293154293351.0,20356247805.0,471975851.0,1821745885.0,165.8869,22.1627,83.843,55.4713,3.9631,5.4838
2023-11-14,16915.71,5471883401.0,228486671000.0,278372643486.0,11580242842.0,601343696.0,4152901951.0,167.1712,22.5345,85.44,55.4892,3.9017,5.3658
2023-11-15,17128.78,7708865711.0,228275510000.0,386091177302.0,46541199231.0,-3646477647.0,621624090.0,168.0064,22.1222,83.6372,55.2996,3.9752,5.4211
2023-11-16,17171.18,6383755259.0,228868828000.0,291324446168.0,19627012949.0,81712555.0,-1747051508.0,168.3237,22.0342,83.6755,55.1119,3.99,5.5262
2023-11-17,17208.95,6363298141.0,230640189000.0,299153639088.0,23688438631.0,-516227820.0,-2224181511.0,169.857,22.2008,83.8319,55.29,4.0519,5.5809
2023-11-20,17210.47,6131870465.0,231768860000.0,283573272995.0,9121670733.0,563033396.0,-487724581.0,170.1438,21.839,82.5947,55.6589,3.9865,5.5808
2023-11-21,17416.7,7378981388.0,232020150000.0,344904358242.0,42147431887.0,-290630678.0,-1289695939.0,171.0578,21.918,82.7208,55.9678,3.9609,5.5016
2023-11-22,17310.26,6155942094.0,232811622000.0,288532896272.0,-7403672408.0,-143352372.0,-1931489352.0,170.5329,21.7111,80.9272,55.8905,3.9299,5.6236
2023-11-23,17294.55,6100401975.0,233245776000.0,287184034897.0,1368375114.0,-929475479.0,-4064792203.0,169.4107,21.1935,78.6841,55.2439,3.8205,5.3388
2023-11-24,17287.42,5487528495.0,234146276000.0,254149539658.0,3440210189.0,-470264474.0,-1250406773.0,169.4056,21.0844,78.4778,54.9831,3.8477,5.2443
2023-11-27,17137.42,6006736782.0,233050086000.0,279544960741.0,-1818453998.0,-1412141496.0,-5823189861.0,166.888,20.7067,76.9467,54.2909,3.7956,5.3358
2023-11-28,17341.25,6327225780.0,234706986000.0,298325812532.0,20003229299.0,-1710105310.0,3064094163.0,169.8891,20.9126,77.3471,54.7561,3.8723,5.3513
2023-11-29,17370.56,7008357713.0,236307562000.0,327906944825.0,9920226607.0,-89754895.0,-787482788.0,170.6459,21.0615,77.4053,55.3995,3.9385,5.2566
2023-11-30,17433.85,7348343458.0,236653747000.0,414403843083.0,7962278203.0,-1901543140.0,-2646180718.0,170.921,20.8952,76.6396,55.276,3.9418,5.0476
2023-12-01,17438.35,6449439289.0,237394556000.0,303354416776.0,1212298008.0,1082683191.0,-3591964085.0,171.1707,20.9722,76.7622,55.0088,3.9439,4.9564
2023-12-04,17421.48,7455122410.0,237793287000.0,329712758004.0,-5294637036.0,-447700549.0,-3390716193.0,170.363,20.4823,75.5273,54.2651,3.9861,4.2144
2023-12-05,17328.01,7011018589.0,237752917000.0,320615909509.0,-10458179822.0,2029984.0,-6052997656.0,169.3334,20.2999,75.018,54.1069,3.9706,3.6445
2023-12-06,17360.72,6495028785.0,238487591000.0,300589295151.0,253008079.0,4421291650.0,-1021897128.0,169.8159,20.3186,75.2752,54.5615,3.9446,5.471
2023-12-07,17278.74,6960938851.0,238114292000.0,303911947568.0,-5159475655.0,833196654.0,-5573052665.0,169.527,20.792,77.2333,54.3877,4.0187,4.1639
2023-12-08,17383.99,6460484852.0,238811456000.0,313383854943.0,15208995224.0,721200011.0,-3589796291.0,170.5284,21.0273,78.009,54.6828,4.0364,4.6378
2023-12-11,17418.34,6178381448.0,240463090000.0,291528105616.0,1187224744.0,-663991579.0,-3298905983.0,170.389,21.2091,78.3575,54.7472,3.9631,4.0437
2023-12-12,17450.63,6593662794.0,240712461000.0,320448215336.0,10294040956.0,2037796443.0,-1862628313.0,170.0148,21.0157,77.5305,54.8171,3.986,4.0489
2023-12-13,17468.93,7022597584.0,241477519000.0,320263226668.0,3466644223.0,4453448721.0,-4032366296.0,170.3251,21.0017,77.367,54.7627,3.9456,4.0242
2023-12-14,17653.11,8512618222.0,242326205000.0,389879113486.0,33822264516.0,4225266270.0,-3930594932.0,171.1377,20.5706,75.8578,55.0542,4.0249,5.1296
2023-12-15,17673.87,9256588123.0,241487642000.0,448437036582.0,21170047011.0,-1164158047.0,-4842846482.0,169.8102,20.4394,74.7055,54.6425,4.0898,3.935
2023-12-18,17652.03,7531216747.0,241898339000.0,326657892904.0,735517925.0,-897538042.0,-7392802836.0,169.1637,20.4252,74.9844,54.1419,4.1749,3.9706
2023-12-19,17576.55,7179470739.0,243619807000.0,325889863775.0,164592948.0,296993423.0,-7809248001.0,167.9446,20.3933,75.5082,53.8333,4.2838,3.9236
2023-12-20,17635.2,7112769011.0,245705863000.0,339894621868.0,24624431077.0,-2720088428.0,-11289911715.0,169.2516,20.4938,76.0199,54.085,4.4778,3.8567
2023-12-21,17543.74,7391178534.0,244895604000.0,328758391109.0,-2768160741.0,-1830755289.0,-3275896692.0,169.1247,20.6905,77.2502,54.0596,4.5671,3.838
2023-12-22,17596.63,6878372345.0,245369148000.0,291856733205.0,6182826785.0,1916685293.0,-941324225.0,169.6527,20.8586,77.8014,54.1229,4.4837,3.8856
2023-12-25,17604.84,5771072159.0,245845023000.0,242779733409.0,-864679569.0,2319712266.0,-2723470393.0,169.3808,20.9129,77.6185,54.2678,4.4401,3.8336
2023-12-26,17751.73,5536355821.0,246630728000.0,229703131613.0,18051785356.0,2468933089.0,-1595866630.0,170.747,20.8516,77.9094,54.544,4.5703,3.3961
2023-12-27,17891.5,6800409120.0,247325167000.0,299924290420.0,36787679984.0,1283603081.0,-3567906045.0,171.2567,20.7679,77.1426,54.9247,4.4261,4.4274
2023-12-28,17910.37,6580845114.0,247699426000.0,289840477247.0,19325708661.0,-1071817701.0,-6603522687.0,170.8853,20.6266,76.4631,54.8061,4.3942,3.2794
2023-12-29,17930.81,5813967380.0,248014237000.0,272169082532.0,12160269252.0,2922986138.0,-3897939744.0,171.4652,20.6924,77.155,54.8386,4.4972,3.906
2024-01-02,17853.76,6411778806.0,248424271000.0,301290668897.0,1047078183.0,189637635.0,-4448119903.0,170.2404,20.3052,75.6329,54.1763,4.6137,5.0074
2024-01-03,17559.31,6563816690.0,249224908000.0,310243953968.0,-22805986506.0,3283754107.0,-9093621510.0,168.7004,20.4296,75.9734,53.8518,4.6325,3.2326
2024-01-04,17549.65,6326304020.0,249729179000.0,282564085824.0,-3464215938.0,3262656753.0,-5247618223.0,167.9795,20.5694,76.2938,53.5611,4.4631,2.813
2024-01-05,17519.14,6072525649.0,248996724000.0,269883354782.0,-4229275092.0,5175816340.0,-4051471237.0,168.4848,20.6424,76.1697,53.6312,4.2801,2.8915
2024-01-08,17572.66,6306940236.0,248150571000.0,262720464831.0,2396317684.0,2188287035.0,-5474233893.0,168.2832,20.4517,75.3761,53.5008,4.1825,2.8937
2024-01-09,17535.49,6232655765.0,245574757000.0,299756126103.0,-584013507.0,3882101857.0,-7713284413.0,167.8097,20.4937,75.9913,53.7214,3.9731,2.8247
2024-01-10,17465.63,5764346997.0,244563783000.0,258068344349.0,-3114862469.0,2420908691.0,-3191269085.0,167.5219,20.5578,76.5127,53.9964,3.7023,2.9198
2024-01-11,17545.32,6087970482.0,244054875000.0,307662933016.0,3605927557.0,1332497962.0,-1353556992.0,169.6177,20.6468,76.0799,54.0591,3.6245,3.2843
2024-01-12,17512.83,5783781997.0,243706399000.0,283832519401.0,2736131089.0,878458371.0,-4229820595.0,169.006,20.6564,76.1981,53.7124,3.6218,3.3088
2024-01-15,17546.82,5999846290.0,245868197000.0,290072856217.0,-9087846468.0,2194586352.0,-1852574412.0,170.0065,20.5814,76.1202,53.9078,3.6957,3.6097
2024-01-16,17346.87,7003194663.0,247524515000.0,315174625367.0,-45131197245.0,-26235190.0,-3387697195.0,166.8683,20.9332,77.1933,55.0244,3.6611,3.582
2024-01-17,17161.79,8135054516.0,247860934000.0,391777975501.0,-78222735236.0,7174385368.0,1484638834.0,165.9899,20.9647,77.3185,54.7911,3.4902,3.3028
2024-01-18,17227.79,6362222591.0,247038390000.0,280724326868.0,-8733292163.0,3307837801.0,-2213815198.0,165.7176,21.1333,78.2908,54.7649,3.5767,3.2727
2024-01-19,17681.52,7366926213.0,246672432000.0,438685377608.0,80797089392.0,4080122074.0,611632823.0,168.0321,21.2572,78.7851,55.1052,3.5915,3.5328
2024-01-22,17815.1,7440321165.0,246311316000.0,412915752080.0,36944476828.0,931703644.0,1945241248.0,170.9236,21.2627,79.1527,55.5333,3.5897,2.8641
2024-01-23,17874.59,6799686562.0,247186801000.0,313984912388.0,9062676493.0,-1002162896.0,2391790586.0,171.3175,21.1806,78.6521,55.4454,3.6288,2.8417
2024-01-24,17875.83,6085817090.0,248790648000.0,271791200561.0,1945217511.0,-2334200441.0,-503612098.0,170.502,21.136,78.1884,55.3641,3.6691,3.1593
2024-01-25,18002.62,6194925527.0,248578208000.0,305139066005.0,28043433522.0,-750707755.0,661192774.0,169.2724,21.0889,77.5409,55.1881,3.731,3.0983
2024-01-26,17995.03,5484262792.0,247462895000.0,260448297651.0,5270487979.0,-1184956250.0,-3984640382.0,168.6329,20.9419,76.8685,54.8116,3.699,3.1218
2024-01-29,18119.63,5297437572.0,247456105000.0,230462809896.0,12775826425.0,1507671836.0,2631966529.0,170.5047,21.4518,78.9728,55.373,3.7383,2.602
2024-01-30,18034.63,5885319302.0,247968595000.0,296795331175.0,1520832347.0,-1499064539.0,256875025.0,170.7816,21.6539,79.6996,55.4778,3.6375,2.9731
2024-01-31,17889.56,5498408501.0,247990488000.0,278056673466.0,-12446347016.0,-2193737575.0,-1737912539.0,169.7414,21.6548,79.1885,55.422,3.4914,2.9779
2024-02-01,17968.11,5865757348.0,246789368000.0,312760860228.0,21987889929.0,-333385990.0,563477044.0,170.5134,21.4252,78.4678,55.373,3.5153,3.181
2024-02-02,18059.93,5660501359.0,246644704000.0,334717306871.0,15166721092.0,-397116613.0,-111011257.0,171.4587,21.6514,80.1885,55.7111,3.4226,3.202
2024-02-05,18096.07,5578682526.0,244814252000.0,324859121116.0,-6172009551.0,-2474335536.0,-4423167881.0,170.508,21.3962,79.1636,55.3145,3.2033,3.2439
2024-02-15,18644.57,8401984466.0,245573792000.0,515463516591.0,56257107897.0,-1068439782.0,6407989768.0,173.581,21.6456,80.4209,55.8415,3.4377,3.2328
2024-02-16,18607.25,7844208954.0,247787773000.0,416487094956.0,3734148587.0,-2292205685.0,5331995865.0,174.3954,21.0917,77.4433,55.6417,3.6471,3.293
2024-02-19,18635.8,7707547519.0,250961873000.0,375165893586.0,-10954053970.0,-424065656.0,1938016407.0,173.905,20.8079,76.2502,55.3513,3.3851,3.258
2024-02-20,18753.16,7064550775.0,252605441000.0,359813377895.0,6378443283.0,-1305731062.0,247536803.0,173.7505,21.0895,77.3352,55.5705,3.3391,3.7885
2024-02-21,18676.31,7279039404.0,254128306000.0,348877496932.0,-13517589926.0,-174563113.0,3756846839.0,173.2137,20.528,75.1674,55.3929,3.447,3.4053
2024-02-22,18852.78,7544144391.0,255220537000.0,405269203212.0,16481260420.0,-332754442.0,7868144833.0,174.0997,20.4989,74.8939,55.2539,3.3969,4.0433
2024-02-23,18889.19,7868781866.0,253636821000.0,452654013093.0,30829103402.0,-2469677702.0,1876866150.0,173.2388,20.2085,73.8155,54.7143,3.3513,3.309
2024-02-26,18948.05,7062243384.0,256076413000.0,361091557269.0,5055193371.0,-3084098131.0,1578773497.0,174.6762,20.4846,74.161,54.5697,3.3417,3.4902
2024-02-27,18854.41,7916887244.0,254711190000.0,430848079757.0,-12183674095.0,-2560011309.0,-5225945425.0,172.7309,20.5468,74.2701,54.217,3.2764,3.4792
2024-02-29,18966.77,7568554508.0,257050729000.0,427024252573.0,3129325273.0,-828439651.0,5585680412.0,175.7024,20.964,75.7118,54.334,3.3815,3.4645
2024-03-01,18935.93,7573187396.0,257180305000.0,408887917320.0,10270966283.0,106482499.0,-5163505623.0,176.5835,20.999,75.6733,54.6304,3.3923,4.2595
2024-03-04,19305.31,8836524686.0,258584531000.0,498826009735.0,36878656228.0,7479020247.0,156904983.0,176.7587,20.8106,74.4603,54.4519,3.2946,4.1669
2024-03-05,19386.92,8130039078.0,259427370000.0,434737914006.0,5857463944.0,2826250187.0,-1737304896.0,177.5157,20.8584,74.6811,54.7444,3.346,4.2229
2024-03-06,19499.45,8275991420.0,260731246000.0,424946730059.0,-1135976946.0,2611603982.0,-1615255043.0,176.9492,20.4699,73.0609,54.4505,3.3769,4.2953
2024-03-07,19693.52,9410905277.0,260291774000.0,519787748111.0,11952627025.0,2819973892.0,-5656182360.0,174.3293,20.2875,72.9787,54.4775,3.2475,3.6811
2024-03-08,19785.32,10441231662.0,255485990000.0,589536537710.0,43236252450.0,234502984.0,-2899333026.0,170.77,20.1889,73.4019,54.8289,3.063,4.0582
2024-03-11,19726.08,7833500763.0,259204020000.0,414340922022.0,-4607296393.0,2640693887.0,2682159963.0,172.2484,20.7151,75.5692,54.7655,3.0286,4.1456
2024-03-12,19914.55,8460730583.0,265284534000.0,467124722024.0,5811657898.0,780828523.0,9653941143.0,173.7679,21.3059,76.8207,53.9635,2.9945,4.2409
2024-03-13,19928.51,9706968613.0,263637637000.0,552352937940.0,6984700292.0,6525779824.0,-8718042638.0,170.3611,20.7092,74.2744,52.8049,2.8176,4.1116
2024-03-14,19937.92,8827167427.0,263153321000.0,489766145159.0,507901307.0,1387904649.0,-7022523001.0,169.4758,20.6124,74.2672,52.6491,2.7313,3.8393
2024-03-15,19682.5,9670515104.0,266198701000.0,570821380572.0,-11716251664.0,2089574058.0,-3993365894.0,168.8882,21.6958,79.0622,52.7809,2.5917,3.325
2024-03-18,19879.85,7757012558.0,269745664000.0,427419350411.0,-8634473075.0,13206964623.0,392809841.0,171.5041,21.9904,81.2037,52.3654,2.3682,4.0469
2024-03-19,19857.2,8621957387.0,272006801000.0,472044684305.0,-21569097673.0,27893876494.0,-1369152873.0,170.847,21.188,77.189,52.5389,2.2208,3.8951
2024-03-20,19784.45,10021992787.0,273262861000.0,532380770407.0,-26975893925.0,15842018380.0,-9813545272.0,169.8704,21.1532,77.13,52.3779,2.0828,3.872
2024-03-21,20199.09,9714309641.0,277077501000.0,494379415922.0,18364211663.0,11222002382.0,6144459638.0,172.1611,21.3427,78.5503,51.8308,1.9704,4.1552
2024-03-22,20228.43,9739588799.0,277985694000.0,506545814070.0,2436810139.0,3600842447.0,1310470235.0,173.1075,21.1864,78.1937,51.5487,1.7032,4.0994
2024-03-25,20192.25,7774647172.0,279508015000.0,376836417981.0,-9264465264.0,2593797310.0,1050005825.0,173.6786,20.7158,76.3493,51.0959,1.6443,4.1965
2024-03-26,20126.49,9364343444.0,276395122000.0,493908564652.0,-5425339719.0,5655175623.0,-6094457664.0,170.8089,20.606,75.1913,50.9559,1.7168,4.3738
2024-03-27,20200.12,7726443586.0,279423806000.0,392018178269.0,-6891366447.0,8707023383.0,1676513076.0,171.5979,20.6473,75.7125,50.4121,1.7384,4.726
2024-03-28,20146.55,8671376628.0,280891238000.0,452071034258.0,-23763196359.0,23850596610.0,-260249904.0,171.9235,21.2424,79.4468,50.5636,1.8228,4.7114
2024-03-29,20294.45,8501295897.0,276822302000.0,483267779914.0,402004409.0,59944346921.0,-6129582426.0,172.3122,21.2916,79.2731,51.3963,2.0615,4.8496
2024-04-01,20222.33,8434260812.0,279105823000.0,365477407769.0,-2622082264.0,2504344406.0,-2700032328.0,173.3437,21.2737,79.1189,51.5668,2.0899,4.8449
2024-04-02,20466.57,8095952108.0,281265696000.0,417708529487.0,7105343555.0,5067241749.0,-1688565856.0,174.3404,21.8221,82.4026,51.347,2.0315,4.8075
2024-04-03,20337.6,7343173063.0,282880501000.0,384494497477.0,-18189110047.0,2718566507.0,-2256336329.0,174.356,22.1201,83.7901,51.7175,1.8462,4.688
2024-04-08,20417.7,7833324469.0,283664720000.0,415911444300.0,-12366934651.0,3252603815.0,-1843316843.0,174.3249,21.7223,81.5677,51.7788,1.804,4.9041
2024-04-09,20796.2,9050814136.0,284596762000.0,452897148868.0,20598666882.0,738790803.0,1799525694.0,174.2794,21.3424,79.6931,51.3462,1.7724,5.0332
2024-04-10,20763.53,8716653906.0,284238447000.0,435318171342.0,-257684542.0,-652950579.0,385880149.0,173.8681,20.8965,77.4293,51.2874,1.8392,5.419
2024-04-11,20753.22,8914560391.0,284108496000.0,451009469952.0,-5198349976.0,-142444816.0,-1697077158.0,172.9229,20.6432,76.1155,51.4214,1.8657,5.2212
2024-04-12,20736.57,8851979644.0,286582653000.0,489457153995.0,-7467475056.0,802892978.0,-2355365773.0,173.8182,20.4566,74.9831,50.775,1.847,5.1024
2024-04-15,20449.77,9618574254.0,285703671000.0,488488858954.0,-27875360290.0,2755692761.0,-9803814360.0,170.3663,19.7605,72.2254,50.1112,1.7397,4.9639
2024-04-16,19901.96,11746011018.0,279599862000.0,548979545145.0,-39494347804.0,1613397181.0,-20077570944.0,165.6577,19.8328,72.9678,50.4491,1.6955,4.8777
2024-04-17,20213.33,7877446674.0,283729847000.0,412229222836.0,-22215929501.0,1199187199.0,-5409680760.0,169.0434,20.1164,74.5124,50.666,1.8378,5.017
2024-04-18,20301.2,8879764431.0,285642609000.0,455537288631.0,-6659484739.0,1373316742.0,-680914061.0,170.0968,20.3595,75.9828,50.7044,1.9104,5.5588
2024-04-19,19527.12,14220809628.0,282037111000.0,724481123894.0,-85752593505.0,8304867605.0,-22390144867.0,165.3559,20.0499,74.1663,49.9591,1.8195,5.5645
2024-04-22,19411.22,10228829402.0,277592877000.0,492250264471.0,-12953892110.0,7211578749.0,-5650120437.0,161.5648,19.6691,72.9169,49.478,1.8824,5.0274
2024-04-23,19599.28,7253946313.0,277097621000.0,351094221060.0,1483562578.0,2969114599.0,-937997965.0,163.6551,19.724,73.1883,49.4002,2.0098,5.0394
2024-04-24,20131.74,9111612970.0,279213827000.0,434267083734.0,29866861839.0,2468600214.0,7684506307.0,169.0939,20.3924,76.6421,49.6471,2.0974,5.1458
2024-04-25,19857.42,7577774252.0,280494004000.0,366755232941.0,-24632605202.0,3344232364.0,-2781158856.0,167.4799,20.2395,75.4308,49.1885,2.2271,5.4692
2024-04-26,20120.51,8712330378.0,281954935000.0,426315911796.0,20505183224.0,3430183750.0,3086528537.0,169.6457,20.234,75.6848,48.7659,2.3753,5.8758
2024-04-29,20495.52,10073768829.0,282639311000.0,428735619979.0,34255519763.0,3980805325.0,4118696206.0,172.1015,20.1462,74.9914,48.5634,2.4459,5.8191
2024-04-30,20396.6,7574611198.0,283890973000.0,364587705105.0,2339635762.0,1855135260.0,-859540051.0,171.8021,20.3571,75.5267,49.1027,2.4516,5.9713
2024-05-02,20222.44,8406070998.0,287091200000.0,400064121040.0,-18100909786.0,5315421149.0,-2381555049.0,171.2839,20.2121,74.5494,48.6393,2.4994,5.7802
2024-05-03,20330.32,8493343556.0,287756416000.0,411537853883.0,16697951027.0,2095262758.0,-1405300996.0,170.6169,20.2206,74.0603,48.8874,2.61,5.8651
2024-05-06,20523.31,8531380014.0,289184522000.0,419541187216.0,21662798874.0,4854925646.0,1138334943.0,171.0138,20.1864,74.3654,48.5926,2.6229,7.1709
2024-05-07,20653.53,8310364105.0,289186701000.0,412922087120.0,6994113129.0,4720030288.0,410415129.0,170.6791,20.4959,75.1291,49.0299,2.6235,5.8466
2024-05-08,20700.51,8266990221.0,290416728000.0,426258565076.0,2385939546.0,2677967194.0,-245061274.0,171.4271,20.4697,75.5213,49.1872,2.6866,7.0243
2024-05-09,20560.77,8462569991.0,289983074000.0,425408050734.0,-20782452326.0,3064836724.0,-2481172706.0,169.4185,20.4506,75.7069,48.945,2.757,6.3935
2024-05-10,20708.84,9484962143.0,291968216000.0,443049417948.0,16603533576.0,6456525352.0,690655066.0,169.4524,20.5144,76.4192,48.5295,2.8839,6.2641
2024-05-13,20857.71,9004389415.0,289574837000.0,434965318336.0,15887457287.0,3418895577.0,-4839043084.0,169.2161,20.4985,75.4868,48.5424,2.8937,6.2988
2024-05-14,20985.85,9083268995.0,290846460000.0,476611123743.0,21921363410.0,4783667169.0,2095959659.0,170.8972,21.1632,78.1511,49.2313,2.9632,7.0166
2024-05-15,21147.21,10020867467.0,289642159000.0,499211247991.0,26693469933.0,2039529049.0,-149673203.0,171.121,20.8431,76.068,49.3196,2.9855,7.0493
2024-05-16,21304.26,10676029114.0,289973804000.0,536611980491.0,48378526782.0,-1049972039.0,4761001567.0,172.2874,20.4744,74.8021,48.6625,3.0815,7.0139
2024-05-17,21258.47,9381134038.0,290847960000.0,423552482939.0,1342685543.0,7242422647.0,804287269.0,172.828,20.3708,74.2538,48.5831,3.0855,7.6505
2024-05-20,21271.63,9698206286.0,290049785000.0,451218925953.0,-6551090254.0,6269341773.0,1714010614.0,172.2616,20.1396,73.1494,48.7164,3.1414,7.7738
2024-05-21,21236.75,8349241695.0,290441319000.0,379494867375.0,-3182449784.0,363275546.0,-1999009537.0,172.3412,20.0003,71.6512,48.8122,3.1164,8.3291
2024-05-22,21551.83,9892255736.0,291609298000.0,449048297640.0,32110695758.0,-222772837.0,3964438338.0,173.5397,20.0256,71.9241,49.1792,3.1314,7.9679
2024-05-23,21607.43,10342069047.0,291610473000.0,519881943223.0,16683514203.0,2903600695.0,-198048750.0,172.1087,20.3754,73.5362,49.77,3.0378,8.3694
2024-05-24,21565.34,8654957789.0,293822343000.0,424406715932.0,6062207208.0,-1296897196.0,2596979684.0,173.5416,20.5038,73.9812,49.6924,3.0634,8.803
2024-05-27,21803.77,10249255642.0,298574843000.0,503455304052.0,3390915790.0,2104162708.0,6917183756.0,175.9541,20.9661,76.2156,49.8579,3.0611,9.0754
2024-05-28,21858.41,9828428372.0,298557388000.0,485154993858.0,-2400437208.0,-1793456902.0,1926772056.0,177.0279,20.8366,75.9507,50.1461,3.0693,8.8629
2024-05-29,21662.5,10075066392.0,298691555000.0,492767712665.0,-27485567892.0,-379323056.0,-1109861093.0,175.7624,20.3007,73.0604,50.052,3.0619,8.8295
2024-05-30,21364.48,9367769353.0,299032337000.0,431114138346.0,-43506845922.0,-1882507201.0,-7174784045.0,173.3192,20.2939,73.1134,49.5596,3.0101,8.1162
2024-05-31,21174.22,11881955402.0,299532435000.0,690057362589.0,-33018811098.0,86772515.0,-7609285620.0,171.9744,20.1444,72.2896,49.5517,3.0127,8.1163
2024-06-03,21536.76,9227882212.0,301237821000.0,440315381381.0,2901323619.0,3227814762.0,-1260325828.0,174.3261,20.1937,72.575,49.4579,3.0617,8.5421
2024-06-04,21356.62,9533375775.0,300628955000.0,454297592564.0,-20282805872.0,7102567824.0,-12557035472.0,172.8117,19.8095,71.0262,49.4136,3.0613,8.311
2024-06-05,21484.88,8309415709.0,302355018000.0,411457331473.0,-18732803654.0,7041180388.0,-6345226913.0,172.3486,19.8573,72.3803,49.126,3.0188,8.0185
2024-06-06,21902.7,9720110923.0,303619654000.0,486494573820.0,21500210599.0,5909611093.0,-2919020382.0,172.7249,20.1056,74.1004,48.9847,2.9118,8.0151
2024-06-07,21858.38,9413696800.0,304633093000.0,460900524773.0,-9854815458.0,2974861182.0,-3242384086.0,174.1314,19.8161,73.1031,48.5191,2.9737,6.9583
2024-06-11,21792.12,10336042752.0,303408228000.0,518161963890.0,-33292279280.0,3816996443.0,-11033262274.0,172.0197,19.7609,72.0518,48.6469,2.9278,9.0756
2024-06-12,22048.96,8993663732.0,303614391000.0,457354276811.0,16817421899.0,1267402698.0,-2465669205.0,172.9643,20.3241,74.4872,48.9863,2.8571,9.094
2024-06-13,22312.04,10063123188.0,304361363000.0,528533457748.0,32305370571.0,-352047727.0,1790220460.0,175.4147,20.2341,73.7334,49.3529,2.9696,9.3066
2024-06-14,22504.72,9573063432.0,306531783000.0,508593118593.0,19927601608.0,337143749.0,2440640317.0,177.3106,19.8448,73.1253,48.8856,2.9911,9.5106
2024-06-17,22496.53,9540532148.0,307628696000.0,454031893974.0,-13544699347.0,3296866141.0,-3879616336.0,177.3009,19.7389,72.7021,48.7783,2.9792,9.5119
2024-06-18,22757.43,9626522803.0,308114023000.0,469258839544.0,18119583730.0,3080040427.0,-1602588968.0,177.2844,19.5935,72.2591,49.0761,3.0153,9.6703
2024-06-19,23209.54,11548968111.0,309452784000.0,618363344162.0,48547371425.0,4020564923.0,-3132693530.0,176.9239,20.3739,75.7553,49.6336,2.9628,9.0448
2024-06-20,23406.1,10071394416.0,311708725000.0,521990011738.0,22709515004.0,-792222751.0,9341789509.0,179.4516,20.7068,77.9722,49.7337,3.0534,9.201
2024-06-21,23253.39,12435288243.0,315207621000.0,651002530054.0,-13792193144.0,-670285110.0,-879575451.0,178.2841,20.8176,79.6684,49.6248,3.0154,8.7402
2024-06-24,22813.7,10868484158.0,315220677000.0,517307537409.0,-45087762658.0,8508832130.0,-8527469139.0,175.0099,20.6108,78.7417,49.7531,2.8418,7.1443
2024-06-25,22875.97,9415655198.0,317177342000.0,482212396489.0,-9705292362.0,3290244208.0,-2573469146.0,175.56,20.7823,80.4885,49.5074,2.7314,7.0242
2024-06-26,22986.69,9402611851.0,317565136000.0,472923024385.0,-7926811897.0,5927921627.0,1251590509.0,176.6319,20.5944,79.0609,49.4105,2.7009,7.2564
2024-06-27,22905.98,9517113615.0,317982947000.0,450364308531.0,-16131811503.0,2891211481.0,-3744646033.0,175.2013,20.4871,79.2896,49.0898,2.5888,7.1682
2024-06-28,23032.25,9156285272.0,317993692000.0,448495879049.0,9077026149.0,-775325751.0,721827213.0,176.259,20.1551,77.9586,49.3357,2.5229,7.1908
2024-07-01,23058.57,9519820690.0,320183294000.0,435755556160.0,-6443882948.0,1763350988.0,423217780.0,175.6969,20.2177,78.5662,49.1554,2.3777,7.0296
2024-07-02,22879.37,10730848421.0,321957358000.0,491160009750.0,-24242594483.0,4755228778.0,-9985774072.0,174.6127,19.9842,76.8666,48.9205,2.386,6.8201
2024-07-03,23172.43,11022883210.0,325382912000.0,504423691847.0,9423777650.0,7644364932.0,2757774418.0,176.1373,20.0256,76.8369,49.0171,2.3893,7.9818
2024-07-04,23522.53,11530961755.0,326590178000.0,549900525784.0,36334201075.0,4069640277.0,991961661.0,178.0458,20.1856,78.4262,49.1289,2.408,8.4423
2024-07-05,23556.59,10664306726.0,328575653000.0,495237802249.0,-5535089168.0,1275448989.0,-4585897800.0,178.6643,20.1821,77.8697,49.3042,2.4766,7.5826
2024-07-08,23878.15,11657426579.0,330689243000.0,567257480521.0,-8220732155.0,1440109590.0,-7291642332.0,177.2178,20.8418,81.8774,49.707,2.3881,7.5095
2024-07-09,23900.08,12440604449.0,328711597000.0,609904319462.0,-15717998958.0,4884931142.0,-8575953267.0,176.7061,20.8836,83.2033,49.9663,2.2406,7.3519
2024-07-10,24007.08,10720034257.0,331985335000.0,527739455215.0,-10846775163.0,3177463398.0,-414350973.0,178.0165,20.5652,82.2734,50.0118,2.2799,7.6452
2024-07-11,24390.03,11951313760.0,334542120000.0,576692933202.0,3214698848.0,1515929906.0,-2380505056.0,178.3665,20.4287,82.5518,50.453,2.3573,7.6125
2024-07-12,23916.93,12595197756.0,333684925000.0,601127982559.0,-41655578110.0,6740058678.0,-15021380372.0,176.3097,20.1735,81.2154,50.2421,2.4316,7.5477
2024-07-15,23879.36,10191840353.0,335092411000.0,474646573222.0,-13159058396.0,5000282264.0,-10616873844.0,175.8441,20.1643,82.2099,50.5189,2.3394,6.7318
2024-07-16,23997.25,9715661982.0,335880055000.0,479941588576.0,-5278153470.0,7777900027.0,-9888954734.0,176.2742,20.1101,82.0217,50.6688,2.3357,6.0811
2024-07-17,23769.82,11672877761.0,340495549000.0,560005332765.0,-30381611855.0,4122093088.0,-15219778160.0,175.713,20.029,81.7675,50.6886,2.3736,6.3164
2024-07-18,23398.47,11780624179.0,340041155000.0,605715890750.0,-53351796061.0,9195616719.0,-8572493123.0,172.7755,20.2958,85.4654,50.5015,2.2868,6.2729
2024-07-19,22869.26,11316053895.0,336866469000.0,565751930022.0,-64358158801.0,6967445025.0,-15950090781.0,168.4307,20.4572,85.0107,50.045,2.1983,5.3409
2024-07-22,22256.99,11952430918.0,331601598000.0,570149905246.0,-7753786811.0,9064131339.0,-6543510899.0,163.6268,20.6351,86.4292,50.0688,2.1714,4.98
2024-07-23,22871.84,8708465464.0,328897658000.0,406512442631.0,12877482763.0,8354537072.0,-6501444656.0,166.97,20.6781,86.2855,49.8528,2.1411,5.1538
2024-07-26,22119.21,10442613518.0,331849533000.0,491505039329.0,-84417588290.0,8978283573.0,-20885412524.0,162.9023,20.9274,89.1438,50.0193,2.1114,5.0248
2024-07-29,22164.49,8828797772.0,325475169000.0,409627936865.0,-676497998.0,6635007006.0,-14115767042.0,160.4299,20.6919,86.8853,50.0653,2.2248,4.9334
2024-07-30,22223.57,8965809996.0,325946717000.0,394249670467.0,-23607834670.0,9431852735.0,-7550035744.0,163.2918,20.9767,88.2316,50.1724,2.2187,4.9824
2024-07-31,22199.35,8511323554.0,328853507000.0,388274808474.0,-16457608465.0,6347901299.0,-5694474035.0,163.2229,21.3179,89.653,50.3583,2.3425,4.8493
2024-08-01,22642.1,9587317160.0,329197935000.0,442202581311.0,18233661280.0,7628384271.0,-5371498969.0,166.8675,21.2133,88.4269,50.1557,2.5253,4.8086
2024-08-02,21638.09,11661822290.0,325855472000.0,542966445055.0,-94430564975.0,11269914004.0,-38014248107.0,159.5066,20.9903,87.5913,49.7678,2.5653,4.6821
2024-08-05,19830.88,15669316379.0,307568708000.0,668505638451.0,-68774621949.0,17810097840.0,-52515230806.0,148.2006,21.6242,94.3083,49.8364,2.8194,3.0468
2024-08-06,20501.02,13253199211.0,291262041000.0,652466358686.0,24771772421.0,13937511396.0,-11713106536.0,149.3402,22.2148,97.8236,49.3982,2.5623,2.9155
2024-08-07,21295.28,9430851090.0,291654137000.0,453978111650.0,-7795805122.0,10399938759.0,-1955130096.0,158.7745,22.2828,96.5523,49.6806,2.7964,2.9801
2024-08-08,20870.1,8112423480.0,293751576000.0,413865386922.0,-45209351236.0,7096035814.0,-11053806004.0,156.4409,22.0968,94.8436,49.8334,2.9347,3.2573
2024-08-09,21469.0,9145607615.0,294958954000.0,466095264269.0,25461193494.0,5039369048.0,-11299365601.0,160.2777,21.9949,95.1264,49.768,3.0671,3.0597
2024-08-12,21773.26,8103860727.0,293030367000.0,391314829636.0,18766263858.0,8145578405.0,-8403085678.0,163.4687,21.6844,90.1459,49.1855,2.6156,3.1374
2024-08-13,21796.57,7153087562.0,293914933000.0,349355948436.0,-4551149919.0,5311075574.0,-3879653196.0,164.3011,21.6195,89.2118,49.2392,2.668,3.1888
2024-08-14,22027.25,8374999791.0,292831503000.0,418636087041.0,24881513902.0,4900303255.0,-7404541173.0,165.5027,21.5873,89.053,49.2418,2.7579,3.188
2024-08-15,21895.17,7292001770.0,293476780000.0,330867198482.0,-691636459.0,-1994277117.0,-7562618173.0,164.4208,21.3946,87.7057,49.397,2.9566,3.2323
2024-08-16,22349.33,8235886056.0,293361035000.0,427858579943.0,45340297474.0,5613986774.0,2755115555.0,167.3024,21.2644,86.5022,49.6736,2.9209,4.3683
2024-08-19,22409.63,7101238161.0,295418617000.0,325702937891.0,-3275443345.0,3318959100.0,-9563310090.0,168.1112,21.2774,87.1242,49.2887,2.9608,3.8638
2024-08-20,22429.1,7843839846.0,295625821000.0,359348617420.0,4757246052.0,2263010017.0,-8422615285.0,168.3962,20.9612,85.676,49.2314,2.9886,3.3527
2024-08-21,22237.89,8078459024.0,297064799000.0,345385927734.0,-5021767692.0,449044046.0,-16509085267.0,167.2619,20.8689,85.6963,49.0301,2.8868,3.0392
2024-08-22,22148.83,6485403007.0,297607949000.0,298612919157.0,-6889484161.0,1532576649.0,-2971386542.0,165.2264,21.1601,87.3588,49.2498,2.9686,3.3951
2024-08-23,22158.05,8158257464.0,300682540000.0,314491168746.0,-1950815102.0,3078861857.0,396617777.0,167.9364,21.1422,88.8925,49.3781,2.8932,3.6429
2024-08-26,22240.12,9295320785.0,302464712000.0,352679143661.0,-5150399141.0,3007697020.0,-2929502506.0,168.3086,20.9382,87.9987,49.1257,2.921,3.8268
2024-08-27,22185.0,7336667756.0,305042854000.0,293824013371.0,-12796353515.0,4821148535.0,-1373563283.0,168.5066,21.1985,89.3806,49.4621,2.9775,3.9796
2024-08-28,22370.66,7088221333.0,307733658000.0,316573071327.0,-11546280695.0,2493023420.0,56897627.0,169.7414,21.4743,91.2769,49.1795,3.0067,5.7293
2024-08-29,22201.85,7478271151.0,311020596000.0,342220055560.0,-24142596279.0,3031633413.0,-3318930583.0,169.7211,21.5246,92.7718,49.2173,2.9057,5.173
2024-08-30,22268.09,8361576743.0,312261557000.0,419825431881.0,-4739463391.0,4028453793.0,1169468949.0,170.0133,21.4296,92.6864,49.1688,2.795,4.6768
2024-09-02,22235.1,6791049004.0,313253489000.0,294961325739.0,-12798199913.0,5098007456.0,-6867881489.0,168.6053,21.3741,92.6652,49.0435,2.674,5.0065
2024-09-03,22092.21,6837468284.0,313696428000.0,300124845949.0,-5971663488.0,5797650744.0,-5925936023.0,167.2864,21.4624,92.2533,49.1114,2.7017,4.9245
2024-09-04,21092.75,11157824530.0,309735143000.0,509078304803.0,-100751844312.0,11483300370.0,-33973510637.0,159.6985,21.7294,94.7219,48.7328,2.7727,3.7051
2024-09-05,21187.71,7964799168.0,310139829000.0,330738364827.0,-25713841993.0,6704098046.0,-14946251158.0,159.7807,21.7165,93.405,48.481,2.9891,4.899
2024-09-06,21435.19,6584784067.0,309619895000.0,276516909424.0,1195974712.0,5896193672.0,-7465538644.0,161.2008,21.6995,93.6727,48.812,2.9267,5.0214
2024-09-09,21144.44,7793314245.0,310998167000.0,309980322521.0,-50123264824.0,8565591594.0,-11615654992.0,160.8041,21.8191,95.3402,49.176,2.7752,5.1221
2024-09-10,21064.08,7275918780.0,309023332000.0,335093973333.0,-27012102327.0,2406102718.0,-7544000574.0,158.0744,22.0391,96.5938,49.2562,2.8627,5.3257
2024-09-11,21031.0,6710882515.0,309173005000.0,239433411761.0,-8514879212.0,6849871811.0,-4701586980.0,158.7089,22.1826,96.8589,49.1715,2.8284,5.3729
2024-09-12,21653.25,7930915635.0,309706609000.0,316428965298.0,36372607548.0,3856529176.0,7926666286.0,162.8892,22.0654,95.4482,49.648,2.8548,5.0689
2024-09-13,21759.65,6059733869.0,311140460000.0,253862975536.0,2944555598.0,3649826444.0,-3125691973.0,163.797,21.7582,93.3749,49.5041,2.8115,5.4995
2024-09-16,21850.08,6105105876.0,312272835000.0,236053985686.0,-2053079919.0,2471711797.0,-5173622817.0,164.6108,21.6643,92.2829,49.3182,2.8674,5.966
2024-09-18,21678.84,7979840522.0,313122707000.0,337206805043.0,-15924770214.0,4588864108.0,-15578560189.0,162.7696,21.3861,91.7337,48.9574,2.8391,5.9472
2024-09-19,22042.69,7947109708.0,313550801000.0,334960074380.0,27106699891.0,2734743493.0,6008697977.0,166.1486,21.3724,90.7231,49.0872,2.8652,6.7314
2024-09-20,22159.42,9689069827.0,312311731000.0,476488708317.0,23788053286.0,3416678847.0,-65455145.0,165.628,21.1628,88.9526,49.1205,2.9664,7.2046
2024-09-23,22285.53,7121310629.0,312767216000.0,306121434408.0,11590313001.0,4300070608.0,2899069065.0,166.5491,20.9984,87.8883,49.2968,2.9315,7.5881
2024-09-24,22431.78,7862076241.0,313757764000.0,353303161092.0,10546160099.0,722217048.0,2420645066.0,166.5792,21.1373,89.3436,49.2136,3.0001,7.8872
2024-09-25,22761.6,9143783318.0,314113921000.0,448110436055.0,34739262394.0,2145151505.0,12821334768.0,169.023,20.9864,89.6931,49.2729,3.0952,7.3617
2024-09-26,22858.81,9160464964.0,313195882000.0,447924541818.0,21210167525.0,538000780.0,4870289084.0,168.5026,21.0149,89.7607,49.6981,3.162,8.0391
2024-09-27,22822.79,9742471090.0,313272604000.0,434889112915.0,24649457628.0,977002048.0,4518800524.0,168.8563,20.7378,87.6948,49.3964,3.2207,7.7788
2024-09-30,22224.54,9221061213.0,316576056000.0,405377235771.0,-40340637430.0,-940516679.0,-9411366549.0,166.1086,20.8605,91.1954,49.5258,3.2677,7.7262
2024-10-01,22390.39,6546005974.0,317042572000.0,286364609840.0,-9307641062.0,1457808774.0,-5629991500.0,166.5889,20.8314,90.5748,49.4187,3.2302,7.8369
2024-10-04,22302.71,9601367721.0,317287821000.0,415781579815.0,-22318869442.0,3447339555.0,-4185884612.0,165.1187,21.2327,93.402,49.5945,3.4427,8.0963
2024-10-07,22702.56,9016648411.0,318935873000.0,388113002236.0,1746515126.0,4989938448.0,3238992188.0,167.6404,20.9809,91.8163,49.6869,3.6317,7.6799
2024-10-08,22611.39,9567321180.0,320397965000.0,386989753563.0,-25130696662.0,3152966665.0,-8735464966.0,165.7657,21.0933,91.8544,49.878,3.3909,8.4322
2024-10-09,22659.08,8833974583.0,319321854000.0,419179966020.0,13320374742.0,2160787216.0,-5879312095.0,164.6034,21.0792,92.569,50.2243,3.1448,8.5516
2024-10-11,22901.64,7292297337.0,319102025000.0,363069518550.0,21988528227.0,2391540218.0,-2247003423.0,164.992,21.2959,94.6147,50.5659,3.2088,8.426
2024-10-14,22975.29,6998458282.0,319539948000.0,322773458619.0,-1607699802.0,5271396653.0,274805788.0,166.7375,21.3346,95.3074,50.7496,3.3536,8.3918
2024-10-15,23292.04,8377162079.0,320019575000.0,428438170575.0,33428479334.0,2789142517.0,870195082.0,166.7584,21.6562,98.0926,50.952,3.2159,8.1294
2024-10-16,23010.98,8256820684.0,322938236000.0,427652519133.0,-34079979432.0,-14070996.0,-2519498499.0,166.5026,21.6908,99.581,50.8915,3.2318,8.2967
2024-10-17,23053.84,7296757453.0,324936607000.0,381898807566.0,-3916194907.0,1735758136.0,5977573094.0,167.7924,21.8149,102.4521,51.0631,3.2501,8.7586
2024-10-18,23487.27,8681228996.0,322282075000.0,500413372369.0,56620954409.0,-653770886.0,9659521042.0,167.0041,21.4927,98.7138,50.7597,3.5158,8.8514
2024-10-21,23542.53,7090579868.0,323009176000.0,364953392671.0,21116206203.0,2156110010.0,-489336654.0,169.4443,21.3826,97.7807,50.8857,3.5101,8.7092
2024-10-22,23535.43,7397918297.0,325455228000.0,384278534322.0,7857295541.0,3872638140.0,-2069485186.0,170.0424,21.446,98.8265,51.3008,3.551,8.9143
2024-10-23,23334.76,6840533256.0,327082648000.0,342072638659.0,-7893276517.0,-233436907.0,-6736676173.0,170.2638,21.3096,97.6872,51.2315,3.609,9.1237
2024-10-24,23192.52,7053500103.0,326043754000.0,376618010631.0,-6685257341.0,290000515.0,-8364385315.0,166.9701,20.8822,96.113,51.0261,3.4114,8.3266
2024-10-25,23348.45,5949900579.0,326961558000.0,307350881464.0,17915121943.0,-1268946506.0,582881563.0,167.8435,21.0065,95.5651,50.8649,3.3664,8.8966
2024-10-28,23198.07,6484900983.0,325668918000.0,335599574581.0,8006262340.0,-131890082.0,-1945673558.0,165.8415,20.886,94.3353,50.6434,3.3362,7.9227
2024-10-29,22926.59,7002228016.0,324572308000.0,351602688612.0,-29169609759.0,5760164808.0,-16194081396.0,163.8647,20.6355,91.4368,50.2848,3.2464,7.623
2024-10-30,22820.43,6385074452.0,325848781000.0,339523204938.0,-2825018675.0,3239993950.0,-3905662210.0,163.7343,20.7713,92.4635,50.1064,3.1479,7.7052
2024-11-01,22780.08,8015830336.0,325833120000.0,426473843994.0,-21337281281.0,5908544838.0,-6820135862.0,164.7183,20.7237,92.3525,50.006,3.1809,7.8035
2024-11-04,22965.39,6638863076.0,326831753000.0,318016029540.0,-1712738279.0,3551917593.0,-5481855810.0,165.0726,21.3252,95.3502,50.0002,3.1736,8.0088
2024-11-05,23106.79,6504125423.0,326564786000.0,335010346569.0,9314416880.0,5558820002.0,-5330807047.0,166.2473,21.3472,95.3338,50.2259,3.3971,8.6544
2024-11-06,23217.38,8013368499.0,327205349000.0,409279637442.0,-2007912778.0,3739025586.0,-4938747614.0,167.3448,21.5467,96.6356,50.453,3.4419,8.2226
2024-11-07,23408.82,8714755662.0,329914462000.0,433104923764.0,5435117757.0,2074040393.0,5169957521.0,169.436,21.6162,95.6322,50.729,3.5462,8.3829
2024-11-08,23553.89,8522966746.0,328677500000.0,431921730932.0,-12272057.0,3114543548.0,779406607.0,168.5998,21.6093,98.1135,50.9594,3.3398,7.9431
2024-11-11,23529.64,7157746399.0,328850933000.0,364692596666.0,-172795792.0,2858337374.0,-8681971024.0,168.8774,21.3078,94.8687,50.9834,3.2359,7.8876
2024-11-12,22981.77,8798515554.0,326533679000.0,451592984207.0,-47671175170.0,6771892656.0,-20493534727.0,165.233,20.9683,94.5866,50.6845,3.2552,7.7456
2024-11-13,22860.23,7454299614.0,327772341000.0,391009231614.0,-42519495291.0,5919462922.0,-9376693907.0,164.9385,21.0175,93.7465,50.6851,3.179,7.4189
2024-11-14,22715.38,8159633620.0,326045610000.0,411560285262.0,-25427151819.0,5735291025.0,-16356943650.0,163.3009,20.8892,91.8603,50.8957,3.2605,7.5053
2024-11-15,22742.77,7887946734.0,326051673000.0,418186594655.0,5128163032.0,-7711802670.0,-6137351267.0,163.6259,20.9486,90.9513,50.5776,3.2726,7.4834
2024-11-18,22546.54,7378710427.0,321930102000.0,357345166660.0,-10703393837.0,3172014093.0,-12144411681.0,160.5581,20.6297,89.3819,50.4998,3.2275,6.7373
2024-11-19,22848.8,7496707446.0,322822398000.0,361591033679.0,10652245301.0,5400242749.0,1728367473.0,163.891,20.945,90.3776,50.5888,3.0739,6.3725
2024-11-20,22688.36,7304592323.0,322708274000.0,386906471829.0,-32148813760.0,5315987754.0,-2190342059.0,163.0279,20.9308,91.4448,50.6303,3.0792,6.9835
2024-11-21,22555.66,6888868470.0,324387630000.0,356854804677.0,-26352251633.0,8497414945.0,-1815949346.0,163.6612,20.9561,90.8333,50.6811,3.0555,7.2035
2024-11-22,22904.32,7592870837.0,325025883000.0,356834142633.0,8040908897.0,4684111490.0,3452691881.0,165.2469,21.0071,90.9436,50.706,3.0803,6.5599
2024-11-25,22948.37,9016499118.0,326737650000.0,483184447262.0,5215840041.0,5984041731.0,3997809993.0,166.7958,20.9675,90.8141,50.8685,3.0544,6.6603
2024-11-26,22678.76,6587493682.0,327107468000.0,318042672139.0,-29254619095.0,3371168545.0,-7853467219.0,165.013,20.862,91.0453,50.6708,3.0628,6.8969
2024-11-27,22334.78,7465837064.0,324783934000.0,383216700257.0,-41060965873.0,2617538027.0,-13957331988.0,161.3023,20.9998,92.1188,50.5243,3.0614,6.5713
2024-11-28,22298.9,6876239566.0,320172537000.0,334110155664.0,-9885475810.0,3690922987.0,-8133800012.0,159.9535,21.0431,92.4344,50.5824,3.0181,6.7695
2024-11-29,22262.5,6121271991.0,322530203000.0,315469664319.0,-26465086897.0,4762816001.0,-2191111449.0,161.8588,21.1111,92.5421,50.7103,3.0281,6.7446
2024-12-02,22736.93,6539080603.0,323601502000.0,319505000963.0,15038976308.0,4726884709.0,277713621.0,163.3729,20.8447,91.3732,50.5428,3.0782,6.9421
2024-12-03,23027.46,8437009244.0,324153588000.0,404254973157.0,28605096693.0,329686607.0,4504664729.0,165.0119,20.6273,89.3987,50.4747,3.1152,7.1484
2024-12-04,23255.33,7115251523.0,325445363000.0,367010903277.0,25859900365.0,-2881244978.0,4217667937.0,166.4241,20.6161,88.301,50.7494,3.2134,7.4339
2024-12-05,23267.94,6865840875.0,328095552000.0,385870250881.0,4604695924.0,-1215884511.0,-539829692.0,166.5666,20.8232,87.1726,50.8231,3.1622,7.2197
2024-12-06,23193.27,6678931631.0,328557734000.0,370462134170.0,2002383857.0,-2582094853.0,-1763336291.0,166.203,20.9819,87.1588,51.0458,3.2158,7.3066
2024-12-09,23273.25,6787692853.0,330172749000.0,369738050330.0,4205394246.0,1120952557.0,-2714924536.0,165.9046,21.015,87.0865,50.7492,3.1946,7.3295
2024-12-10,23125.08,6780099371.0,328048331000.0,356364627908.0,-7014665903.0,-1430544418.0,-5736828787.0,164.4836,20.6444,86.0399,50.6019,3.1349,6.6911
2024-12-11,22903.63,6353873390.0,327759848000.0,339359773405.0,-17643684965.0,3851270968.0,-7594801628.0,164.5625,20.4312,85.0196,50.581,3.3256,7.2452
2024-12-12,23046.8,6832459195.0,327707322000.0,361573943620.0,-1720523768.0,1067787926.0,864893383.0,164.6378,20.4592,85.0882,50.5481,3.4957,7.2096
2024-12-13,23020.48,6829297118.0,324164354000.0,355185043778.0,-4033620876.0,2535673449.0,-8791323764.0,163.3107,20.4713,85.7727,50.4254,3.5262,7.0039
2024-12-16,23039.9,6906349717.0,320204766000.0,422293280364.0,15162776576.0,1641400585.0,-9767601692.0,160.8112,20.5706,86.7721,50.303,3.5807,6.3011
2024-12-17,23018.01,7111819945.0,320885324000.0,410745816406.0,3431441524.0,-318700425.0,-783228415.0,163.082,20.4134,85.367,50.2413,3.558,6.2794
2024-12-18,23168.67,7096609059.0,322704819000.0,411463787574.0,10424341480.0,1705709794.0,-5698987733.0,164.0179,20.2744,85.3104,50.0049,3.4679,6.3401
2024-12-19,22932.25,7634774939.0,323617443000.0,422126123640.0,-33299867299.0,-2339796431.0,-5715018826.0,163.0657,20.3123,84.5927,49.8369,3.5261,6.4458
2024-12-20,22510.25,8492203563.0,324670318000.0,479604508208.0,-48677001842.0,389143506.0,-6725911555.0,161.494,20.3976,85.591,49.6897,3.5372,6.7035
2024-12-23,23104.54,6879560649.0,323358374000.0,361211114769.0,39427819503.0,135135998.0,5720740848.0,164.0373,20.178,83.6484,49.5766,3.5421,6.6638
2024-12-24,23120.24,6550529457.0,323230685000.0,347257591668.0,14252231871.0,-1797728523.0,4704545142.0,163.9116,20.0513,83.6189,49.2943,3.5088,6.7107
2024-12-25,23220.13,5918131269.0,324809147000.0,310444641888.0,11115777484.0,-1504166663.0,5964666955.0,165.5649,19.909,82.5881,49.1585,3.6336,7.6552
2024-12-26,23246.94,5748734408.0,326328530000.0,306847345495.0,3458815716.0,155844144.0,1899056752.0,165.68,19.836,82.4001,49.2687,3.6124,8.4999
2024-12-27,23275.68,5282782893.0,325477253000.0,292616349470.0,5475499214.0,-1797130224.0,1271789478.0,165.3605,19.9514,82.7204,49.4846,3.6329,7.4068
2024-12-30,23190.2,5188922650.0,326441023000.0,274794064764.0,-6485892249.0,-1281049879.0,-2800053125.0,164.2365,19.8861,83.273,49.2882,3.7342,7.7977
2024-12-31,23035.1,5527015517.0,327558296000.0,273480515893.0,-18450459113.0,-1202771479.0,-3332122265.0,164.8382,19.9436,83.802,49.1743,3.7901,7.389
2025-01-02,22832.06,6901476303.0,329543807000.0,379129283886.0,-27397601102.0,-2222087035.0,-7881588830.0,162.8596,19.946,84.1585,49.2965,3.8289,7.9319
2025-01-03,22908.3,6197928734.0,327869937000.0,337042271244.0,9168129140.0,931010125.0,1182552780.0,162.5146,20.0529,84.0588,49.3454,3.7463,7.9639
2025-01-06,23547.71,7153019323.0,329747315000.0,423854591358.0,52006412324.0,-1096860328.0,13460077696.0,165.3817,20.1017,85.605,49.74,3.6389,8.0254
2025-01-07,23651.27,7417093353.0,329173490000.0,439064706443.0,11320248188.0,-889274049.0,7050046265.0,165.8728,20.3482,86.9743,49.9515,3.6377,7.4285
2025-01-08,23407.33,6069785523.0,330129522000.0,371279269125.0,-15943442097.0,-2037849732.0,-767023205.0,165.3466,20.5096,87.9388,50.0532,3.623,7.3585
2025-01-09,23081.13,6729365148.0,325643838000.0,393066234237.0,-29143635670.0,-2789611591.0,-11217421312.0,161.2617,20.5687,89.7801,50.3084,3.5311,7.3898
2025-01-10,23011.86,6018777446.0,323066309000.0,342751185595.0,-17192952317.0,-912204455.0,-6700161377.0,160.2446,20.7554,90.8043,50.3278,3.5081,7.2878
2025-01-13,22488.33,7967679227.0,315535016000.0,461468820203.0,-54435782755.0,3523467613.0,-16952297646.0,155.8457,20.8742,92.0416,49.932,3.4743,6.6365
2025-01-14,22797.52,5077382309.0,314958672000.0,281221487413.0,-12995034073.0,4427564256.0,-2998336177.0,158.3261,20.8684,92.2021,49.9508,3.5215,5.4109
2025-01-15,22514.57,5200875025.0,314732916000.0,301546910953.0,-29583200863.0,1348659625.0,-7628263507.0,157.0164,21.108,94.0935,50.1171,3.6201,5.664
2025-01-16,23025.1,5748443851.0,312466298000.0,342212868225.0,25352315094.0,-4141218843.0,8955836817.0,160.0553,21.1499,93.3674,50.1231,3.7237,5.8184
2025-01-17,23148.08,5442058343.0,309772573000.0,328202713193.0,13211785391.0,-1581606932.0,-756562808.0,159.5836,20.659,86.2652,49.6711,3.7139,5.7669
2025-01-20,23266.82,5022728587.0,309018640000.0,279923971725.0,9159647837.0,2327497734.0,2428174616.0,162.2339,20.8655,86.2812,49.9503,3.7658,5.7666
2025-01-21,23300.01,4315813970.0,307774487000.0,262317819587.0,259149175.0,1325942937.0,-2201838121.0,162.3207,20.7846,85.857,49.9745,3.8126,5.8639
2025-01-22,23525.41,5160999257.0,305287551000.0,357689238684.0,15618985734.0,767169584.0,3990834040.0,163.5712,20.9746,87.0575,50.1478,3.7609,5.9659
2025-02-03,22694.71,7689151963.0,305187136000.0,525040931202.0,-74379746765.0,9890099472.0,-20398561311.0,158.6962,20.2783,84.2095,49.362,3.8735,5.6475
2025-02-04,22793.96,6940459300.0,305710074000.0,422445543425.0,-15256468538.0,-1814343616.0,-3899825106.0,158.4396,20.3882,84.1019,49.4899,3.8223,5.4514
2025-02-05,23161.58,5984578780.0,305601281000.0,358769679873.0,25403258523.0,4877790362.0,2672751573.0,161.9222,20.157,82.0067,49.4631,3.9433,5.5242
2025-02-06,23316.6,5581052121.0,305934753000.0,341201513147.0,2896083966.0,2730147022.0,1670663525.0,163.4196,20.1878,81.3194,49.3803,4.0806,5.5947
2025-02-07,23478.27,5980328909.0,306034473000.0,362285982102.0,14166329151.0,1639438415.0,6304842762.0,165.3909,20.157,80.8073,49.6647,4.1476,5.5563
2025-02-10,23252.14,5799480347.0,308721920000.0,334793847718.0,-18890820754.0,96602183.0,-5190779456.0,164.1919,20.1786,80.3614,49.6803,4.1345,5.5038
2025-02-11,23384.05,5923166370.0,309154193000.0,355049928998.0,9301893384.0,2877096866.0,-242290692.0,165.4051,20.3021,80.793,49.6475,4.1154,5.5153
2025-02-12,23289.75,6224128986.0,311523857000.0,378582968874.0,2633148447.0,-3507595170.0,-61589616.0,165.1748,20.102,80.3188,49.2922,4.097,5.9427
2025-02-13,23399.41,7333190894.0,313023678000.0,386860774177.0,1077795016.0,1154301058.0,5452543429.0,166.9115,19.9811,79.9932,49.2504,4.2003,5.8496
2025-02-14,23152.61,7543572464.0,313574044000.0,415069809659.0,-24592652980.0,-3193639954.0,-2629582495.0,166.5157,19.8375,79.8338,49.1012,4.2405,5.9209
2025-02-17,23505.33,7348992216.0,314922889000.0,371896633006.0,24746848628.0,4681851979.0,3455460599.0,168.1015,19.7066,78.5943,49.086,4.334,5.9906
2025-02-18,23666.11,6663218845.0,316399005000.0,339491493248.0,8167386780.0,-2182902287.0,1866415669.0,169.0219,19.7207,78.578,49.5132,4.4235,5.9822
2025-02-19,23604.08,7287234134.0,319292844000.0,389633272203.0,-2577155686.0,-5984721539.0,-2978939211.0,169.1071,19.5655,77.5464,49.449,4.3624,6.1278
2025-02-20,23487.46,7049129458.0,321311666000.0,391059983367.0,-16797318303.0,-6449621962.0,-640529867.0,168.3476,19.6079,77.2781,49.1735,4.2487,6.2895
2025-02-21,23730.25,7160637295.0,321783865000.0,400289543940.0,17886537125.0,-4805264874.0,4200933832.0,169.793,19.7083,77.4574,49.153,4.1617,6.435
2025-02-24,23565.31,7075015428.0,323434570000.0,373514736958.0,-19528331322.0,2695968911.0,-3818991440.0,169.5827,19.6186,77.2163,48.8945,3.9802,6.6837
2025-02-25,23285.72,7531906148.0,324483022000.0,412097170896.0,-51338521546.0,1121600076.0,-9393614366.0,167.031,19.5697,77.4388,48.7415,3.9224,7.54
2025-02-26,23402.55,6886556787.0,325413294000.0,383306082091.0,-3791490804.0,-2036484679.0,-4156060642.0,167.635,19.8293,78.8076,48.8504,3.8421,6.5645
2025-02-27,23053.18,8994191747.0,324284623000.0,549961479162.0,-45109309697.0,-8000528039.0,-6765449481.0,164.8793,19.9412,79.4644,48.663,3.7899,5.8777
2025-03-03,22756.25,7315722624.0,324050396000.0,439596984655.0,-57039511508.0,9284910113.0,-15356464426.0,161.7848,20.0191,80.1805,48.7074,3.5368,5.8025
2025-03-04,22596.88,7667305249.0,326111501000.0,415745130742.0,-52465267919.0,7470300467.0,-11364114154.0,162.9515,20.1755,81.4966,48.7505,3.4079,5.8918
2025-03-05,22871.9,7220068963.0,328033352000.0,369732472552.0,-14069586394.0,3322434830.0,-5068293911.0,164.7755,20.3767,81.8135,48.5736,3.4413,6.1325
2025-03-06,22715.43,6624545535.0,328609499000.0,360345720860.0,-26122240322.0,2872980415.0,-5273568006.0,163.9927,20.3211,81.5821,48.444,3.5625,6.2314
2025-03-07,22576.07,6465829764.0,327851463000.0,367291980202.0,-29502032163.0,2667608011.0,-11206901198.0,162.233,20.4276,82.6733,48.3292,3.5286,6.0721
2025-03-10,22459.15,6345999382.0,327246302000.0,354962067264.0,-28718490139.0,4402694552.0,-10138385370.0,161.535,20.3204,81.9039,48.3085,3.2371,5.9765
2025-03-11,22071.09,8053156074.0,325806691000.0,428932802487.0,-46061876346.0,6170962339.0,-21384177015.0,159.3744,20.5794,83.1509,48.4013,3.042,7.0469
2025-03-12,22278.36,6682514475.0,327694493000.0,350646223635.0,-17210260037.0,6042669661.0,-6665546719.0,160.6144,20.6886,83.41,48.5344,3.007,7.1195
2025-03-13,21961.68,7430996227.0,326414588000.0,378659811240.0,-23575285776.0,1718925391.0,-6683858478.0,158.6844,20.6491,83.1763,48.5702,2.8387,5.6453
2025-03-14,21968.05,7243124747.0,325694534000.0,348283533120.0,-10485385086.0,7509384789.0,-4497915486.0,159.5812,20.4956,82.8504,48.6148,2.8628,5.8941
2025-03-17,22118.63,6360352806.0,325360733000.0,310401135708.0,-10305668561.0,7694027663.0,-4555425319.0,160.1046,20.2825,81.7804,48.5885,2.7468,5.4314
2025-03-18,22271.67,5824074264.0,324691148000.0,282886860039.0,-4575583122.0,10843717915.0,-3814816952.0,161.6502,20.2571,81.6454,48.7679,2.7701,6.0262
2025-03-19,21960.83,6087757032.0,324290100000.0,316992611689.0,-34245694358.0,390763007.0,-4979928637.0,159.5829,20.4006,81.9903,48.6851,2.6354,5.9398
2025-03-20,22377.26,5714382919.0,324238426000.0,278247603930.0,22039023316.0,-441424828.0,3215499864.0,161.4993,20.3237,81.6573,48.8432,2.4909,6.0195
2025-03-21,22209.1,6429617622.0,324119474000.0,333354118714.0,-17684809866.0,2661221181.0,-3277850781.0,160.7719,20.3339,81.9037,48.939,2.0812,6.185
2025-03-24,22106.64,5021528942.0,323759132000.0,251044538014.0,-11472387248.0,3056508896.0,-3489044458.0,158.8537,20.3304,81.7901,48.6091,2.0727,5.6269
2025-03-25,22273.19,4993587020.0,322275801000.0,256973561881.0,6409097691.0,3452290762.0,323261297.0,159.3512,20.215,81.7791,48.5301,2.0186,5.8882
2025-03-26,22260.29,4406501724.0,321865442000.0,223198487361.0,-226128246.0,3521258996.0,852996331.0,159.9717,20.2075,81.8558,48.5044,2.0557,5.4669
2025-03-27,21951.76,5608186918.0,321121581000.0,279802802176.0,-38787163277.0,5283467735.0,-6010990035.0,157.9493,20.2147,82.2087,48.3194,2.1927,5.4472
2025-03-28,21602.89,6814236162.0,316022604000.0,327112874385.0,-33668569880.0,3086913085.0,-16016582181.0,154.314,20.6873,84.8141,48.3603,2.151,5.1267
2025-03-31,20695.9,8683910354.0,300314124000.0,437475392711.0,-37854717204.0,8165336812.0,-22036710549.0,147.4247,21.1238,86.9117,47.8004,2.1921,4.902
2025-04-01,21280.17,5826078127.0,298958157000.0,278254400622.0,-4386891595.0,5344076793.0,-3911604501.0,151.2436,21.0034,85.7921,47.9148,2.1454,4.8477
2025-04-02,21298.22,4985282024.0,298816651000.0,240146859369.0,-1049361618.0,1929076363.0,-3963393228.0,152.4823,20.8307,84.9503,47.988,2.0474,4.9193
2025-04-07,19232.35,5683302502.0,285252992000.0,166095041450.0,16821023092.0,-236394610.0,-903715031.0,139.6771,20.7864,85.3244,47.8949,2.2862,5.0021
2025-04-08,18459.95,12393863553.0,256789020000.0,577950957444.0,-34183001627.0,-1708643095.0,-12672290611.0,135.3119,21.781,95.5526,48.2351,1.8612,4.5602
2025-04-09,17391.76,12614257140.0,223785029000.0,590040522967.0,-35641379997.0,-980763959.0,-10318878646.0,130.3,22.0246,102.2077,48.3527,1.9508,3.6189
2025-04-10,19000.03,5329120133.0,222431725000.0,208504485334.0,-5686895685.0,2310161752.0,-3819744248.0,144.2227,23.1251,114.3377,48.9458,1.7801,3.4402
2025-04-11,19528.77,9129660662.0,213955822000.0,527108374659.0,30516668815.0,9841494316.0,-8561632595.0,148.1344,22.5943,103.0618,48.6885,1.8246,2.2981
2025-04-14,19513.09,7665646173.0,212803927000.0,474947203845.0,-18627027929.0,4843390627.0,-13256866020.0,150.9388,22.6535,102.4196,48.9003,2.1455,2.2607
2025-04-15,19857.67,5242983763.0,213994817000.0,305561723714.0,-489664693.0,2548763075.0,-7005275449.0,155.9513,22.4403,99.6386,48.9694,2.2446,2.1591
2025-04-16,19468.0,5216346236.0,214549780000.0,296550497546.0,-21007789335.0,745659610.0,-14234503797.0,151.9914,22.445,100.3286,48.7228,2.2453,2.1335
2025-04-17,19338.73,4599431706.0,216020028000.0,257584164735.0,-13620816803.0,-1612862273.0,-2953505959.0,152.362,22.7,103.0029,49.0356,2.2166,2.152
2025-04-18,19395.03,3792878040.0,215979291000.0,201639077744.0,-15199414766.0,1968911040.0,-2724657727.0,152.5652,22.6599,102.9061,49.0409,2.2401,2.2807
2025-04-21,19106.2,4486948824.0,212486669000.0,213646250942.0,-1950534812.0,2464807392.0,-6661047100.0,148.7418,22.6322,101.8328,49.0086,2.4253,2.3616
2025-04-22,18793.43,4881720763.0,210932049000.0,250003984052.0,-5243129009.0,-513716700.0,-5635439448.0,147.0376,22.3797,101.0339,48.9083,2.517,1.8973
2025-04-23,19639.14,5314940502.0,210393071000.0,275548700667.0,26370251674.0,2988630916.0,128413286.0,152.9576,22.3103,99.9057,48.992,2.7067,1.7917
2025-04-24,19478.81,4358134847.0,210093888000.0,248994902573.0,-6208837316.0,1973321186.0,-3577329545.0,152.6486,22.2101,97.74,48.7457,2.7875,1.3449
2025-04-25,19872.73,4961167477.0,208844606000.0,298510240543.0,14568194329.0,4149661742.0,2739004897.0,155.651,21.9185,95.7233,48.683,2.8907,1.3458
2025-04-28,20034.41,3948682101.0,208154193000.0,222995069262.0,5866675290.0,2351778701.0,-373275497.0,157.223,21.811,93.249,48.7543,3.006,1.3585
2025-04-29,20232.63,4654115665.0,209008974000.0,250105465896.0,9381548288.0,185524909.0,-344053079.0,159.5844,21.5556,90.9805,48.606,2.9882,1.4009
2025-04-30,20235.03,5103616376.0,209669672000.0,282189467291.0,-1656896976.0,-100884084.0,-8179530937.0,157.8581,21.3605,90.1374,48.5185,3.5334,1.3928
2025-05-02,20787.64,5955569594.0,209351182000.0,339534825350.0,38773013562.0,868239420.0,-1057037251.0,161.5718,21.6892,91.6059,48.5874,3.6125,1.381
2025-05-05,20532.99,7760468724.0,208867379000.0,396674099865.0,24440856662.0,-1223727418.0,-11162770909.0,158.2079,21.6715,90.7344,48.0833,3.8602,1.3663
2025-05-06,20522.59,5768063988.0,209482846000.0,314921423075.0,15753975154.0,883716015.0,-11795352975.0,159.5476,21.8416,90.8852,48.2885,3.8924,1.3833
2025-05-07,20546.49,5075266647.0,209439756000.0,276452299522.0,13645290933.0,-2899850467.0,-9994976588.0,158.8788,21.7961,91.0011,48.4219,3.8178,1.3983
2025-05-08,20543.4,4516660206.0,209567416000.0,255842394901.0,1484409718.0,788265076.0,-1524555452.0,160.7788,21.6864,89.9137,48.4221,3.7464,1.2778
2025-05-09,20915.04,5297103516.0,209817781000.0,303145142635.0,22732275401.0,1409909060.0,-401272851.0,162.2191,21.6252,90.0681,48.6172,3.7799,1.2983
2025-05-12,21129.54,5246162892.0,210111994000.0,286880121757.0,16618482149.0,2632887907.0,-2104469793.0,165.0256,21.5825,89.155,48.86,3.8499,1.3213
2025-05-13,21330.14,6807098682.0,210508471000.0,414876050071.0,15156583067.0,1327064143.0,2298298295.0,166.2451,21.756,90.1531,48.9557,3.8767,1.2231
2025-05-14,21782.87,6994105576.0,212011750000.0,435325777480.0,44692333399.0,3192385728.0,14209188643.0,169.3053,22.0468,92.0004,49.2829,3.8502,1.2948
2025-05-15,21730.25,6398847326.0,213312394000.0,352701130386.0,7510831566.0,1883468175.0,-383730101.0,168.5429,21.7739,90.4035,48.8871,3.7869,1.2091
2025-05-16,21843.69,6558510923.0,216410527000.0,349825446057.0,15689717026.0,-3195099636.0,-607050577.0,168.7516,21.9391,89.5249,48.171,3.8262,1.1846
2025-05-19,21523.83,6118958991.0,216535926000.0,336411887107.0,-13050015446.0,352816797.0,-4016070791.0,165.484,21.721,88.5442,47.8967,3.7477,1.1721
2025-05-20,21526.03,5030140371.0,217435458000.0,281060270227.0,5354952291.0,389397297.0,1408516434.0,166.3469,22.051,90.3871,48.433,3.804,1.1614
2025-05-21,21803.91,5594779740.0,217856446000.0,304825349622.0,30231924243.0,5046246041.0,3595095630.0,168.4959,22.1048,90.3882,48.6215,3.8154,1.2628
2025-05-22,21670.96,5976457767.0,220045068000.0,303639249474.0,2440725883.0,4614821573.0,-4555121850.0,167.4191,22.1179,90.6633,48.3901,3.9045,1.7015
2025-05-23,21652.24,5316070068.0,219546355000.0,313775509301.0,-3032049629.0,6404944983.0,-6828560304.0,166.9992,21.7426,90.035,48.5817,3.8805,1.1459
2025-05-26,21536.57,5330804601.0,220657750000.0,303248571571.0,13266356179.0,2530055644.0,-11829263112.0,166.1253,21.4962,88.9951,48.493,3.8159,1.1375
2025-05-27,21336.54,5893760181.0,220599614000.0,319554934321.0,-10270949809.0,4204545078.0,-12652186025.0,164.874,21.6835,90.781,48.8014,3.7575,1.1315
2025-05-28,21357.72,5670506053.0,220246367000.0,332260752364.0,-786893672.0,1798696776.0,-2669711233.0,164.6132,21.5684,90.8169,48.8239,3.7485,1.1112
2025-05-29,21347.3,7561868814.0,221181413000.0,480476847321.0,-20665895205.0,7814352765.0,6083479107.0,165.0025,21.7431,92.6571,48.9215,3.7911,1.1201
2025-06-02,21002.71,6799184355.0,221528741000.0,357964491699.0,-53869463620.0,9709673591.0,-10539445744.0,162.1154,21.8923,92.8463,48.6551,3.5906,1.1542
2025-06-03,21126.93,6212282158.0,221857705000.0,356029228852.0,-13246218371.0,12632266230.0,-459828325.0,163.1244,21.8493,92.1844,48.8991,3.839,1.1525
2025-06-04,21618.09,6939766989.0,222950998000.0,416698575220.0,20337523472.0,4786430300.0,3716692294.0,166.2474,22.0337,90.8979,49.1199,3.846,1.1294
2025-06-05,21674.43,6479408591.0,222431847000.0,370407613418.0,66325434.0,-2361320616.0,-4017420372.0,166.3614,21.842,90.0839,49.181,3.7978,1.1324
2025-06-06,21660.66,5283685603.0,222353111000.0,306326887550.0,-13673476019.0,3727698120.0,-2455231216.0,165.7165,21.7874,89.5129,49.2521,3.7727,1.1929
2025-06-09,21790.29,5424065394.0,222414142000.0,307755303958.0,-69101436.0,3432096655.0,112964898.0,165.7986,21.8203,90.4461,49.1409,3.8562,1.1192
2025-06-10,22242.14,6797923817.0,220627683000.0,402770551130.0,39925702068.0,3224348124.0,8951174745.0,167.6992,21.6669,90.571,49.202,3.8514,1.1345
2025-06-11,22470.1,6677404614.0,222185864000.0,411974082607.0,7929868757.0,4650198969.0,2141184344.0,168.8277,22.0389,92.2921,49.2724,3.5983,1.485
2025-06-12,22287.82,5845048888.0,223680596000.0,350086370163.0,354421187.0,-3051000919.0,389588512.0,167.2103,21.9981,91.0602,49.4565,3.7997,1.5085
2025-06-13,22072.95,6908522212.0,223309479000.0,374682954150.0,-796594999.0,4980380719.0,-13524247572.0,164.7963,21.9119,90.2967,49.0232,4.1145,1.6735
2025-06-16,22049.9,5524506597.0,224418003000.0,298283417109.0,12914479.0,2739590859.0,-5749569400.0,165.2486,21.5578,88.0544,49.0663,3.83,1.5879
2025-06-17,22211.59,6125208525.0,224287636000.0,374245537952.0,6218412461.0,8317048999.0,-10178017636.0,165.8172,21.7239,90.5173,49.1357,3.5591,1.5839
2025-06-18,22356.73,6399812298.0,224753502000.0,394797009579.0,11611435415.0,1898247700.0,-1220767347.0,166.1263,21.3837,89.8973,49.4597,3.6755,1.734
2025-06-19,22003.5,5689009009.0,225036136000.0,337907299094.0,-21298548282.0,-2075409754.0,-5294398496.0,162.057,21.6027,89.8129,50.3268,3.6713,2.4758
2025-06-20,22045.74,6862237230.0,224123342000.0,463891770965.0,-4914746317.0,1252957217.0,-5829080908.0,160.4482,21.9479,91.5978,50.2432,3.5363,1.4968
2025-06-23,21732.02,5617706428.0,224437558000.0,314404805401.0,-14882763941.0,2976072821.0,-1339799261.0,161.3663,21.8474,91.2465,49.4884,3.4474,1.5145
2025-06-24,22188.76,7011455635.0,224318492000.0,401630916668.0,29265439747.0,454295004.0,4313009703.0,164.6819,21.5704,89.4146,49.3697,3.4689,1.2828
2025-06-25,22430.61,6335015793.0,224189539000.0,401074986062.0,35596556474.0,5348838113.0,1820809035.0,165.6411,21.5206,88.9779,49.7159,3.468,1.6136
2025-06-26,22492.34,6410607751.0,224719022000.0,399984776279.0,33851794801.0,-3882787776.0,-10989189199.0,165.6236,21.2617,87.2942,49.4016,3.3282,2.5417
2025-06-27,22580.08,6064087692.0,225228402000.0,374841846059.0,33373290402.0,2634603923.0,-15279791744.0,165.7798,21.3404,87.5843,49.5904,3.2664,2.3257
2025-06-30,22256.02,5791190538.0,226292649000.0,365764595737.0,-2418766199.0,-862413111.0,-671752263.0,166.2984,21.5996,89.3442,49.4296,3.2487,1.7366
2025-07-01,22553.72,6415082209.0,225161417000.0,421991169974.0,48251282645.0,-4692273184.0,8994023128.0,167.1235,21.6148,87.8358,49.4108,3.2865,1.5029
2025-07-02,22577.74,5101662453.0,225315996000.0,304435099272.0,6100099895.0,-1316321896.0,1143195294.0,167.4762,21.6658,88.1277,49.3788,3.2915,1.6525
2025-07-03,22712.97,6029111627.0,225841159000.0,383825214993.0,29623479139.0,-5208363247.0,5345154249.0,168.3434,21.5657,88.3318,49.4247,3.4391,1.8134
2025-07-04,22547.5,5632671624.0,223751212000.0,331133814557.0,554776863.0,-4618370583.0,201509896.0,165.8743,21.7446,89.0527,49.479,3.459,2.6152
2025-07-07,22428.72,4962856527.0,221554232000.0,269071472316.0,-5579015864.0,-2386741813.0,2224235894.0,164.2664,21.519,88.0247,49.474,3.5434,2.5514
2025-07-08,22362.27,5407011400.0,222090108000.0,282705631857.0,638792442.0,-133702376.0,4479211588.0,163.8582,21.722,88.9409,49.8667,3.6423,2.4175
2025-07-09,22527.01,5646619850.0,222618366000.0,322528415208.0,8249323659.0,-297231786.0,2802342405.0,165.7645,21.7696,88.7565,49.8563,3.9395,2.4432
2025-07-10,22693.25,5553213493.0,224196382000.0,327393549950.0,10112184462.0,72774205.0,119744126.0,166.2759,21.755,88.9649,49.7631,3.9893,2.9528
2025-07-11,22751.03,7092180625.0,224058848000.0,337982404672.0,17055333325.0,-2202313892.0,2800161148.0,166.9945,21.4527,87.6977,49.5783,4.0226,2.9537
2025-07-14,22614.97,4853105700.0,224437905000.0,281512623505.0,-2745762260.0,-990359158.0,-7735292096.0,163.8049,21.4305,87.4765,49.2921,3.9757,2.9808
2025-07-15,22835.94,5429807871.0,226722755000.0,319870598000.0,18552334347.0,-450513764.0,3371205512.0,165.4052,21.6872,90.2738,49.9412,3.9975,3.6795
2025-07-16,23042.9,6375009305.0,226872563000.0,391295025263.0,13904455627.0,2531636541.0,7860562655.0,166.0858,21.787,93.462,50.4217,4.2963,3.6872
2025-07-17,23113.28,5826064387.0,227981188000.0,343559779087.0,491458351.0,-874370364.0,10311151830.0,167.6308,21.6937,93.2688,50.4909,4.2983,3.691
2025-07-18,23383.13,6130525974.0,228111365000.0,381297826285.0,31007550251.0,3375993489.0,7516888358.0,168.8101,21.5313,91.4356,50.4809,4.2816,3.8346
2025-07-21,23340.56,5279612934.0,229477188000.0,316345580296.0,4129645295.0,-2887288583.0,2086223889.0,168.2634,21.367,90.0532,50.6837,4.1385,3.8497
2025-07-22,22987.92,6889507061.0,224554075000.0,449009636028.0,10024486454.0,-2521022464.0,4296291125.0,164.6918,20.9867,87.4055,50.3377,4.0331,3.8633
2025-07-23,23318.67,6238239859.0,227983846000.0,360908872117.0,8431688850.0,-1192160484.0,10716235115.0,167.637,21.1021,88.9708,50.6818,4.1406,3.8908
2025-07-24,23373.73,6322628546.0,229227323000.0,348331144582.0,10152845989.0,-755461310.0,3312637410.0,170.153,21.2246,90.0694,50.3135,3.8285,4.0183
2025-07-25,23364.38,5964609783.0,229580905000.0,302559239716.0,7361205242.0,2031030521.0,1087240164.0,169.5212,21.1675,89.4216,50.2283,3.818,3.9739
2025-07-28,23412.98,5994460798.0,230048512000.0,323398574763.0,4675390630.0,3448784246.0,5324652699.0,170.5547,20.9978,88.2009,50.3544,3.7741,4.0709
2025-07-29,23201.52,6685041420.0,229520930000.0,390574563588.0,-16533219311.0,3837859356.0,6568820903.0,169.1553,20.9369,87.6299,50.43,3.4037,4.0801
2025-07-30,23461.72,6095108673.0,229782020000.0,336226659269.0,14112204090.0,1437205201.0,5373767118.0,165.5757,19.9658,85.3476,51.4888,3.6233,4.1599
2025-07-31,23542.52,7079439551.0,231315484000.0,412096428336.0,9388571808.0,17825528.0,8399137399.0,170.1809,20.9265,88.5272,50.0773,3.5334,4.7792
2025-08-01,23434.38,6950284768.0,232588286000.0,404788588802.0,-7033238508.0,800724259.0,371874591.0,171.0198,20.784,87.4509,50.2858,3.5282,4.9857
2025-08-04,23378.94,6547254437.0,233410481000.0,339596557905.0,11303634679.0,2305202788.0,-9852579953.0,169.8661,20.6363,85.6783,50.0927,3.3854,4.9962
2025-08-05,23660.59,6610002920.0,235386924000.0,380074357026.0,11487780180.0,3666838413.0,4525435064.0,171.3603,20.5338,84.5301,50.4098,3.4367,5.0535
2025-08-06,23447.36,6009196963.0,236036183000.0,361183155977.0,-10820572461.0,1809040245.0,-2486144952.0,170.7414,20.1049,82.7755,50.053,3.4901,4.9701
2025-08-07,24003.77,7106666762.0,237514928000.0,467380441728.0,43239484056.0,1116606178.0,5518650529.0,172.0039,20.2895,84.4703,50.3187,3.6042,5.0151
2025-08-08,24021.26,7010275195.0,238613969000.0,432109965420.0,-3256238186.0,-1861859628.0,1292549715.0,172.925,20.3788,83.8267,50.3479,3.6112,4.9912
2025-08-11,24135.5,7230198655.0,242509549000.0,437210225957.0,-3985502559.0,428896562.0,3574496743.0,173.8743,20.5758,85.0387,50.6495,3.6241,4.9946
2025-08-12,24158.36,7513604403.0,243266443000.0,430747663190.0,-5731106152.0,-61610845.0,478638979.0,174.2211,20.337,85.9368,50.807,3.7321,4.9303
2025-08-13,24370.02,8864976375.0,242383930000.0,573873489672.0,7036580411.0,-1502399863.0,2877054062.0,173.9144,20.4515,84.8299,50.7094,3.7461,4.8954
2025-08-14,24238.1,7941972349.0,245037336000.0,486603622585.0,-4460109509.0,-2045083709.0,3884184380.0,173.3771,20.6356,85.2816,50.4152,3.7842,4.6453
2025-08-15,24334.48,7913302231.0,248323607000.0,454217776031.0,5373846115.0,-3356859132.0,2575066671.0,174.3328,20.6689,85.4794,50.3235,3.8615,5.0511
2025-08-18,24482.52,8459665044.0,249893217000.0,457868280041.0,4638950093.0,1731672993.0,7867966.0,176.3705,20.0167,82.0003,50.1129,3.9622,5.3053
2025-08-19,24353.5,8279842992.0,250196431000.0,477889208524.0,-11007665546.0,-1642414216.0,-6109036859.0,173.3499,19.763,80.3749,50.1508,3.9399,5.1183
2025-08-20,23625.44,8611743600.0,248938691000.0,572237896405.0,-62668571933.0,-2734736666.0,-3624829038.0,167.7758,19.6135,79.8864,49.6703,3.6647,5.3321
2025-08-21,23962.13,6990398614.0,251706436000.0,420673855060.0,-10078910548.0,1604056355.0,2406528593.0,170.687,19.6097,79.9614,49.9801,3.7228,5.3364
2025-08-22,23764.47,6571719689.0,251544566000.0,369732364563.0,-16397993687.0,-1163084639.0,-1027445143.0,169.4783,19.5515,78.9855,49.8451,3.7359,5.6657
2025-08-25,24277.38,7201907890.0,253933965000.0,431825644540.0,24114791914.0,3231606250.0,5733999926.0,174.9215,19.2685,78.1991,50.3433,3.977,6.1331
2025-08-26,24305.1,8259451660.0,255260819000.0,532063118603.0,-14508100864.0,-2425226828.0,3323825855.0,175.4773,19.2112,77.9672,50.4526,4.0676,6.0332
2025-08-27,24519.9,7675360712.0,258305814000.0,467302614203.0,-1947570889.0,-1647591422.0,11064706383.0,177.2143,18.9987,76.977,50.6286,3.9704,6.2209
2025-08-28,24236.45,7619400963.0,260232173000.0,449197099212.0,-9520531049.0,-2760035692.0,-1348886999.0,176.3602,18.6438,74.855,50.6233,3.9492,6.2241
2025-08-29,24233.1,7716714041.0,262327206000.0,478348167874.0,-8635002338.0,-335109173.0,333746492.0,177.2875,18.6018,74.8614,50.6803,3.9849,6.0496
2025-09-01,24071.73,7882519521.0,259146921000.0,522538354934.0,-7666900296.0,-3059842787.0,-10867114741.0,172.5593,18.6665,74.93,50.4985,3.9676,5.5975
2025-09-02,24016.78,6868073676.0,259012511000.0,420249878093.0,7786239530.0,-6102683470.0,-586657105.0,170.8873,18.9855,75.0622,50.6425,3.8406,5.2505
2025-09-03,24100.3,6215237843.0,261032905000.0,375154827165.0,8199762036.0,-637699825.0,2420808288.0,172.7736,18.8461,74.6418,50.7723,3.9728,5.2487
2025-09-04,24179.85,7455297262.0,261541660000.0,450547881333.0,11808136125.0,-1545453579.0,1371151322.0,171.5401,19.2493,75.5608,51.0416,3.8546,4.5904
2025-09-05,24494.58,6973379276.0,264481986000.0,426569974111.0,28281116909.0,-433975608.0,5177669421.0,173.5993,19.1697,75.5238,51.5863,3.9185,4.7292
2025-09-08,24547.38,7768998687.0,266510445000.0,443185374596.0,14618525216.0,-1220126071.0,2598212260.0,174.2703,19.0922,75.0059,52.0867,3.8233,4.8209
2025-09-09,24855.18,8091742979.0,267537039000.0,512534389842.0,35653694959.0,-1782067231.0,4655266115.0,174.4287,19.0419,74.2394,52.3919,3.8837,4.7715
2025-09-10,25192.59,8693632992.0,269963070000.0,540470187649.0,48947944283.0,-2727385240.0,11453485300.0,175.711,19.2493,74.3934,52.65,3.9227,4.9471
2025-09-11,25215.71,9553641157.0,265854797000.0,609494103234.0,32999661731.0,-6271656501.0,1773285798.0,173.3418,19.5134,75.8495,52.3383,4.0021,5.2968
2025-09-12,25474.64,7830621434.0,265614897000.0,495051339127.0,26538500007.0,-5810072034.0,4941993693.0,173.2257,19.0439,74.288,52.1809,4.0935,4.5954
2025-09-15,25357.16,6958333955.0,264210665000.0,407891369036.0,2546248589.0,-8246829092.0,996743279.0,171.7833,19.1427,74.1385,52.3589,4.0538,4.5232
2025-09-16,25629.64,7560459055.0,265856690000.0,455107630117.0,27003531062.0,-4513790695.0,1101546303.0,173.1518,18.7424,73.2147,52.4612,4.1048,4.5567
2025-09-17,25438.25,7849906030.0,264869230000.0,439687060953.0,-5734012058.0,-5314277279.0,-586369846.0,172.2369,18.69,72.7235,52.6967,4.4106,5.1583
2025-09-18,25769.36,8339290249.0,266808583000.0,467374300986.0,12153720716.0,-4987795065.0,10062482611.0,173.8387,18.7377,72.7398,53.4164,4.6006,4.9129
2025-09-19,25578.37,9787714693.0,268834779000.0,619694769912.0,-15745036443.0,-1937327805.0,5414707124.0,173.8076,18.8223,73.0502,53.687,4.6399,5.5404
2025-09-22,25880.6,7847993700.0,272458389000.0,482061403631.0,-6650808558.0,-5264117265.0,7763768812.0,174.8063,18.6375,72.5476,53.9821,4.3297,5.59
2025-09-23,26247.37,8950246446.0,272801313000.0,547004847440.0,10638719207.0,-1569628564.0,3205508461.0,174.2935,19.0768,73.7526,53.6842,4.2729,5.3893
2025-09-24,26196.73,7897848080.0,274650726000.0,515187636594.0,-12950186461.0,-8566887088.0,6951114347.0,172.8347,19.1943,74.4426,53.5348,4.3422,5.1057
2025-09-25,26023.85,8846470892.0,275265205000.0,503204151623.0,106720086.0,-1741264243.0,7017372982.0,171.2971,19.6571,76.4818,53.146,4.5438,5.4246
2025-09-26,25580.32,8334201118.0,271547451000.0,500052396638.0,-25157852509.0,-5652013477.0,-4525692203.0,167.3051,19.9201,76.7707,52.8875,4.1989,5.5229
2025-09-30,25820.54,6699602406.0,275429759000.0,455296213373.0,6550967708.0,696563422.0,5994898226.0,171.0549,20.5177,79.0441,53.7297,4.1712,5.7809
2025-10-01,25982.91,7679791251.0,276237290000.0,468840061902.0,12664964009.0,633133899.0,3297003911.0,171.2667,20.2709,78.5898,53.716,4.2085,6.4639
2025-10-02,26378.39,8085314896.0,278985046000.0,506683446386.0,23409818512.0,237157488.0,8823012020.0,171.9263,20.6447,80.3882,54.0549,4.4098,6.4808
2025-10-03,26761.06,7784825692.0,281879929000.0,480095576070.0,16959990133.0,-1689575342.0,6050341267.0,173.3894,20.8389,81.1596,54.7393,4.3565,6.4687
2025-10-07,27211.95,9348656371.0,283226480000.0,575780610445.0,676562801.0,-6712400915.0,11367965340.0,175.8222,21.2763,83.2967,55.2694,4.6047,6.4776
2025-10-08,27063.68,8261189883.0,283589136000.0,471275287964.0,-14094387269.0,-4346217344.0,3125885776.0,175.2763,20.8228,82.1302,55.3036,4.3374,6.7413
2025-10-09,27301.92,9444331803.0,285612707000.0,582670484489.0,4451256397.0,-2371509167.0,6033295063.0,175.4795,21.347,84.3003,55.5981,4.3938,6.3403
2025-10-13,26923.42,10191083804.0,283166811000.0,608460235868.0,-56312754939.0,-727586554.0,-10807071417.0,172.4959,21.18,85.5329,55.212,4.1796,6.0036
2025-10-14,26793.15,12066540173.0,275345144000.0,709086353790.0,-16348769283.0,-1875833093.0,-6248507878.0,167.8468,20.1869,83.8602,53.9308,4.2091,5.4866
2025-10-15,27275.71,8387861014.0,280251490000.0,521429411299.0,-15100216875.0,-1037201550.0,3177280148.0,170.3514,20.4978,86.3045,54.7828,4.1784,5.9284
2025-10-16,27647.87,9035460141.0,285280494000.0,565481652363.0,12959197265.0,200305686.0,10611204633.0,172.9924,21.2402,90.6407,55.1281,4.2408,5.9118
2025-10-17,27302.37,8962849575.0,285198688000.0,556452817043.0,-21997157761.0,-5764756289.0,-3855028422.0,171.4129,21.4756,90.205,54.9108,4.3969,5.804
2025-10-20,27688.63,8045886081.0,289524473000.0,498961206376.0,14222590437.0,-2992595188.0,5873713719.0,173.4531,22.2425,91.9508,55.2976,4.4318,5.6418
2025-10-21,27752.41,8507303277.0,290984087000.0,528880140832.0,-240714297.0,-3889235937.0,8554849944.0,174.5039,22.0859,90.6368,56.0337,4.3027,5.2504
2025-10-22,27648.91,7835590935.0,292885334000.0,463157561102.0,-22407410493.0,-2306397931.0,2750619314.0,174.1741,22.2127,90.7736,55.8249,4.3057,5.0656
2025-10-23,27532.26,7318554768.0,292588808000.0,434561455546.0,-23942493081.0,-1100436637.0,249528620.0,172.9331,22.0129,88.7183,56.1457,4.3486,4.9252
2025-10-27,27993.63,9337097751.0,295984232000.0,564293629882.0,32639212655.0,-3045273794.0,21567895025.0,175.9704,22.5474,90.727,57.037,4.4564,5.2602
2025-10-28,27949.11,8579810711.0,296373285000.0,555663566461.0,-27113846791.0,618383184.0,2534608111.0,176.0024,22.4866,90.4579,56.8055,4.4949,5.136
2025-10-29,28294.74,9076231278.0,300589167000.0,594219629472.0,7188118436.0,-4813902331.0,8613137795.0,177.0746,23.1955,94.2987,56.913,4.4793,4.3948
2025-10-30,28287.53,9446378341.0,298392447000.0,633558030252.0,1655522597.0,-5433478960.0,473652176.0,176.4534,23.4812,94.4327,56.7106,4.4878,4.2888
2025-10-31,28233.35,8339995492.0,301750958000.0,576144513446.0,-28396614914.0,-3478817647.0,7481409020.0,176.8171,23.0517,93.8606,56.9736,4.1699,4.4
2025-11-03,28334.59,8299689369.0,304336086000.0,581496914983.0,-8445597152.0,-24999420.0,-4493283.0,177.6358,22.9828,93.5467,57.0719,4.1858,4.548
2025-11-04,28116.56,8404740088.0,300318118000.0,604283395876.0,-7631187320.0,3644389392.0,-6840707173.0,173.7441,22.8166,92.7079,56.5345,4.0581,4.4317
2025-11-05,27717.06,8989778518.0,302885861000.0,619346788683.0,-57527398939.0,-1402487077.0,-6161215440.0,172.7647,23.5918,98.8983,56.4245,4.075,4.6993
2025-11-06,27899.45,7863001986.0,307908099000.0,514272235406.0,-5161228109.0,2713254081.0,4390237447.0,175.8989,24.3276,102.4179,57.1613,4.1575,4.213
2025-11-07,27651.41,7878592276.0,307760690000.0,486727226387.0,-35356498169.0,-1389320008.0,-10584156767.0,173.0171,24.4017,102.7008,56.9898,4.0974,4.6526
2025-11-10,27869.51,7491028505.0,310128798000.0,504213278890.0,-5291526198.0,3037382623.0,3706517573.0,174.8796,25.4733,109.0661,58.0394,4.1011,4.6142
2025-11-11,27784.95,8924063428.0,309815189000.0,584494820328.0,-17367623754.0,2337032235.0,-4786115119.0,174.5295,25.1815,105.6515,58.3389,4.1922,4.5911
2025-11-12,27947.09,8954069218.0,312952699000.0,576091990790.0,-8484304834.0,-2448349841.0,3437700300.0,175.2074,24.7785,103.7398,57.7711,4.2887,5.4032
2025-11-13,27903.56,10545273898.0,313950396000.0,674189961874.0,-6635665606.0,-972024239.0,1589238899.0,175.6065,24.6591,102.3429,57.6586,4.1924,5.12
2025-11-14,27397.5,9939352945.0,311008013000.0,614575227909.0,-60399178503.0,-4741432411.0,-18839255538.0,171.8286,24.7349,102.3867,57.5746,4.1318,4.5549
2025-11-17,27447.31,8604107358.0,311090494000.0,547722102923.0,7335242780.0,-8695463296.0,-14699345762.0,171.9624,24.7794,104.4358,57.9407,4.2093,4.8633
2025-11-18,26756.12,10450443082.0,306328571000.0,672757035089.0,-48537891970.0,-3190317648.0,-19141988967.0,166.6787,24.5378,102.254,57.6586,4.3122,4.3774
2025-11-19,26580.12,8069342681.0,306204612000.0,516180089038.0,-25689012839.0,1075226767.0,-8068015510.0,165.4706,24.9829,103.9303,57.6296,4.188,4.2355
2025-11-20,27426.36,8497528679.0,309665154000.0,592368253864.0,13106672651.0,1342394479.0,5526616773.0,169.3158,25.1524,105.6166,57.944,4.1925,4.2932
2025-11-21,26434.94,8853582470.0,303707617000.0,581860848616.0,-91599036019.0,-1023771260.0,-15273985905.0,162.7727,24.7715,103.7848,57.1567,4.1544,3.8581
2025-11-24,26504.24,9236525911.0,306380271000.0,749163116671.0,-29955849627.0,-688614563.0,1515241196.0,164.4415,24.7266,103.4295,57.0258,4.0809,3.9049
2025-11-25,26912.17,6714625759.0,311368884000.0,490750703418.0,6338446345.0,-2034450321.0,2910545015.0,167.6059,25.1134,105.5856,57.9542,4.1105,4.1439
2025-11-26,27409.54,7902773415.0,311060645000.0,523531629362.0,12422608882.0,12021952422.0,-1702727350.0,169.9938,25.1313,103.0766,57.691,3.9606,4.1903
2025-11-27,27554.53,7539156843.0,314005988000.0,506517208172.0,13452960146.0,7645285077.0,2931793576.0,171.9599,25.2979,104.8968,58.3491,4.0425,4.1735
2025-11-28,27626.48,7671742311.0,317182219000.0,489885964092.0,-19469555406.0,4846350911.0,11699486639.0,173.1219,25.2762,104.9028,58.4604,4.055,4.24
2025-12-01,27342.53,7418235597.0,319360271000.0,493440574126.0,-24349235260.0,7669838520.0,-2190365967.0,171.6315,25.2453,105.7105,58.4323,4.0223,4.1622
2025-12-02,27564.27,7321099919.0,319737013000.0,486538825279.0,13575293316.0,1324853968.0,3442989139.0,171.5348,25.3267,106.6819,58.3791,4.0748,4.1025
2025-12-03,27793.04,6838633055.0,321425021000.0,457284590648.0,16214806020.0,1404423040.0,3864197913.0,171.5248,25.454,107.6811,58.4451,4.0263,4.2199
2025-12-04,27795.71,6475222009.0,322826443000.0,397985953488.0,10345999632.0,-651930842.0,1305565610.0,171.3327,25.5119,107.7594,58.4035,3.9829,4.2399
2025-12-05,27980.89,6781520261.0,322916644000.0,457238821346.0,36878028912.0,-505387079.0,5648880587.0,172.4433,25.5723,107.2916,58.7302,4.0273,4.2645
2025-12-08,28303.78,7603908443.0,324739391000.0,438297179091.0,14087614446.0,150345516.0,4963908588.0,173.7755,25.7018,108.3017,59.1459,4.101,4.4889
2025-12-09,28182.6,8116345692.0,326884262000.0,524525111897.0,-5888471251.0,-606058974.0,2120928550.0,173.7895,25.8037,109.0079,59.3173,4.1239,4.5012
2025-12-10,28400.73,8239950462.0,327694562000.0,509141432257.0,19607451411.0,1839673496.0,5261422253.0,174.1554,25.5125,107.526,59.1238,3.998,4.5987
2025-12-11,28024.75,8087246896.0,326671838000.0,537128803314.0,-18976810065.0,2101997667.0,-2489201839.0,173.2097,25.4896,107.32,59.3195,4.0687,4.1646
2025-12-12,28198.02,8508400161.0,329349582000.0,488652979581.0,16623924500.0,1347533033.0,7421292106.0,174.3179,25.8731,108.9335,59.2577,4.0488,4.1606
2025-12-15,27866.94,7855274707.0,331859338000.0,451740486315.0,-48994972132.0,-2123208168.0,-3655615199.0,172.6899,25.7549,108.7053,58.8069,3.9872,4.1
2025-12-16,27536.66,9586999810.0,328789479000.0,547186167710.0,-59500908751.0,3631124945.0,-14923972559.0,169.1619,25.5728,108.44,58.4707,3.8907,3.9195
2025-12-17,27525.17,9020647323.0,332174898000.0,524829243071.0,-35433545584.0,797557087.0,10991187292.0,169.3869,26.001,111.2244,58.9138,3.9446,3.9175
2025-12-18,27468.53,8450315748.0,332380151000.0,460035955277.0,-26841406358.0,3746563648.0,7134767014.0,168.2915,26.55,114.6951,59.43,3.9276,3.4431
2025-12-19,27696.35,9145168124.0,333308741000.0,568327509178.0,-124354784.0,4348688134.0,7539326612.0,170.685,26.5102,114.794,59.5831,3.93,4.1697
2025-12-22,28149.64,8984157012.0,335196079000.0,504472490831.0,22621542928.0,1119460399.0,15830505209.0,173.1372,26.2552,115.2037,59.6808,3.6635,4.2529
2025-12-23,28310.47,7965662925.0,337588452000.0,431994260374.0,-8174762559.0,1794857858.0,8136437179.0,172.9782,26.1032,115.7678,59.6182,3.6277,4.9048
2025-12-24,28371.98,7899870510.0,338902814000.0,439061668896.0,-3801817255.0,-4704776318.0,9796586860.0,173.8445,26.4579,118.8664,59.85,3.7482,5.1246
2025-12-26,28556.02,8084220373.0,340337126000.0,443994479984.0,8417223242.0,-5255128057.0,6529514026.0,174.7386,26.2074,116.3629,59.9658,3.9194,5.1584
2025-12-29,28810.89,8569606301.0,339886882000.0,469061962836.0,9509908064.0,-1306980775.0,6818662297.0,175.1499,26.3145,116.7788,59.8477,3.9371,5.5283
2025-12-30,28707.13,8876360103.0,341367756000.0,469871782250.0,4472379809.0,-4081305493.0,2210290672.0,175.6117,26.6314,119.0893,60.2811,4.0005,5.1772
2025-12-31,28963.6,9768832777.0,343409624000.0,548425314258.0,-518748905.0,-2874154596.0,-3362385126.0,176.0097,26.335,116.9369,60.32,3.9746,5.3015
2026-01-02,29349.81,10724729528.0,346634298000.0,669781989470.0,12017853596.0,-4190433088.0,11235707441.0,177.8126,26.8905,121.4214,60.9212,4.1141,4.7762
2026-01-05,30105.04,12257092861.0,350948272000.0,800793653955.0,-7643473164.0,-311010683.0,10749337957.0,178.1261,27.571,127.7893,61.5031,4.1114,4.9292
2026-01-06,30576.3,12040596292.0,354549156000.0,763236739665.0,2841412934.0,-2779282421.0,9197879871.0,181.101,28.0614,130.974,62.0851,4.4147,3.8699
2026-01-07,30435.47,14251362877.0,357058834000.0,881736707216.0,-29509905222.0,-8213565376.0,2278790510.0,181.1874,27.6867,130.0246,61.7394,4.2696,4.6369
2026-01-08,30360.55,13237635957.0,352387558000.0,759270755036.0,-678489220.0,-5533429874.0,-5275896688.0,179.0074,27.2053,127.816,61.4598,4.2751,4.8522
2026-01-09,30288.96,11350115100.0,351492667000.0,704371387415.0,-8442363369.0,-4728599177.0,1948437362.0,177.5507,26.0354,118.4911,60.642,3.9909,4.953
2026-01-12,30567.29,10706885024.0,356489999000.0,626408176303.0,-12166567091.0,-10000119015.0,7671586285.0,180.652,26.0131,120.2212,61.0035,3.9606,4.3488
2026-01-13,30707.22,12095287473.0,355638826000.0,749179436618.0,15741315371.0,-6772933457.0,3870571836.0,179.8636,26.0496,119.1839,60.979,4.0829,4.3813
2026-01-14,30941.78,11337766253.0,358452806000.0,681983353722.0,13282502115.0,-6511675220.0,7113098768.0,181.5981,25.9821,117.7945,60.7012,4.0216,4.322
2026-01-15,30810.58,11502671786.0,359299228000.0,671953720007.0,-210224483.0,-2779111513.0,-5843268259.0,180.9546,25.7873,118.2275,60.5907,4.1994,4.3428
2026-01-16,31408.7,12754630286.0,363391797000.0,851452408675.0,39916564467.0,-7719604109.0,5054434102.0,183.1472,25.5233,115.1152,61.1813,3.956,4.2908
2026-01-19,31639.29,13668186807.0,369415656000.0,823428003269.0,-27794762468.0,-13122703996.0,-5300507794.0,185.7231,26.3717,118.9807,61.8006,3.8215,4.1545
2026-01-20,31759.99,13170800649.0,371225738000.0,799639371793.0,-3983496875.0,-8799345593.0,-2931907087.0,185.6459,25.9386,117.0904,61.7191,3.7995,4.2342
2026-01-21,31246.37,14446040108.0,367750150000.0,899309076186.0,-44568289093.0,-17508438068.0,-15560522274.0,180.8628,25.7039,115.7422,61.3245,3.8412,4.2595
2026-01-22,31746.08,13104288592.0,371734427000.0,814595841360.0,19278125481.0,-1918073606.0,7042295015.0,183.5441,25.8828,115.538,61.6762,3.8037,4.09
2026-01-23,31961.51,12103342453.0,376076978000.0,818428930073.0,23208504577.0,-837591190.0,4687425919.0,183.6313,26.333,118.5457,62.0428,3.6308,4.0465
2026-01-26,32064.52,11574650763.0,381580658000.0,747339306040.0,-1492774680.0,-4126731033.0,-3321537471.0,185.5922,26.2111,119.7633,62.0683,3.6849,4.7426
2026-01-27,32317.92,12767369519.0,382728015000.0,817604546187.0,22278875956.0,-5018348773.0,5315618657.0,185.4499,26.1885,117.6596,62.3509,3.6227,4.7069
2026-01-28,32803.82,12947973323.0,384920473000.0,853922428449.0,33275865867.0,-1387712336.0,-1846811846.0,188.1317,26.6849,121.2781,62.4785,3.6815,4.4397
2026-01-29,32536.27,13552952931.0,381778070000.0,959652045839.0,14659217084.0,-2959104359.0,-13416003792.0,185.8903,26.9303,123.3284,62.217,3.7345,4.2512
2026-01-30,32063.75,13417799586.0,383893252000.0,941320964545.0,-51239194984.0,-3302144713.0,-9392862410.0,183.9967,27.823,133.0172,62.7125,3.5068,5.0476
2026-02-02,31624.03,11735154321.0,378848321000.0,771419543919.0,-48050347608.0,4953294385.0,-10497749268.0,178.2675,27.8866,131.8371,62.5536,3.4704,4.8759
2026-02-03,32195.36,11518844202.0,382125198000.0,821574120123.0,7267812207.0,10617248361.0,-6891888982.0,180.1879,27.7909,132.0405,62.6322,3.276,3.922
2026-02-04,32289.81,10160254873.0,384045976000.0,704644032693.0,12066044162.0,5820723412.0,-1669592243.0,183.4527,27.942,133.8918,62.5587,3.3869,3.5546
2026-02-05,31801.27,11186277150.0,382917747000.0,715168705076.0,-72694499199.0,3159777411.0,-20876911640.0,178.0283,27.8956,135.2355,62.1206,3.2794,4.0791
2026-02-06,31782.92,10552234186.0,373990690000.0,700313173141.0,-7152994630.0,6763863326.0,-18886144763.0,174.5647,27.5068,134.2252,61.8483,3.2671,3.5218
2026-02-09,32404.62,9406563866.0,375470000000.0,653957736705.0,24768616529.0,895780272.0,10677765292.0,178.1696,28.1811,138.0873,62.4041,3.2462,3.4926
2026-02-10,33072.97,8544963373.0,372586424000.0,678490714672.0,55710830864.0,4665630350.0,2827656480.0,179.3669,28.0987,134.9705,62.6124,3.1398,3.6332
2026-02-11,33605.71,9640426235.0,368046780000.0,699292298413.0,52360064736.0,4093084962.0,1372730210.0,180.6059,28.3598,136.4513,62.7519,3.1546,4.1341
2026-02-23,33773.26,13167078051.0,372155937000.0,949992767170.0,8352180152.0,-1997231922.0,-11472072497.0,183.8993,28.6554,137.5028,62.9834,3.2629,3.6425
2026-02-24,34700.82,13165035947.0,377495245000.0,861808912768.0,62733556548.0,6159076294.0,15348667147.0,188.6947,28.9884,138.7592,63.586,3.5375,3.7419
2026-02-25,35413.07,15806158578.0,383127012000.0,1020570870136.0,41148172059.0,5120184290.0,-3830386664.0,189.371,28.4644,135.3106,63.3256,3.4146,4.3465
2026-02-26,35414.49,15667310561.0,389861168000.0,1207836722507.0,-10563922762.0,-1058302674.0,-1798563098.0,190.2689,28.3618,134.0964,63.2517,3.381,4.3188
2026-03-02,35095.09,14965963786.0,391622964000.0,1014040137978.0,-38988677076.0,8321507628.0,-12547078537.0,189.6093,28.1979,132.9967,62.6803,3.1284,4.4242
2026-03-03,34323.65,16527604581.0,384358166000.0,1113233319063.0,-94708130956.0,3922050289.0,-24716371584.0,182.4847,27.3983,126.5449,61.8757,3.0487,4.3149
2026-03-04,32828.88,17027132902.0,376616380000.0,1099338575770.0,-96615044471.0,6764037949.0,-40002593641.0,172.2992,26.7761,123.2785,61.3589,2.8026,4.423
2026-03-05,33672.94,11784121914.0,379166593000.0,793545602327.0,-51495123598.0,14467455481.0,-8774506022.0,178.4052,27.3709,127.5295,61.9109,2.8307,4.9472
2026-03-06,33599.54,10206581156.0,382683605000.0,655472934511.0,-35236485371.0,7123296274.0,-748120460.0,177.5541,26.8677,125.2845,61.5791,2.8204,4.8801
2026-03-09,32110.42,14457276951.0,371960474000.0,868304737884.0,-120817164664.0,13571184696.0,-58638707129.0,167.7929,27.1585,131.4636,60.874,3.3286,4.0579
2026-03-10,32771.87,11467681132.0,368236339000.0,728225719000.0,-25085977065.0,13059184019.0,-3466374656.0,172.2531,26.9064,129.2319,61.1548,3.2348,4.657
2026-03-11,34114.19,10994809421.0,376148010000.0,693435834178.0,37180947646.0,4054142287.0,10774365760.0,180.4901,27.8717,132.8281,61.8526,3.0699,5.016
2026-03-12,33581.86,12188897294.0,379366977000.0,784007384475.0,-71127587063.0,-751989349.0,-9197027060.0,178.6346,27.5223,129.8043,61.418,2.9971,4.9271
2026-03-13,33400.32,11310370787.0,385446747000.0,752682671944.0,-58017304543.0,-43705864.0,-9281221622.0,179.3445,27.1774,128.5914,61.9267,2.9651,5.2817
2026-03-16,33342.51,11002126725.0,392284076000.0,755420348265.0,-43825438238.0,324836504.0,-3429648744.0,181.0963,27.8279,133.5278,62.758,2.7697,6.054
2026-03-17,33836.57,11052069276.0,393467031000.0,846176534881.0,472382101.0,205793712.0,9095273960.0,184.035,27.8883,131.9589,63.2413,2.6637,5.5604
2026-03-18,34348.58,11967644458.0,399772079000.0,924101194833.0,9020754435.0,-288069117.0,9963133604.0,186.8226,28.2733,134.3004,63.8059,2.5274,4.9553
2026-03-19,33689.68,11805573077.0,402095986000.0,893918756213.0,-90947630537.0,-346138360.0,-11133581065.0,184.9742,28.3141,135.1877,63.747,2.3726,5.245
2026-03-20,33543.88,12643136708.0,398591129000.0,1004234872968.0,-40311039107.0,1057706848.0,-10104918151.0,182.4048,27.4792,129.3562,63.3859,2.009,5.2136
2026-03-23,32722.5,11584224639.0,393333803000.0,712578117331.0,-83922601792.0,10534823636.0,-31111668742.0,175.2098,27.3118,130.4496,63.0895,1.8139,5.0478
2026-03-24,32612.24,9933946735.0,390102627000.0,690091065536.0,-12305739413.0,2379609569.0,-10484581290.0,172.4835,26.6539,128.3537,62.7109,1.8256,4.8731
2026-03-25,33439.11,8730340717.0,395499028000.0,652340765184.0,37474763788.0,1158480690.0,13142380223.0,177.9925,26.3552,126.9696,62.6101,1.826,5.0175
2026-03-26,33337.62,9461269146.0,391136615000.0,766599119592.0,-7920352703.0,4743193007.0,3294779493.0,176.2097,26.3251,127.9817,62.4517,1.8729,4.7595
2026-03-27,33112.59,9442000840.0,393722769000.0,658273529008.0,-36355548400.0,-188001279.0,-1795380199.0,176.4444,25.5492,123.7617,62.2522,1.9465,5.1459
2026-03-30,32518.16,9871214148.0,392708646000.0,678152191949.0,-63936723763.0,3206518834.0,-13398676874.0,173.515,25.4885,123.4811,61.845,2.0904,5.1001
2026-03-31,31722.99,12232062739.0,381724855000.0,882453969577.0,-80745514607.0,3203576857.0,-21016682536.0,166.5417,25.133,123.5365,61.2568,2.1732,4.377
2026-04-01,33174.82,9341757628.0,384907899000.0,652608970719.0,23251318053.0,10138534820.0,21619633328.0,174.0014,25.7638,126.5532,61.8324,2.1395,4.7567
2026-04-02,32572.43,10200475573.0,385200709000.0,702608705100.0,-38695561840.0,8424381929.0,-6988539906.0,170.8299,26.1468,127.6469,61.7793,2.1056,4.2965
2026-04-07,33229.82,8303716897.0,387735006000.0,584692254383.0,10096606744.0,4356643821.0,7032785481.0,174.6551,26.1122,126.8906,62.0603,2.1153,4.7745
2026-04-08,34761.38,12873431242.0,394820817000.0,894100450046.0,117772619736.0,4720132160.0,35867997248.0,183.0588,26.3879,129.6986,62.7762,1.8849,6.0936
2026-04-09,34861.16,11946350818.0,396518145000.0,872275954561.0,31779629982.0,1356987590.0,6195953627.0,182.7596,25.9187,126.9184,62.1034,1.8425,5.0243
2026-04-10,35417.83,12583637569.0,401240705000.0,871808149506.0,28808271208.0,-4301105584.0,12258155838.0,185.3116,26.0271,128.7905,62.3467,1.7744,7.0662
2026-04-13,35457.29,10803404429.0,408651307000.0,805701457540.0,-16178656824.0,6049522946.0,3988528747.0,186.448,26.1933,129.2311,62.3984,1.8553,7.0229
2026-04-14,36296.12,13673749935.0,414955067000.0,1017277556839.0,68907903398.0,-5997892900.0,5520697751.0,187.8405,25.7683,125.8262,62.3841,1.984,6.5885
2026-04-15,36722.14,13942183786.0,416253785000.0,1025905609552.0,55350193810.0,-8893858129.0,-5031206313.0,187.9627,25.2581,122.7298,62.2007,2.2087,7.4694
2026-04-16,37132.02,13029813066.0,422408757000.0,927314900440.0,44007512110.0,-2741888881.0,11845452957.0,190.2182,24.8433,120.3875,62.6938,2.11,7.0925
2026-04-17,36804.34,13629149036.0,427120349000.0,985525733386.0,-2039543335.0,-8402959512.0,-3564853588.0,190.6241,23.8621,111.994,62.4706,2.1424,7.4659
2026-04-20,36958.8,13563808775.0,429830661000.0,960963966853.0,4346379017.0,-2031088234.0,-4842483699.0,192.3768,23.6359,110.8198,62.5433,2.1942,6.8894
2026-04-21,37605.11,13267924991.0,433163894000.0,1021704705351.0,60153727909.0,8059253703.0,-713385552.0,195.4364,24.4488,111.3855,63.4704,2.2186,7.0525
2026-04-22,37878.47,13042520832.0,438545241000.0,979876044142.0,11609397320.0,3713321157.0,738013793.0,196.7302,24.4889,110.257,63.8068,2.1546,7.8706
2026-04-23,37714.15,18953441032.0,430827021000.0,1460103003620.0,-2754993997.0,1356182124.0,-19190453441.0,190.1241,25.1236,114.5425,63.6573,2.2098,6.5202
2026-04-24,38932.4,12886151833.0,440907083000.0,1081153827550.0,43907871828.0,2217080841.0,8878366186.0,192.0051,26.3144,124.4741,65.1917,2.2273,6.2616
2026-04-27,39616.63,14212315987.0,452044394000.0,1248027623513.0,-51196158919.0,14501538803.0,-10542927790.0,191.6582,27.9989,139.3155,66.1818,2.2216,5.3694
2026-04-28,39521.73,10641033425.0,457109757000.0,1057488155712.0,-39298034950.0,5641669506.0,351644222.0,193.7483,27.825,135.6805,66.1031,2.2774,5.7635
2026-04-29,39303.5,10197192638.0,460963803000.0,915272695535.0,-48147448725.0,2128326015.0,-1599118631.0,192.9337,27.5046,133.3933,65.701,2.2763,5.7796
2026-04-30,38926.63,11446952929.0,460904578000.0,1074901891496.0,-53561725108.0,1083212776.0,-788869584.0,192.9254,26.908,130.6978,65.1329,2.3812,6.3571
2026-05-04,40705.14,12395796663.0,470393584000.0,1051315643566.0,66975700753.0,2028457546.0,8940601136.0,198.8859,27.3889,132.1088,65.8449,2.4481,6.9001
2026-05-05,40769.29,12853494887.0,475145292000.0,1049334722789.0,3990267133.0,3726924984.0,-10087243816.0,200.5578,27.5563,131.0158,65.8954,2.2958,7.6279
2026-05-06,41138.85,16678201403.0,475648471000.0,1524012557672.0,75104907794.0,1521231925.0,-9610610632.0,199.8317,28.3817,132.6956,66.3449,2.2771,7.4206
2026-05-07,41933.78,15231110299.0,482664170000.0,1246902674041.0,46411526570.0,15052328712.0,-4142266447.0,201.8343,28.1331,130.8481,66.7436,2.266,7.7282
2026-05-08,41603.94,15497124214.0,477184758000.0,1305390328230.0,-12084537571.0,1957298675.0,-10036729717.0,197.5131,27.5318,129.3885,66.4858,2.3417,6.297
2026-05-11,41790.06,13141091504.0,484592746000.0,1170487539244.0,-10983504002.0,12488284112.0,3730314797.0,203.1373,28.0816,130.6755,66.968,2.3807,5.7564
2026-05-12,41898.32,19487297206.0,491194951000.0,1446228503722.0,-30493779941.0,38317065036.0,-20663582188.0,203.1914,27.7501,128.5887,66.9158,2.3332,5.9122
2026-05-13,41374.5,18632210693.0,494418035000.0,1265792083975.0,-43429473975.0,26061631805.0,-30266247259.0,199.0832,28.0615,129.8631,66.8323,2.4966,5.7459
2026-05-14,41751.75,14422244219.0,499134844000.0,1275384785248.0,4542624703.0,14296112792.0,-1262729720.0,199.8354,28.226,129.6257,67.3065,2.5167,6.6153
2026-05-15,41172.36,17355987461.0,492797137000.0,1374865492241.0,-10426586381.0,-1367237707.0,-24943483026.0,194.6111,27.3272,125.5751,66.4531,2.5632,6.8063
2026-05-18,40891.82,13753749982.0,501619604000.0,1042046645948.0,-45240962622.0,16664751995.0,-13926385802.0,194.4448,27.7338,125.8371,66.7689,2.617,6.201
2026-05-19,40175.56,13603142233.0,496887083000.0,1151219413754.0,-63234953627.0,8166572955.0,-22351525432.0,189.6207,26.9694,124.4067,66.2137,2.6354,6.2757
2026-05-20,40020.82,11825319302.0,502079185000.0,1027552700623.0,-46620615982.0,10208758587.0,-19569931578.0,189.1247,27.538,126.5095,66.3764,2.6998,6.4097
2026-05-21,41368.21,12662318814.0,511154475000.0,1047623792398.0,60340682960.0,5380299112.0,19596093032.0,197.2222,28.1888,128.3382,67.1573,2.8754,6.3754
2026-05-22,42267.97,14518650616.0,522289307000.0,1236888820897.0,76136532653.0,11225786560.0,19476325868.0,204.2497,28.6917,129.734,67.7175,2.7873,6.5943
2026-05-25,43644.4,16726165336.0,530476074000.0,1352710348031.0,49459164170.0,8414059954.0,6887667131.0,210.3797,28.6266,129.5051,67.9059,2.5079,6.2044
2026-05-26,43525.37,17964690191.0,534592623000.0,1549710749032.0,35436395452.0,5382159791.0,4909963972.0,209.6243,28.8229,131.5713,68.2461,2.4893,6.6626
2026-05-27,44256.8,18565348678.0,536269185000.0,1630077580758.0,38127903304.0,-4219051039.0,-3130647620.0,208.6799,29.4387,134.8935,68.9056,2.639,5.878
2026-05-28,43636.44,19686100251.0,535029538000.0,1670718874089.0,-38136681812.0,-6206044668.0,-15038347857.0,202.7493,29.2222,136.2425,69.0633,2.7224,5.5837
2026-05-29,44732.94,19561019045.0,556359646000.0,1916952445914.0,80145461140.0,7018067618.0,15607209549.0,206.5568,29.1369,135.2813,68.8147,2.5975,5.4772
2026-06-01,45337.91,17539429740.0,565779103000.0,1611133989740.0,36817371952.0,7758630147.0,-6508599147.0,210.1608,29.7458,137.2854,68.7288,2.5007,5.4557
2026-06-02,45557.31,19264949123.0,566970793000.0,1696398095158.0,10842948180.0,2820321473.0,-15768188108.0,208.3828,30.236,141.3652,68.8434,2.7744,5.5613
2026-06-03,46459.16,18516900056.0,568395323000.0,1517535663789.0,43396335647.0,5551570132.0,2596766242.0,209.0939,29.6736,137.8183,68.0877,2.7641,5.5465
2026-06-04,45677.46,16812445952.0,572635940000.0,1325597743625.0,-75685430944.0,4169222789.0,-21366533747.0,203.0151,29.4057,136.0994,67.8524,2.869,5.7695
2026-06-05,45070.94,16019783711.0,566649267000.0,1319821926499.0,-82631158863.0,1620186439.0,-28430714775.0,198.9767,29.0844,133.9508,67.7253,2.8088,5.5557
2026-06-08,43502.78,14641525700.0,551012201000.0,1216574603939.0,-93851546891.0,8775725700.0,-49146842947.0,191.0663,29.6678,139.4904,67.9938,2.6186,5.2252
2026-06-09,44704.44,14106451926.0,563876896000.0,1224062987846.0,-91733415946.0,23283537434.0,-6691674226.0,198.2188,30.5371,145.0395,68.6234,2.3559,4.6203
2026-06-10,43225.54,15773244263.0,546811625000.0,1424069567256.0,-93573711945.0,16696218878.0,-40551493313.0,187.377,30.2192,144.6912,68.5072,2.4304,4.5209
2026-06-11,43149.46,14433302867.0,549176982000.0,1338516691099.0,-35779281338.0,13244775137.0,-12400160730.0,188.8536,30.5916,143.8655,68.6448,2.4726,4.3952
2026-06-12,44169.04,12336471343.0,557027949000.0,1169186958350.0,28690268352.0,14233248854.0,8942532337.0,193.1956,30.8652,143.3997,69.1262,2.475,4.5926
2026-06-15,45396.99,12695045659.0,571907094000.0,1115744351199.0,46531920437.0,6443965719.0,12523717107.0,199.4122,31.7952,148.0344,70.1116,2.2314,4.8101
2026-06-16,45809.19,12388176269.0,571307649000.0,1262185518120.0,40798197749.0,11823660943.0,6088769903.0,199.6188,31.843,147.9981,70.1896,2.1188,4.4899
2026-06-17,45877.39,12227191968.0,583911936000.0,1154595951473.0,-20683737771.0,-206062001.0,-4268862356.0,201.5078,32.2288,150.0993,70.5315,2.0564,5.205
2026-06-18,46465.2,16336544104.0,593046547000.0,1606195402305.0,21146738929.0,-5356809071.0,15488273119.0,205.3516,32.424,150.4027,71.0493,2.1867,4.845
2026-06-22,47741.51,15727229822.0,605041591000.0,1515817959773.0,68457583377.0,-10517908392.0,12103769330.0,208.5603,32.4956,151.0083,71.5769,2.1376,4.9405
2026-06-23,47100.65,16666417405.0,593929137000.0,1672355337665.0,-38592352641.0,7235957802.0,-16984151224.0,201.9053,32.5037,150.3994,71.0173,2.1961,4.8459
2026-06-24,46043.6,16786237802.0,607456271000.0,1539046268153.0,-177403206868.0,3299888081.0,-36486399618.0,200.3697,32.9082,154.2688,71.2017,2.1353,4.8213
2026-06-25,46255.26,13456150105.0,611000560000.0,1368076901597.0,-40510043503.0,17416589807.0,-7001006444.0,201.3205,33.6671,160.462,71.7955,2.0937,5.0282
2026-06-26,44571.76,16709688079.0,590925882000.0,1672832488417.0,-143189215451.0,10103297351.0,-70733812660.0,191.0551,33.0796,157.1413,71.0635,2.1861,4.9298
2026-06-29,44999.9,11210546174.0,594229687000.0,1045439448015.0,-4336207557.0,14519080129.0,-4592887685.0,192.1671,33.1723,158.3289,70.8512,2.1871,4.7318
2026-06-30,46125.91,13140347237.0,611652207000.0,1266062228020.0,-508728992.0,365126892.0,14585072281.0,198.9244,33.8812,164.615,71.6919,2.0655,4.6777
2026-07-01,47018.99,14683404939.0,609502407000.0,1367817795171.0,32375599806.0,15602734212.0,5938476317.0,198.2312,33.7869,164.5821,71.1483,2.086,4.6794
2026-07-02,46744.16,11740053658.0,620837289000.0,1083583417368.0,-89046513677.0,9955637650.0,-4328242082.0,197.4202,33.125,158.8204,71.0888,2.1015,5.0572
2026-07-03,46780.62,12189040098.0,630812485000.0,1078028137102.0,-77782612615.0,7502170019.0,-3259588256.0,197.5997,32.6032,156.4646,71.0118,2.0832,5.345
2026-07-06,46556.39,12910602003.0,631344856000.0,1064431906064.0,-25504496320.0,7163451017.0,-9721009272.0,194.3779,32.2843,154.1798,70.8381,2.1819,5.4274
2026-07-07,45479.11,15447467314.0,610945256000.0,1228119421876.0,-54731070648.0,9682759752.0,-48733477692.0,186.1045,31.7037,150.7006,69.8756,2.2435,4.5836
2026-07-08,45734.41,11331191739.0,613815725000.0,1004560446696.0,-37948987989.0,12680292684.0,-16942740236.0,186.8279,31.5376,150.156,69.8889,2.1462,5.021
2026-07-09,45354.61,10483502597.0,619648244000.0,996789429935.0,-47252816429.0,19900600663.0,-7671165811.0,186.6499,31.837,151.1816,70.3572,2.1187,5.2631
2026-07-13,45380.52,11168410368.0,618299040000.0,1067662107060.0,-19559763888.0,12578555606.0,-11098303301.0,184.0487,31.7418,152.1531,69.9075,2.1165,4.823
2026-07-14,44737.95,15548656718.0,604034106000.0,1245206538568.0,-51892812507.0,11001561256.0,-38291146262.0,180.6695,31.9357,157.4322,69.403,1.9091,4.0233
2026-07-15,45631.59,10421924556.0,615368175000.0,1024385500649.0,-1415388772.0,12536287746.0,10126103647.0,186.8166,32.4,158.2041,69.6813,1.8187,4.2811
2026-07-16,45624.98,10374680186.0,615575992000.0,933180942503.0,-48334970779.0,8645131851.0,-3357605729.0,182.8785,31.9446,156.9337,69.3776,1.8565,4.3587
2026-07-17,42671.27,18244071063.0,587962513000.0,1333156652944.0,-188314549057.0,7347365087.0,-82179494166.0,170.5307,31.5807,157.3455,68.4898,2.5276,4.0191
2026-07-20,42449.7,12566601514.0,569035788000.0,1041457434398.0,-6083677676.0,16321796929.0,-8064443489.0,167.4997,31.1728,157.6197,67.6856,2.2744,3.2937
2026-07-21,44232.87,10050212116.0,576496237000.0,866251695004.0,-4331862847.0,17113931143.0,3507395188.0,175.4452,31.5083,157.0129,68.2897,2.2717,3.8706
