date,theme,code,name,close
2026-05-22,ABF載板,3037,欣興,970.0
2026-05-22,ABF載板,3189,景碩,609.0
2026-05-22,ABF載板,8046,南電,934.0
2026-05-22,AI伺服器,2317,鴻海,250.0
2026-05-22,AI伺服器,2382,廣達,316.0
2026-05-22,AI伺服器,3017,奇鋐,2545.0
2026-05-22,AI伺服器,3231,緯創,144.5
2026-05-22,AI伺服器,6669,緯穎,5525.0
2026-05-22,CCL銅箔基板,2383,台光電,5005.0
2026-05-22,CCL銅箔基板,6213,聯茂,262.0
2026-05-22,IC設計,2379,瑞昱,578.0
2026-05-22,IC設計,2454,聯發科,3860.0
2026-05-22,IC設計,3034,聯詠,485.5
2026-05-22,IC設計,3443,創意,5140.0
2026-05-22,IC設計,3661,世芯-KY,4895.0
2026-05-22,IC設計,5269,祥碩,1480.0
2026-05-22,LED光電,2393,億光,65.2
2026-05-22,LED光電,3031,佰鴻,33.75
2026-05-22,LED光電,3596,智易,189.0
2026-05-22,LED光電,3714,富采,81.4
2026-05-22,PCB,2313,華通,278.0
2026-05-22,PCB,2367,燿華,66.8
2026-05-22,PCB,3037,欣興,970.0
2026-05-22,PCB,3044,健鼎,490.5
2026-05-22,PCB,4958,臻鼎-KY,516.0
2026-05-22,PCB,5469,瀚宇博,82.9
2026-05-22,PCB,6191,精成科,96.8
2026-05-22,PCB,8046,南電,934.0
2026-05-22,保險,2851,中再保,34.8
2026-05-22,保險,2867,三商壽,7.63
2026-05-22,光學鏡頭,3008,大立光,3540.0
2026-05-22,光學鏡頭,3406,玉晶光,576.0
2026-05-22,光學鏡頭,3504,揚明光,83.4
2026-05-22,光通訊,3450,聯鈞,459.5
2026-05-22,光通訊,4977,眾達-KY,219.5
2026-05-22,光通訊,6442,光聖,1875.0
2026-05-22,其他綜合,9907,統一實,15.95
2026-05-22,其他綜合,9911,櫻花,82.7
2026-05-22,其他綜合,9924,福興,41.9
2026-05-22,其他綜合,9933,中鼎,39.3
2026-05-22,半導體設備,2467,志聖,603.0
2026-05-22,半導體設備,3583,辛耘,875.0
2026-05-22,半導體設備,6196,帆宣,442.0
2026-05-22,半導體通路,2347,聯強,84.1
2026-05-22,半導體通路,3036,文曄,289.0
2026-05-22,半導體通路,3702,大聯大,118.0
2026-05-22,半導體通路,8112,至上,86.2
2026-05-22,塑化,1301,台塑,45.25
2026-05-22,塑化,1303,南亞,86.7
2026-05-22,塑化,1304,台聚,12.3
2026-05-22,塑化,1305,華夏,12.4
2026-05-22,塑化,1308,亞聚,13.3
2026-05-22,塑化,1314,中石化,7.08
2026-05-22,太陽能,3576,聯合再生,18.25
2026-05-22,太陽能,6443,元晶,40.05
2026-05-22,太陽能,6477,安集,34.45
2026-05-22,太陽能,6806,森崴能源,9.27
2026-05-22,居家生活,2908,特力,21.15
2026-05-22,居家生活,8464,億豐,316.5
2026-05-22,居家生活,9934,成霖,9.71
2026-05-22,散熱,2421,建準,158.5
2026-05-22,散熱,3017,奇鋐,2545.0
2026-05-22,散熱,3653,健策,3660.0
2026-05-22,散熱,6230,尼得科超眾,138.5
2026-05-22,散裝航運,2605,新興,31.3
2026-05-22,散裝航運,2612,中航,55.8
2026-05-22,散裝航運,2617,台航,29.0
2026-05-22,散裝航運,2637,慧洋-KY,71.2
2026-05-22,機器人,1590,亞德客-KY,1410.0
2026-05-22,機器人,2049,上銀,376.5
2026-05-22,機器人,2308,台達電,2095.0
2026-05-22,機器人,2359,所羅門,141.0
2026-05-22,機器人,2464,盟立,144.0
2026-05-22,機器人,6166,凌華,127.0
2026-05-22,機能紡織,1402,遠東新,27.0
2026-05-22,機能紡織,1476,儒鴻,342.5
2026-05-22,機能紡織,1477,聚陽,219.0
2026-05-22,機能紡織,4438,廣越,57.9
2026-05-22,水泥,1101,台泥,24.1
2026-05-22,水泥,1102,亞泥,34.4
2026-05-22,水泥,1103,嘉泥,13.1
2026-05-22,水泥,1104,環泥,27.55
2026-05-22,汽車整車,2201,裕隆,26.85
2026-05-22,汽車整車,2204,中華,53.1
2026-05-22,汽車整車,2207,和泰車,462.0
2026-05-22,汽車零組件,1319,東陽,81.6
2026-05-22,汽車零組件,1521,大億,24.15
2026-05-22,汽車零組件,1536,和大,51.6
2026-05-22,汽車零組件,2227,裕日車,49.2
2026-05-22,汽車零組件,2231,為升,106.5
2026-05-22,汽車零組件,4551,智伸科,155.5
2026-05-22,營建,2501,國建,22.05
2026-05-22,營建,2520,冠德,30.45
2026-05-22,營建,2542,興富發,43.2
2026-05-22,營建,2548,華固,123.5
2026-05-22,營建,2608,嘉里大榮,29.0
2026-05-22,特用化學,1711,永光,51.1
2026-05-22,特用化學,1723,中碳,81.7
2026-05-22,特用化學,1773,勝一,184.5
2026-05-22,特用化學,4763,材料*-KY,43.7
2026-05-22,玻璃陶瓷,1802,台玻,70.5
2026-05-22,玻璃陶瓷,1806,冠軍,8.06
2026-05-22,玻璃陶瓷,1809,中釉,41.5
2026-05-22,玻璃陶瓷,1810,和成,19.05
2026-05-22,環保,8341,日友,76.2
2026-05-22,生技製藥,1707,葡萄王,103.0
2026-05-22,生技製藥,1720,生達,62.1
2026-05-22,生技製藥,1760,寶齡富錦,61.8
2026-05-22,生技製藥,1789,神隆,19.35
2026-05-22,百貨零售,2903,遠百,22.25
2026-05-22,百貨零售,2912,統一超,220.0
2026-05-22,百貨零售,5907,大洋-KY,5.02
2026-05-22,百貨零售,8454,富邦媒,191.5
2026-05-22,石化能源,1301,台塑,45.25
2026-05-22,石化能源,1303,南亞,86.7
2026-05-22,石化能源,1314,中石化,7.08
2026-05-22,石化能源,6505,台塑化,51.0
2026-05-22,石化能源,8926,台汽電,60.9
2026-05-22,系統整合,2427,三商電,20.7
2026-05-22,系統整合,2480,敦陽科,149.5
2026-05-22,系統整合,3029,零壹,97.0
2026-05-22,系統整合,6214,精誠,130.0
2026-05-22,網通,2345,智邦,2470.0
2026-05-22,網通,2412,中華電,137.0
2026-05-22,網通,4904,遠傳,95.5
2026-05-22,網通,5388,中磊,85.1
2026-05-22,網通,6285,啟碁,296.0
2026-05-22,自行車,9914,美利達,67.8
2026-05-22,自行車,9921,巨大,70.3
2026-05-22,航空,2610,華航,18.55
2026-05-22,航空,2618,長榮航,35.5
2026-05-22,航空,2646,星宇航空,20.45
2026-05-22,被動元件,2327,國巨*,629.0
2026-05-22,被動元件,2492,華新科,292.5
2026-05-22,被動元件,3026,禾伸堂,476.5
2026-05-22,記憶體,2337,旺宏,149.5
2026-05-22,記憶體,2344,華邦電,125.0
2026-05-22,記憶體,2408,南亞科,310.5
2026-05-22,記憶體,4967,十銓,270.5
2026-05-22,記憶體,8271,宇瞻,224.5
2026-05-22,貨櫃航運,2603,長榮,219.0
2026-05-22,貨櫃航運,2609,陽明,53.0
2026-05-22,貨櫃航運,2615,萬海,84.3
2026-05-22,輪胎橡膠,2101,南港,30.7
2026-05-22,輪胎橡膠,2103,台橡,19.8
2026-05-22,輪胎橡膠,2105,正新,31.9
2026-05-22,輪胎橡膠,2106,建大,16.7
2026-05-22,造紙,1904,正隆,19.1
2026-05-22,造紙,1905,華紙,12.1
2026-05-22,造紙,1907,永豐餘,24.45
2026-05-22,運動健身,1598,岱宇,20.1
2026-05-22,運動健身,1736,喬山,118.5
2026-05-22,運動健身,8462,柏文,138.5
2026-05-22,運動健身,9904,寶成,25.8
2026-05-22,醫療器材,4104,佳醫,70.4
2026-05-22,醫療器材,4133,亞諾法,21.3
2026-05-22,醫療器材,4736,泰博,123.0
2026-05-22,醫療器材,6491,晶碩,308.0
2026-05-22,重電,1503,士電,197.0
2026-05-22,重電,1513,中興電,156.5
2026-05-22,重電,1519,華城,826.0
2026-05-22,重電,1609,大亞,35.5
2026-05-22,重電,1618,合機,39.3
2026-05-22,金控銀行,2880,華南金,31.95
2026-05-22,金控銀行,2881,富邦金,95.1
2026-05-22,金控銀行,2882,國泰金,79.7
2026-05-22,金控銀行,2884,玉山金,31.3
2026-05-22,金控銀行,2886,兆豐金,39.9
2026-05-22,鋼鐵,2002,中鋼,18.15
2026-05-22,鋼鐵,2006,東和鋼鐵,65.5
2026-05-22,鋼鐵,2014,中鴻,17.15
2026-05-22,鋼鐵,2027,大成鋼,41.95
2026-05-22,鋼鐵,2031,新光鋼,38.25
2026-05-22,雲端服務,3045,台灣大,112.0
2026-05-22,雲端服務,4994,傳奇,89.4
2026-05-22,雲端服務,8454,富邦媒,191.5
2026-05-22,電子檢測,2360,致茂,2270.0
2026-05-22,電子檢測,3130,一零四,221.0
2026-05-22,電子檢測,3563,牧德,896.0
2026-05-22,電線電纜,1605,華新,36.5
2026-05-22,電線電纜,1608,華榮,33.3
2026-05-22,電線電纜,1609,大亞,35.5
2026-05-22,電線電纜,1612,宏泰,36.6
2026-05-22,電線電纜,1618,合機,39.3
2026-05-22,面板,2409,友達,22.2
2026-05-22,面板,3481,群創,44.65
2026-05-22,面板,6116,彩晶,11.85
2026-05-22,食品製造,1201,味全,12.05
2026-05-22,食品製造,1203,味王,42.6
2026-05-22,食品製造,1210,大成,52.4
2026-05-22,食品製造,1215,卜蜂,143.0
2026-05-22,食品製造,1227,佳格,28.45
2026-05-22,食品製造,1231,聯華食,85.8
2026-05-22,飯店餐旅,2704,國賓,41.85
2026-05-22,飯店餐旅,2707,晶華,174.0
2026-05-22,飯店餐旅,2712,遠雄來,15.5
2026-05-22,飯店餐旅,2727,王品,232.0
2026-05-25,ABF載板,3037,欣興,990.0
2026-05-25,ABF載板,3189,景碩,669.0
2026-05-25,ABF載板,8046,南電,884.0
2026-05-25,AI伺服器,2317,鴻海,261.0
2026-05-25,AI伺服器,2382,廣達,316.5
2026-05-25,AI伺服器,3017,奇鋐,2575.0
2026-05-25,AI伺服器,3231,緯創,149.0
2026-05-25,AI伺服器,6669,緯穎,5610.0
2026-05-25,CCL銅箔基板,2383,台光電,5505.0
2026-05-25,CCL銅箔基板,6213,聯茂,267.0
2026-05-25,IC設計,2379,瑞昱,583.0
2026-05-25,IC設計,2454,聯發科,4245.0
2026-05-25,IC設計,3034,聯詠,489.0
2026-05-25,IC設計,3443,創意,5310.0
2026-05-25,IC設計,3661,世芯-KY,4900.0
2026-05-25,IC設計,5269,祥碩,1535.0
2026-05-25,LED光電,2393,億光,65.6
2026-05-25,LED光電,3031,佰鴻,32.85
2026-05-25,LED光電,3596,智易,189.0
2026-05-25,LED光電,3714,富采,79.7
2026-05-25,PCB,2313,華通,298.5
2026-05-25,PCB,2367,燿華,70.1
2026-05-25,PCB,3037,欣興,990.0
2026-05-25,PCB,3044,健鼎,494.0
2026-05-25,PCB,4958,臻鼎-KY,529.0
2026-05-25,PCB,5469,瀚宇博,83.5
2026-05-25,PCB,6191,精成科,98.0
2026-05-25,PCB,8046,南電,884.0
2026-05-25,保險,2851,中再保,35.1
2026-05-25,保險,2867,三商壽,7.5
2026-05-25,光學鏡頭,3008,大立光,3845.0
2026-05-25,光學鏡頭,3406,玉晶光,591.0
2026-05-25,光學鏡頭,3504,揚明光,82.7
2026-05-25,光通訊,3450,聯鈞,501.0
2026-05-25,光通訊,4977,眾達-KY,230.5
2026-05-25,光通訊,6442,光聖,2060.0
2026-05-25,其他綜合,9907,統一實,15.95
2026-05-25,其他綜合,9911,櫻花,82.2
2026-05-25,其他綜合,9924,福興,42.25
2026-05-25,其他綜合,9933,中鼎,39.5
2026-05-25,半導體設備,2467,志聖,663.0
2026-05-25,半導體設備,3583,辛耘,916.0
2026-05-25,半導體設備,6196,帆宣,486.0
2026-05-25,半導體通路,2347,聯強,84.2
2026-05-25,半導體通路,3036,文曄,301.5
2026-05-25,半導體通路,3702,大聯大,123.5
2026-05-25,半導體通路,8112,至上,83.4
2026-05-25,塑化,1301,台塑,44.8
2026-05-25,塑化,1303,南亞,87.1
2026-05-25,塑化,1304,台聚,12.15
2026-05-25,塑化,1305,華夏,12.35
2026-05-25,塑化,1308,亞聚,13.35
2026-05-25,塑化,1314,中石化,7.07
2026-05-25,太陽能,3576,聯合再生,19.35
2026-05-25,太陽能,6443,元晶,43.25
2026-05-25,太陽能,6477,安集,34.9
2026-05-25,太陽能,6806,森崴能源,8.35
2026-05-25,居家生活,2908,特力,21.15
2026-05-25,居家生活,8464,億豐,319.0
2026-05-25,居家生活,9934,成霖,9.63
2026-05-25,散熱,2421,建準,162.5
2026-05-25,散熱,3017,奇鋐,2575.0
2026-05-25,散熱,3653,健策,3770.0
2026-05-25,散熱,6230,尼得科超眾,141.5
2026-05-25,散裝航運,2605,新興,31.3
2026-05-25,散裝航運,2612,中航,56.9
2026-05-25,散裝航運,2617,台航,29.1
2026-05-25,散裝航運,2637,慧洋-KY,75.1
2026-05-25,機器人,1590,亞德客-KY,1450.0
2026-05-25,機器人,2049,上銀,395.0
2026-05-25,機器人,2308,台達電,2290.0
2026-05-25,機器人,2359,所羅門,141.5
2026-05-25,機器人,2464,盟立,158.0
2026-05-25,機器人,6166,凌華,126.5
2026-05-25,機能紡織,1402,遠東新,27.2
2026-05-25,機能紡織,1476,儒鴻,335.0
2026-05-25,機能紡織,1477,聚陽,215.5
2026-05-25,機能紡織,4438,廣越,57.9
2026-05-25,水泥,1101,台泥,24.3
2026-05-25,水泥,1102,亞泥,33.6
2026-05-25,水泥,1103,嘉泥,13.2
2026-05-25,水泥,1104,環泥,27.55
2026-05-25,汽車整車,2201,裕隆,27.45
2026-05-25,汽車整車,2204,中華,53.3
2026-05-25,汽車整車,2207,和泰車,460.5
2026-05-25,汽車零組件,1319,東陽,80.8
2026-05-25,汽車零組件,1521,大億,24.85
2026-05-25,汽車零組件,1536,和大,52.3
2026-05-25,汽車零組件,2227,裕日車,48.95
2026-05-25,汽車零組件,2231,為升,105.5
2026-05-25,汽車零組件,4551,智伸科,157.0
2026-05-25,營建,2501,國建,21.8
2026-05-25,營建,2520,冠德,30.05
2026-05-25,營建,2542,興富發,42.4
2026-05-25,營建,2548,華固,122.0
2026-05-25,營建,2608,嘉里大榮,28.8
2026-05-25,特用化學,1711,永光,51.1
2026-05-25,特用化學,1723,中碳,82.7
2026-05-25,特用化學,1773,勝一,189.0
2026-05-25,特用化學,4763,材料*-KY,43.05
2026-05-25,玻璃陶瓷,1802,台玻,73.9
2026-05-25,玻璃陶瓷,1806,冠軍,8.04
2026-05-25,玻璃陶瓷,1809,中釉,45.65
2026-05-25,玻璃陶瓷,1810,和成,18.9
2026-05-25,環保,8341,日友,75.7
2026-05-25,生技製藥,1707,葡萄王,101.5
2026-05-25,生技製藥,1720,生達,61.4
2026-05-25,生技製藥,1760,寶齡富錦,61.0
2026-05-25,生技製藥,1789,神隆,19.05
2026-05-25,百貨零售,2903,遠百,22.15
2026-05-25,百貨零售,2912,統一超,212.5
2026-05-25,百貨零售,5907,大洋-KY,4.89
2026-05-25,百貨零售,8454,富邦媒,188.0
2026-05-25,石化能源,1301,台塑,44.8
2026-05-25,石化能源,1303,南亞,87.1
2026-05-25,石化能源,1314,中石化,7.07
2026-05-25,石化能源,6505,台塑化,49.5
2026-05-25,石化能源,8926,台汽電,62.5
2026-05-25,系統整合,2427,三商電,20.65
2026-05-25,系統整合,2480,敦陽科,146.5
2026-05-25,系統整合,3029,零壹,97.0
2026-05-25,系統整合,6214,精誠,129.0
2026-05-25,網通,2345,智邦,2540.0
2026-05-25,網通,2412,中華電,136.5
2026-05-25,網通,4904,遠傳,94.2
2026-05-25,網通,5388,中磊,86.4
2026-05-25,網通,6285,啟碁,298.0
2026-05-25,自行車,9914,美利達,68.2
2026-05-25,自行車,9921,巨大,69.5
2026-05-25,航空,2610,華航,18.85
2026-05-25,航空,2618,長榮航,35.45
2026-05-25,航空,2646,星宇航空,20.3
2026-05-25,被動元件,2327,國巨*,691.0
2026-05-25,被動元件,2492,華新科,321.5
2026-05-25,被動元件,3026,禾伸堂,523.0
2026-05-25,記憶體,2337,旺宏,152.5
2026-05-25,記憶體,2344,華邦電,128.5
2026-05-25,記憶體,2408,南亞科,296.0
2026-05-25,記憶體,4967,十銓,271.5
2026-05-25,記憶體,8271,宇瞻,229.0
2026-05-25,貨櫃航運,2603,長榮,214.0
2026-05-25,貨櫃航運,2609,陽明,51.8
2026-05-25,貨櫃航運,2615,萬海,83.3
2026-05-25,輪胎橡膠,2101,南港,30.2
2026-05-25,輪胎橡膠,2103,台橡,19.5
2026-05-25,輪胎橡膠,2105,正新,31.95
2026-05-25,輪胎橡膠,2106,建大,16.65
2026-05-25,造紙,1904,正隆,19.3
2026-05-25,造紙,1905,華紙,12.25
2026-05-25,造紙,1907,永豐餘,24.85
2026-05-25,運動健身,1598,岱宇,20.15
2026-05-25,運動健身,1736,喬山,119.0
2026-05-25,運動健身,8462,柏文,138.0
2026-05-25,運動健身,9904,寶成,25.65
2026-05-25,醫療器材,4104,佳醫,70.0
2026-05-25,醫療器材,4133,亞諾法,21.15
2026-05-25,醫療器材,4736,泰博,122.5
2026-05-25,醫療器材,6491,晶碩,307.5
2026-05-25,重電,1503,士電,201.5
2026-05-25,重電,1513,中興電,160.0
2026-05-25,重電,1519,華城,830.0
2026-05-25,重電,1609,大亞,36.0
2026-05-25,重電,1618,合機,39.75
2026-05-25,金控銀行,2880,華南金,30.55
2026-05-25,金控銀行,2881,富邦金,97.7
2026-05-25,金控銀行,2882,國泰金,81.5
2026-05-25,金控銀行,2884,玉山金,30.9
2026-05-25,金控銀行,2886,兆豐金,39.5
2026-05-25,鋼鐵,2002,中鋼,19.95
2026-05-25,鋼鐵,2006,東和鋼鐵,66.3
2026-05-25,鋼鐵,2014,中鴻,18.85
2026-05-25,鋼鐵,2027,大成鋼,43.8
2026-05-25,鋼鐵,2031,新光鋼,39.6
2026-05-25,雲端服務,3045,台灣大,111.5
2026-05-25,雲端服務,4994,傳奇,95.2
2026-05-25,雲端服務,8454,富邦媒,188.0
2026-05-25,電子檢測,2360,致茂,2460.0
2026-05-25,電子檢測,3130,一零四,220.5
2026-05-25,電子檢測,3563,牧德,892.0
2026-05-25,電線電纜,1605,華新,37.95
2026-05-25,電線電纜,1608,華榮,34.05
2026-05-25,電線電纜,1609,大亞,36.0
2026-05-25,電線電纜,1612,宏泰,36.65
2026-05-25,電線電纜,1618,合機,39.75
2026-05-25,面板,2409,友達,24.4
2026-05-25,面板,3481,群創,49.1
2026-05-25,面板,6116,彩晶,13.0
2026-05-25,食品製造,1201,味全,12.0
2026-05-25,食品製造,1203,味王,42.6
2026-05-25,食品製造,1210,大成,52.1
2026-05-25,食品製造,1215,卜蜂,142.5
2026-05-25,食品製造,1227,佳格,28.1
2026-05-25,食品製造,1231,聯華食,84.8
2026-05-25,飯店餐旅,2704,國賓,42.05
2026-05-25,飯店餐旅,2707,晶華,172.0
2026-05-25,飯店餐旅,2712,遠雄來,15.0
2026-05-25,飯店餐旅,2727,王品,229.5
2026-05-26,ABF載板,3037,欣興,1085.0
2026-05-26,ABF載板,3189,景碩,696.0
2026-05-26,ABF載板,8046,南電,922.0
2026-05-26,AI伺服器,2317,鴻海,259.0
2026-05-26,AI伺服器,2382,廣達,316.5
2026-05-26,AI伺服器,3017,奇鋐,2725.0
2026-05-26,AI伺服器,3231,緯創,146.0
2026-05-26,AI伺服器,6669,緯穎,5280.0
2026-05-26,CCL銅箔基板,2383,台光電,5290.0
2026-05-26,CCL銅箔基板,6213,聯茂,274.5
2026-05-26,IC設計,2379,瑞昱,590.0
2026-05-26,IC設計,2454,聯發科,4265.0
2026-05-26,IC設計,3034,聯詠,491.5
2026-05-26,IC設計,3443,創意,5285.0
2026-05-26,IC設計,3661,世芯-KY,4640.0
2026-05-26,IC設計,5269,祥碩,1545.0
2026-05-26,LED光電,2393,億光,64.6
2026-05-26,LED光電,3031,佰鴻,31.85
2026-05-26,LED光電,3596,智易,191.5
2026-05-26,LED光電,3714,富采,79.4
2026-05-26,PCB,2313,華通,284.5
2026-05-26,PCB,2367,燿華,66.7
2026-05-26,PCB,3037,欣興,1085.0
2026-05-26,PCB,3044,健鼎,510.0
2026-05-26,PCB,4958,臻鼎-KY,540.0
2026-05-26,PCB,5469,瀚宇博,83.1
2026-05-26,PCB,6191,精成科,96.2
2026-05-26,PCB,8046,南電,922.0
2026-05-26,保險,2851,中再保,35.15
2026-05-26,保險,2867,三商壽,7.58
2026-05-26,光學鏡頭,3008,大立光,3665.0
2026-05-26,光學鏡頭,3406,玉晶光,588.0
2026-05-26,光學鏡頭,3504,揚明光,80.3
2026-05-26,光通訊,3450,聯鈞,530.0
2026-05-26,光通訊,4977,眾達-KY,235.5
2026-05-26,光通訊,6442,光聖,2265.0
2026-05-26,其他綜合,9907,統一實,15.85
2026-05-26,其他綜合,9911,櫻花,81.9
2026-05-26,其他綜合,9924,福興,41.8
2026-05-26,其他綜合,9933,中鼎,40.6
2026-05-26,半導體設備,2467,志聖,668.0
2026-05-26,半導體設備,3583,辛耘,908.0
2026-05-26,半導體設備,6196,帆宣,506.0
2026-05-26,半導體通路,2347,聯強,84.4
2026-05-26,半導體通路,3036,文曄,293.5
2026-05-26,半導體通路,3702,大聯大,121.5
2026-05-26,半導體通路,8112,至上,83.3
2026-05-26,塑化,1301,台塑,44.75
2026-05-26,塑化,1303,南亞,90.8
2026-05-26,塑化,1304,台聚,12.1
2026-05-26,塑化,1305,華夏,12.0
2026-05-26,塑化,1308,亞聚,12.95
2026-05-26,塑化,1314,中石化,6.97
2026-05-26,太陽能,3576,聯合再生,18.9
2026-05-26,太陽能,6443,元晶,42.3
2026-05-26,太陽能,6477,安集,34.4
2026-05-26,太陽能,6806,森崴能源,7.52
2026-05-26,居家生活,2908,特力,21.35
2026-05-26,居家生活,8464,億豐,315.5
2026-05-26,居家生活,9934,成霖,9.63
2026-05-26,散熱,2421,建準,165.0
2026-05-26,散熱,3017,奇鋐,2725.0
2026-05-26,散熱,3653,健策,3670.0
2026-05-26,散熱,6230,尼得科超眾,142.5
2026-05-26,散裝航運,2605,新興,31.25
2026-05-26,散裝航運,2612,中航,56.9
2026-05-26,散裝航運,2617,台航,29.0
2026-05-26,散裝航運,2637,慧洋-KY,74.8
2026-05-26,機器人,1590,亞德客-KY,1465.0
2026-05-26,機器人,2049,上銀,409.5
2026-05-26,機器人,2308,台達電,2350.0
2026-05-26,機器人,2359,所羅門,144.0
2026-05-26,機器人,2464,盟立,173.5
2026-05-26,機器人,6166,凌華,133.0
2026-05-26,機能紡織,1402,遠東新,26.05
2026-05-26,機能紡織,1476,儒鴻,334.5
2026-05-26,機能紡織,1477,聚陽,212.0
2026-05-26,機能紡織,4438,廣越,58.2
2026-05-26,水泥,1101,台泥,23.95
2026-05-26,水泥,1102,亞泥,33.25
2026-05-26,水泥,1103,嘉泥,13.25
2026-05-26,水泥,1104,環泥,27.35
2026-05-26,汽車整車,2201,裕隆,26.8
2026-05-26,汽車整車,2204,中華,53.2
2026-05-26,汽車整車,2207,和泰車,462.0
2026-05-26,汽車零組件,1319,東陽,80.1
2026-05-26,汽車零組件,1521,大億,24.85
2026-05-26,汽車零組件,1536,和大,51.0
2026-05-26,汽車零組件,2227,裕日車,48.95
2026-05-26,汽車零組件,2231,為升,106.5
2026-05-26,汽車零組件,4551,智伸科,156.0
2026-05-26,營建,2501,國建,21.7
2026-05-26,營建,2520,冠德,30.15
2026-05-26,營建,2542,興富發,42.4
2026-05-26,營建,2548,華固,121.0
2026-05-26,營建,2608,嘉里大榮,28.75
2026-05-26,特用化學,1711,永光,50.7
2026-05-26,特用化學,1723,中碳,82.0
2026-05-26,特用化學,1773,勝一,187.5
2026-05-26,特用化學,4763,材料*-KY,41.9
2026-05-26,玻璃陶瓷,1802,台玻,72.2
2026-05-26,玻璃陶瓷,1806,冠軍,8.02
2026-05-26,玻璃陶瓷,1809,中釉,49.3
2026-05-26,玻璃陶瓷,1810,和成,18.75
2026-05-26,環保,8341,日友,75.7
2026-05-26,生技製藥,1707,葡萄王,100.5
2026-05-26,生技製藥,1720,生達,61.6
2026-05-26,生技製藥,1760,寶齡富錦,60.6
2026-05-26,生技製藥,1789,神隆,19.05
2026-05-26,百貨零售,2903,遠百,22.1
2026-05-26,百貨零售,2912,統一超,209.5
2026-05-26,百貨零售,5907,大洋-KY,4.98
2026-05-26,百貨零售,8454,富邦媒,188.0
2026-05-26,石化能源,1301,台塑,44.75
2026-05-26,石化能源,1303,南亞,90.8
2026-05-26,石化能源,1314,中石化,6.97
2026-05-26,石化能源,6505,台塑化,49.3
2026-05-26,石化能源,8926,台汽電,68.7
2026-05-26,系統整合,2427,三商電,20.5
2026-05-26,系統整合,2480,敦陽科,148.0
2026-05-26,系統整合,3029,零壹,96.6
2026-05-26,系統整合,6214,精誠,129.5
2026-05-26,網通,2345,智邦,2620.0
2026-05-26,網通,2412,中華電,136.0
2026-05-26,網通,4904,遠傳,94.0
2026-05-26,網通,5388,中磊,84.6
2026-05-26,網通,6285,啟碁,304.5
2026-05-26,自行車,9914,美利達,67.3
2026-05-26,自行車,9921,巨大,68.0
2026-05-26,航空,2610,華航,18.65
2026-05-26,航空,2618,長榮航,35.2
2026-05-26,航空,2646,星宇航空,20.2
2026-05-26,被動元件,2327,國巨*,661.0
2026-05-26,被動元件,2492,華新科,328.5
2026-05-26,被動元件,3026,禾伸堂,570.0
2026-05-26,記憶體,2337,旺宏,160.5
2026-05-26,記憶體,2344,華邦電,141.0
2026-05-26,記憶體,2408,南亞科,303.5
2026-05-26,記憶體,4967,十銓,271.0
2026-05-26,記憶體,8271,宇瞻,230.0
2026-05-26,貨櫃航運,2603,長榮,211.5
2026-05-26,貨櫃航運,2609,陽明,52.0
2026-05-26,貨櫃航運,2615,萬海,81.5
2026-05-26,輪胎橡膠,2101,南港,30.4
2026-05-26,輪胎橡膠,2103,台橡,19.25
2026-05-26,輪胎橡膠,2105,正新,31.6
2026-05-26,輪胎橡膠,2106,建大,16.7
2026-05-26,造紙,1904,正隆,18.9
2026-05-26,造紙,1905,華紙,12.0
2026-05-26,造紙,1907,永豐餘,24.5
2026-05-26,運動健身,1598,岱宇,20.25
2026-05-26,運動健身,1736,喬山,119.0
2026-05-26,運動健身,8462,柏文,136.5
2026-05-26,運動健身,9904,寶成,25.55
2026-05-26,醫療器材,4104,佳醫,70.0
2026-05-26,醫療器材,4133,亞諾法,20.85
2026-05-26,醫療器材,4736,泰博,122.5
2026-05-26,醫療器材,6491,晶碩,325.0
2026-05-26,重電,1503,士電,203.0
2026-05-26,重電,1513,中興電,165.0
2026-05-26,重電,1519,華城,851.0
2026-05-26,重電,1609,大亞,36.05
2026-05-26,重電,1618,合機,42.3
2026-05-26,金控銀行,2880,華南金,30.15
2026-05-26,金控銀行,2881,富邦金,103.5
2026-05-26,金控銀行,2882,國泰金,83.1
2026-05-26,金控銀行,2884,玉山金,31.15
2026-05-26,金控銀行,2886,兆豐金,39.4
2026-05-26,鋼鐵,2002,中鋼,19.5
2026-05-26,鋼鐵,2006,東和鋼鐵,65.2
2026-05-26,鋼鐵,2014,中鴻,18.1
2026-05-26,鋼鐵,2027,大成鋼,41.35
2026-05-26,鋼鐵,2031,新光鋼,38.85
2026-05-26,雲端服務,3045,台灣大,110.5
2026-05-26,雲端服務,4994,傳奇,91.9
2026-05-26,雲端服務,8454,富邦媒,188.0
2026-05-26,電子檢測,2360,致茂,2500.0
2026-05-26,電子檢測,3130,一零四,221.5
2026-05-26,電子檢測,3563,牧德,890.0
2026-05-26,電線電纜,1605,華新,37.15
2026-05-26,電線電纜,1608,華榮,33.45
2026-05-26,電線電纜,1609,大亞,36.05
2026-05-26,電線電纜,1612,宏泰,36.95
2026-05-26,電線電纜,1618,合機,42.3
2026-05-26,面板,2409,友達,22.0
2026-05-26,面板,3481,群創,45.7
2026-05-26,面板,6116,彩晶,13.65
2026-05-26,食品製造,1201,味全,12.3
2026-05-26,食品製造,1203,味王,42.7
2026-05-26,食品製造,1210,大成,52.1
2026-05-26,食品製造,1215,卜蜂,142.5
2026-05-26,食品製造,1227,佳格,28.25
2026-05-26,食品製造,1231,聯華食,85.6
2026-05-26,飯店餐旅,2704,國賓,42.05
2026-05-26,飯店餐旅,2707,晶華,173.0
2026-05-26,飯店餐旅,2712,遠雄來,14.95
2026-05-26,飯店餐旅,2727,王品,229.5
2026-05-27,ABF載板,3037,欣興,1080.0
2026-05-27,ABF載板,3189,景碩,702.0
2026-05-27,ABF載板,8046,南電,905.0
2026-05-27,AI伺服器,2317,鴻海,264.0
2026-05-27,AI伺服器,2382,廣達,312.0
2026-05-27,AI伺服器,3017,奇鋐,2700.0
2026-05-27,AI伺服器,3231,緯創,145.0
2026-05-27,AI伺服器,6669,緯穎,5075.0
2026-05-27,CCL銅箔基板,2383,台光電,5305.0
2026-05-27,CCL銅箔基板,6213,聯茂,276.5
2026-05-27,IC設計,2379,瑞昱,605.0
2026-05-27,IC設計,2454,聯發科,4640.0
2026-05-27,IC設計,3034,聯詠,485.0
2026-05-27,IC設計,3443,創意,5100.0
2026-05-27,IC設計,3661,世芯-KY,4500.0
2026-05-27,IC設計,5269,祥碩,1495.0
2026-05-27,LED光電,2393,億光,62.7
2026-05-27,LED光電,3031,佰鴻,30.95
2026-05-27,LED光電,3596,智易,188.5
2026-05-27,LED光電,3714,富采,74.3
2026-05-27,PCB,2313,華通,282.0
2026-05-27,PCB,2367,燿華,67.1
2026-05-27,PCB,3037,欣興,1080.0
2026-05-27,PCB,3044,健鼎,524.0
2026-05-27,PCB,4958,臻鼎-KY,532.0
2026-05-27,PCB,5469,瀚宇博,87.0
2026-05-27,PCB,6191,精成科,98.0
2026-05-27,PCB,8046,南電,905.0
2026-05-27,保險,2851,中再保,35.0
2026-05-27,保險,2867,三商壽,7.54
2026-05-27,光學鏡頭,3008,大立光,3505.0
2026-05-27,光學鏡頭,3406,玉晶光,585.0
2026-05-27,光學鏡頭,3504,揚明光,77.6
2026-05-27,光通訊,3450,聯鈞,501.0
2026-05-27,光通訊,4977,眾達-KY,221.0
2026-05-27,光通訊,6442,光聖,2040.0
2026-05-27,其他綜合,9907,統一實,15.85
2026-05-27,其他綜合,9911,櫻花,82.0
2026-05-27,其他綜合,9924,福興,41.7
2026-05-27,其他綜合,9933,中鼎,39.35
2026-05-27,半導體設備,2467,志聖,657.0
2026-05-27,半導體設備,3583,辛耘,876.0
2026-05-27,半導體設備,6196,帆宣,500.0
2026-05-27,半導體通路,2347,聯強,85.9
2026-05-27,半導體通路,3036,文曄,296.0
2026-05-27,半導體通路,3702,大聯大,120.5
2026-05-27,半導體通路,8112,至上,86.0
2026-05-27,塑化,1301,台塑,45.45
2026-05-27,塑化,1303,南亞,95.5
2026-05-27,塑化,1304,台聚,11.9
2026-05-27,塑化,1305,華夏,12.1
2026-05-27,塑化,1308,亞聚,12.85
2026-05-27,塑化,1314,中石化,6.9
2026-05-27,太陽能,3576,聯合再生,19.1
2026-05-27,太陽能,6443,元晶,41.05
2026-05-27,太陽能,6477,安集,33.9
2026-05-27,太陽能,6806,森崴能源,6.77
2026-05-27,居家生活,2908,特力,21.35
2026-05-27,居家生活,8464,億豐,306.0
2026-05-27,居家生活,9934,成霖,9.54
2026-05-27,散熱,2421,建準,162.0
2026-05-27,散熱,3017,奇鋐,2700.0
2026-05-27,散熱,3653,健策,3670.0
2026-05-27,散熱,6230,尼得科超眾,137.0
2026-05-27,散裝航運,2605,新興,31.0
2026-05-27,散裝航運,2612,中航,57.6
2026-05-27,散裝航運,2617,台航,28.8
2026-05-27,散裝航運,2637,慧洋-KY,75.9
2026-05-27,機器人,1590,亞德客-KY,1435.0
2026-05-27,機器人,2049,上銀,409.0
2026-05-27,機器人,2308,台達電,2520.0
2026-05-27,機器人,2359,所羅門,144.5
2026-05-27,機器人,2464,盟立,177.0
2026-05-27,機器人,6166,凌華,136.0
2026-05-27,機能紡織,1402,遠東新,23.45
2026-05-27,機能紡織,1476,儒鴻,331.0
2026-05-27,機能紡織,1477,聚陽,215.5
2026-05-27,機能紡織,4438,廣越,58.6
2026-05-27,水泥,1101,台泥,23.85
2026-05-27,水泥,1102,亞泥,33.0
2026-05-27,水泥,1103,嘉泥,13.2
2026-05-27,水泥,1104,環泥,27.2
2026-05-27,汽車整車,2201,裕隆,26.45
2026-05-27,汽車整車,2204,中華,52.6
2026-05-27,汽車整車,2207,和泰車,466.5
2026-05-27,汽車零組件,1319,東陽,78.7
2026-05-27,汽車零組件,1521,大億,24.5
2026-05-27,汽車零組件,1536,和大,49.7
2026-05-27,汽車零組件,2227,裕日車,48.4
2026-05-27,汽車零組件,2231,為升,104.5
2026-05-27,汽車零組件,4551,智伸科,151.5
2026-05-27,營建,2501,國建,21.85
2026-05-27,營建,2520,冠德,30.05
2026-05-27,營建,2542,興富發,43.1
2026-05-27,營建,2548,華固,121.5
2026-05-27,營建,2608,嘉里大榮,28.6
2026-05-27,特用化學,1711,永光,51.0
2026-05-27,特用化學,1723,中碳,81.0
2026-05-27,特用化學,1773,勝一,195.0
2026-05-27,特用化學,4763,材料*-KY,41.4
2026-05-27,玻璃陶瓷,1802,台玻,72.8
2026-05-27,玻璃陶瓷,1806,冠軍,7.97
2026-05-27,玻璃陶瓷,1809,中釉,44.4
2026-05-27,玻璃陶瓷,1810,和成,19.9
2026-05-27,環保,8341,日友,75.4
2026-05-27,生技製藥,1707,葡萄王,99.6
2026-05-27,生技製藥,1720,生達,61.2
2026-05-27,生技製藥,1760,寶齡富錦,60.5
2026-05-27,生技製藥,1789,神隆,19.0
2026-05-27,百貨零售,2903,遠百,21.9
2026-05-27,百貨零售,2912,統一超,206.5
2026-05-27,百貨零售,5907,大洋-KY,5.02
2026-05-27,百貨零售,8454,富邦媒,191.0
2026-05-27,石化能源,1301,台塑,45.45
2026-05-27,石化能源,1303,南亞,95.5
2026-05-27,石化能源,1314,中石化,6.9
2026-05-27,石化能源,6505,台塑化,50.1
2026-05-27,石化能源,8926,台汽電,72.3
2026-05-27,系統整合,2427,三商電,20.3
2026-05-27,系統整合,2480,敦陽科,146.5
2026-05-27,系統整合,3029,零壹,95.3
2026-05-27,系統整合,6214,精誠,129.0
2026-05-27,網通,2345,智邦,2620.0
2026-05-27,網通,2412,中華電,137.0
2026-05-27,網通,4904,遠傳,92.9
2026-05-27,網通,5388,中磊,83.3
2026-05-27,網通,6285,啟碁,311.5
2026-05-27,自行車,9914,美利達,64.9
2026-05-27,自行車,9921,巨大,66.2
2026-05-27,航空,2610,華航,18.45
2026-05-27,航空,2618,長榮航,34.8
2026-05-27,航空,2646,星宇航空,20.05
2026-05-27,被動元件,2327,國巨*,701.0
2026-05-27,被動元件,2492,華新科,361.0
2026-05-27,被動元件,3026,禾伸堂,608.0
2026-05-27,記憶體,2337,旺宏,155.5
2026-05-27,記憶體,2344,華邦電,155.0
2026-05-27,記憶體,2408,南亞科,312.0
2026-05-27,記憶體,4967,十銓,267.0
2026-05-27,記憶體,8271,宇瞻,232.5
2026-05-27,貨櫃航運,2603,長榮,211.5
2026-05-27,貨櫃航運,2609,陽明,52.6
2026-05-27,貨櫃航運,2615,萬海,81.8
2026-05-27,輪胎橡膠,2101,南港,29.75
2026-05-27,輪胎橡膠,2103,台橡,18.8
2026-05-27,輪胎橡膠,2105,正新,31.55
2026-05-27,輪胎橡膠,2106,建大,16.65
2026-05-27,造紙,1904,正隆,18.9
2026-05-27,造紙,1905,華紙,11.85
2026-05-27,造紙,1907,永豐餘,24.0
2026-05-27,運動健身,1598,岱宇,20.0
2026-05-27,運動健身,1736,喬山,116.5
2026-05-27,運動健身,8462,柏文,137.5
2026-05-27,運動健身,9904,寶成,25.35
2026-05-27,醫療器材,4104,佳醫,70.4
2026-05-27,醫療器材,4133,亞諾法,20.6
2026-05-27,醫療器材,4736,泰博,122.0
2026-05-27,醫療器材,6491,晶碩,325.0
2026-05-27,重電,1503,士電,221.0
2026-05-27,重電,1513,中興電,169.0
2026-05-27,重電,1519,華城,878.0
2026-05-27,重電,1609,大亞,36.75
2026-05-27,重電,1618,合機,41.8
2026-05-27,金控銀行,2880,華南金,29.95
2026-05-27,金控銀行,2881,富邦金,110.0
2026-05-27,金控銀行,2882,國泰金,85.4
2026-05-27,金控銀行,2884,玉山金,31.15
2026-05-27,金控銀行,2886,兆豐金,39.45
2026-05-27,鋼鐵,2002,中鋼,19.1
2026-05-27,鋼鐵,2006,東和鋼鐵,66.9
2026-05-27,鋼鐵,2014,中鴻,18.0
2026-05-27,鋼鐵,2027,大成鋼,42.45
2026-05-27,鋼鐵,2031,新光鋼,38.85
2026-05-27,雲端服務,3045,台灣大,110.0
2026-05-27,雲端服務,4994,傳奇,89.5
2026-05-27,雲端服務,8454,富邦媒,191.0
2026-05-27,電子檢測,2360,致茂,2625.0
2026-05-27,電子檢測,3130,一零四,221.5
2026-05-27,電子檢測,3563,牧德,842.0
2026-05-27,電線電纜,1605,華新,37.5
2026-05-27,電線電纜,1608,華榮,33.65
2026-05-27,電線電纜,1609,大亞,36.75
2026-05-27,電線電纜,1612,宏泰,36.9
2026-05-27,電線電纜,1618,合機,41.8
2026-05-27,面板,2409,友達,21.8
2026-05-27,面板,3481,群創,50.2
2026-05-27,面板,6116,彩晶,14.5
2026-05-27,食品製造,1201,味全,12.1
2026-05-27,食品製造,1203,味王,42.7
2026-05-27,食品製造,1210,大成,51.7
2026-05-27,食品製造,1215,卜蜂,129.5
2026-05-27,食品製造,1227,佳格,28.1
2026-05-27,食品製造,1231,聯華食,85.6
2026-05-27,飯店餐旅,2704,國賓,42.15
2026-05-27,飯店餐旅,2707,晶華,173.0
2026-05-27,飯店餐旅,2712,遠雄來,14.75
2026-05-27,飯店餐旅,2727,王品,234.0
2026-05-28,ABF載板,3037,欣興,1025.0
2026-05-28,ABF載板,3189,景碩,681.0
2026-05-28,ABF載板,8046,南電,850.0
2026-05-28,AI伺服器,2317,鴻海,263.0
2026-05-28,AI伺服器,2382,廣達,308.5
2026-05-28,AI伺服器,3017,奇鋐,2580.0
2026-05-28,AI伺服器,3231,緯創,144.5
2026-05-28,AI伺服器,6669,緯穎,4950.0
2026-05-28,CCL銅箔基板,2383,台光電,5055.0
2026-05-28,CCL銅箔基板,6213,聯茂,261.0
2026-05-28,IC設計,2379,瑞昱,594.0
2026-05-28,IC設計,2454,聯發科,4410.0
2026-05-28,IC設計,3034,聯詠,478.5
2026-05-28,IC設計,3443,創意,4590.0
2026-05-28,IC設計,3661,世芯-KY,4300.0
2026-05-28,IC設計,5269,祥碩,1440.0
2026-05-28,LED光電,2393,億光,62.3
2026-05-28,LED光電,3031,佰鴻,31.3
2026-05-28,LED光電,3596,智易,184.0
2026-05-28,LED光電,3714,富采,72.7
2026-05-28,PCB,2313,華通,259.0
2026-05-28,PCB,2367,燿華,65.8
2026-05-28,PCB,3037,欣興,1025.0
2026-05-28,PCB,3044,健鼎,493.5
2026-05-28,PCB,4958,臻鼎-KY,486.0
2026-05-28,PCB,5469,瀚宇博,84.0
2026-05-28,PCB,6191,精成科,97.1
2026-05-28,PCB,8046,南電,850.0
2026-05-28,保險,2851,中再保,35.2
2026-05-28,保險,2867,三商壽,7.44
2026-05-28,光學鏡頭,3008,大立光,3425.0
2026-05-28,光學鏡頭,3406,玉晶光,572.0
2026-05-28,光學鏡頭,3504,揚明光,77.1
2026-05-28,光通訊,3450,聯鈞,481.0
2026-05-28,光通訊,4977,眾達-KY,210.5
2026-05-28,光通訊,6442,光聖,1895.0
2026-05-28,其他綜合,9907,統一實,15.8
2026-05-28,其他綜合,9911,櫻花,81.5
2026-05-28,其他綜合,9924,福興,42.2
2026-05-28,其他綜合,9933,中鼎,38.9
2026-05-28,半導體設備,2467,志聖,617.0
2026-05-28,半導體設備,3583,辛耘,877.0
2026-05-28,半導體設備,6196,帆宣,496.0
2026-05-28,半導體通路,2347,聯強,85.7
2026-05-28,半導體通路,3036,文曄,289.5
2026-05-28,半導體通路,3702,大聯大,121.5
2026-05-28,半導體通路,8112,至上,86.0
2026-05-28,塑化,1301,台塑,45.05
2026-05-28,塑化,1303,南亞,90.5
2026-05-28,塑化,1304,台聚,12.35
2026-05-28,塑化,1305,華夏,12.6
2026-05-28,塑化,1308,亞聚,13.25
2026-05-28,塑化,1314,中石化,7.1
2026-05-28,太陽能,3576,聯合再生,18.25
2026-05-28,太陽能,6443,元晶,40.45
2026-05-28,太陽能,6477,安集,33.25
2026-05-28,太陽能,6806,森崴能源,6.1
2026-05-28,居家生活,2908,特力,21.45
2026-05-28,居家生活,8464,億豐,308.5
2026-05-28,居家生活,9934,成霖,9.54
2026-05-28,散熱,2421,建準,156.5
2026-05-28,散熱,3017,奇鋐,2580.0
2026-05-28,散熱,3653,健策,3500.0
2026-05-28,散熱,6230,尼得科超眾,134.0
2026-05-28,散裝航運,2605,新興,31.45
2026-05-28,散裝航運,2612,中航,57.5
2026-05-28,散裝航運,2617,台航,28.8
2026-05-28,散裝航運,2637,慧洋-KY,76.7
2026-05-28,機器人,1590,亞德客-KY,1390.0
2026-05-28,機器人,2049,上銀,388.0
2026-05-28,機器人,2308,台達電,2390.0
2026-05-28,機器人,2359,所羅門,137.0
2026-05-28,機器人,2464,盟立,168.0
2026-05-28,機器人,6166,凌華,129.5
2026-05-28,機能紡織,1402,遠東新,24.8
2026-05-28,機能紡織,1476,儒鴻,340.5
2026-05-28,機能紡織,1477,聚陽,217.5
2026-05-28,機能紡織,4438,廣越,59.3
2026-05-28,水泥,1101,台泥,23.65
2026-05-28,水泥,1102,亞泥,32.4
2026-05-28,水泥,1103,嘉泥,13.2
2026-05-28,水泥,1104,環泥,27.2
2026-05-28,汽車整車,2201,裕隆,27.35
2026-05-28,汽車整車,2204,中華,52.9
2026-05-28,汽車整車,2207,和泰車,456.0
2026-05-28,汽車零組件,1319,東陽,86.5
2026-05-28,汽車零組件,1521,大億,26.95
2026-05-28,汽車零組件,1536,和大,51.3
2026-05-28,汽車零組件,2227,裕日車,48.5
2026-05-28,汽車零組件,2231,為升,104.5
2026-05-28,汽車零組件,4551,智伸科,155.0
2026-05-28,營建,2501,國建,22.25
2026-05-28,營建,2520,冠德,29.95
2026-05-28,營建,2542,興富發,42.0
2026-05-28,營建,2548,華固,121.0
2026-05-28,營建,2608,嘉里大榮,28.6
2026-05-28,特用化學,1711,永光,48.95
2026-05-28,特用化學,1723,中碳,82.8
2026-05-28,特用化學,1773,勝一,184.0
2026-05-28,特用化學,4763,材料*-KY,40.3
2026-05-28,玻璃陶瓷,1802,台玻,70.4
2026-05-28,玻璃陶瓷,1806,冠軍,7.93
2026-05-28,玻璃陶瓷,1809,中釉,41.75
2026-05-28,玻璃陶瓷,1810,和成,20.0
2026-05-28,環保,8341,日友,74.8
2026-05-28,生技製藥,1707,葡萄王,100.0
2026-05-28,生技製藥,1720,生達,61.4
2026-05-28,生技製藥,1760,寶齡富錦,59.7
2026-05-28,生技製藥,1789,神隆,19.2
2026-05-28,百貨零售,2903,遠百,21.8
2026-05-28,百貨零售,2912,統一超,207.0
2026-05-28,百貨零售,5907,大洋-KY,4.96
2026-05-28,百貨零售,8454,富邦媒,210.0
2026-05-28,石化能源,1301,台塑,45.05
2026-05-28,石化能源,1303,南亞,90.5
2026-05-28,石化能源,1314,中石化,7.1
2026-05-28,石化能源,6505,台塑化,49.9
2026-05-28,石化能源,8926,台汽電,67.3
2026-05-28,系統整合,2427,三商電,20.3
2026-05-28,系統整合,2480,敦陽科,147.0
2026-05-28,系統整合,3029,零壹,94.4
2026-05-28,系統整合,6214,精誠,129.0
2026-05-28,網通,2345,智邦,2435.0
2026-05-28,網通,2412,中華電,136.5
2026-05-28,網通,4904,遠傳,93.6
2026-05-28,網通,5388,中磊,84.7
2026-05-28,網通,6285,啟碁,304.0
2026-05-28,自行車,9914,美利達,66.0
2026-05-28,自行車,9921,巨大,67.8
2026-05-28,航空,2610,華航,18.6
2026-05-28,航空,2618,長榮航,35.3
2026-05-28,航空,2646,星宇航空,20.05
2026-05-28,被動元件,2327,國巨*,742.0
2026-05-28,被動元件,2492,華新科,390.0
2026-05-28,被動元件,3026,禾伸堂,605.0
2026-05-28,記憶體,2337,旺宏,160.0
2026-05-28,記憶體,2344,華邦電,144.0
2026-05-28,記憶體,2408,南亞科,324.0
2026-05-28,記憶體,4967,十銓,270.5
2026-05-28,記憶體,8271,宇瞻,237.0
2026-05-28,貨櫃航運,2603,長榮,211.0
2026-05-28,貨櫃航運,2609,陽明,52.3
2026-05-28,貨櫃航運,2615,萬海,80.7
2026-05-28,輪胎橡膠,2101,南港,29.75
2026-05-28,輪胎橡膠,2103,台橡,18.95
2026-05-28,輪胎橡膠,2105,正新,31.9
2026-05-28,輪胎橡膠,2106,建大,16.65
2026-05-28,造紙,1904,正隆,18.8
2026-05-28,造紙,1905,華紙,11.95
2026-05-28,造紙,1907,永豐餘,24.25
2026-05-28,運動健身,1598,岱宇,19.95
2026-05-28,運動健身,1736,喬山,116.0
2026-05-28,運動健身,8462,柏文,138.5
2026-05-28,運動健身,9904,寶成,25.2
2026-05-28,醫療器材,4104,佳醫,69.5
2026-05-28,醫療器材,4133,亞諾法,20.55
2026-05-28,醫療器材,4736,泰博,122.0
2026-05-28,醫療器材,6491,晶碩,319.0
2026-05-28,重電,1503,士電,216.0
2026-05-28,重電,1513,中興電,165.5
2026-05-28,重電,1519,華城,846.0
2026-05-28,重電,1609,大亞,35.9
2026-05-28,重電,1618,合機,41.2
2026-05-28,金控銀行,2880,華南金,29.6
2026-05-28,金控銀行,2881,富邦金,110.0
2026-05-28,金控銀行,2882,國泰金,84.8
2026-05-28,金控銀行,2884,玉山金,30.7
2026-05-28,金控銀行,2886,兆豐金,39.8
2026-05-28,鋼鐵,2002,中鋼,18.85
2026-05-28,鋼鐵,2006,東和鋼鐵,66.4
2026-05-28,鋼鐵,2014,中鴻,17.85
2026-05-28,鋼鐵,2027,大成鋼,41.75
2026-05-28,鋼鐵,2031,新光鋼,38.7
2026-05-28,雲端服務,3045,台灣大,111.0
2026-05-28,雲端服務,4994,傳奇,90.1
2026-05-28,雲端服務,8454,富邦媒,210.0
2026-05-28,電子檢測,2360,致茂,2570.0
2026-05-28,電子檢測,3130,一零四,221.0
2026-05-28,電子檢測,3563,牧德,816.0
2026-05-28,電線電纜,1605,華新,36.0
2026-05-28,電線電纜,1608,華榮,33.45
2026-05-28,電線電纜,1609,大亞,35.9
2026-05-28,電線電纜,1612,宏泰,36.75
2026-05-28,電線電纜,1618,合機,41.2
2026-05-28,面板,2409,友達,21.2
2026-05-28,面板,3481,群創,46.4
2026-05-28,面板,6116,彩晶,15.55
2026-05-28,食品製造,1201,味全,12.0
2026-05-28,食品製造,1203,味王,43.0
2026-05-28,食品製造,1210,大成,51.8
2026-05-28,食品製造,1215,卜蜂,127.5
2026-05-28,食品製造,1227,佳格,27.9
2026-05-28,食品製造,1231,聯華食,84.7
2026-05-28,飯店餐旅,2704,國賓,42.15
2026-05-28,飯店餐旅,2707,晶華,171.5
2026-05-28,飯店餐旅,2712,遠雄來,14.75
2026-05-28,飯店餐旅,2727,王品,232.0
2026-05-29,ABF載板,3037,欣興,1055.0
2026-05-29,ABF載板,3189,景碩,729.0
2026-05-29,ABF載板,8046,南電,848.0
2026-05-29,AI伺服器,2317,鴻海,289.0
2026-05-29,AI伺服器,2382,廣達,339.0
2026-05-29,AI伺服器,3017,奇鋐,2665.0
2026-05-29,AI伺服器,3231,緯創,158.5
2026-05-29,AI伺服器,6669,緯穎,5445.0
2026-05-29,CCL銅箔基板,2383,台光電,5120.0
2026-05-29,CCL銅箔基板,6213,聯茂,268.5
2026-05-29,IC設計,2379,瑞昱,580.0
2026-05-29,IC設計,2454,聯發科,4310.0
2026-05-29,IC設計,3034,聯詠,477.0
2026-05-29,IC設計,3443,創意,4670.0
2026-05-29,IC設計,3661,世芯-KY,4415.0
2026-05-29,IC設計,5269,祥碩,1465.0
2026-05-29,LED光電,2393,億光,62.5
2026-05-29,LED光電,3031,佰鴻,32.4
2026-05-29,LED光電,3596,智易,187.5
2026-05-29,LED光電,3714,富采,72.8
2026-05-29,PCB,2313,華通,284.5
2026-05-29,PCB,2367,燿華,68.1
2026-05-29,PCB,3037,欣興,1055.0
2026-05-29,PCB,3044,健鼎,521.0
2026-05-29,PCB,4958,臻鼎-KY,515.0
2026-05-29,PCB,5469,瀚宇博,85.2
2026-05-29,PCB,6191,精成科,97.0
2026-05-29,PCB,8046,南電,848.0
2026-05-29,保險,2851,中再保,35.1
2026-05-29,保險,2867,三商壽,7.52
2026-05-29,光學鏡頭,3008,大立光,3515.0
2026-05-29,光學鏡頭,3406,玉晶光,603.0
2026-05-29,光學鏡頭,3504,揚明光,77.8
2026-05-29,光通訊,3450,聯鈞,490.5
2026-05-29,光通訊,4977,眾達-KY,210.5
2026-05-29,光通訊,6442,光聖,1845.0
2026-05-29,其他綜合,9907,統一實,15.95
2026-05-29,其他綜合,9911,櫻花,82.0
2026-05-29,其他綜合,9924,福興,42.5
2026-05-29,其他綜合,9933,中鼎,39.65
2026-05-29,半導體設備,2467,志聖,619.0
2026-05-29,半導體設備,3583,辛耘,867.0
2026-05-29,半導體設備,6196,帆宣,511.0
2026-05-29,半導體通路,2347,聯強,85.9
2026-05-29,半導體通路,3036,文曄,288.5
2026-05-29,半導體通路,3702,大聯大,117.5
2026-05-29,半導體通路,8112,至上,88.6
2026-05-29,塑化,1301,台塑,47.45
2026-05-29,塑化,1303,南亞,98.1
2026-05-29,塑化,1304,台聚,12.2
2026-05-29,塑化,1305,華夏,12.3
2026-05-29,塑化,1308,亞聚,13.1
2026-05-29,塑化,1314,中石化,7.04
2026-05-29,太陽能,3576,聯合再生,18.35
2026-05-29,太陽能,6443,元晶,40.7
2026-05-29,太陽能,6477,安集,33.85
2026-05-29,太陽能,6806,森崴能源,6.71
2026-05-29,居家生活,2908,特力,21.45
2026-05-29,居家生活,8464,億豐,317.5
2026-05-29,居家生活,9934,成霖,9.71
2026-05-29,散熱,2421,建準,159.0
2026-05-29,散熱,3017,奇鋐,2665.0
2026-05-29,散熱,3653,健策,3545.0
2026-05-29,散熱,6230,尼得科超眾,135.5
2026-05-29,散裝航運,2605,新興,30.2
2026-05-29,散裝航運,2612,中航,57.7
2026-05-29,散裝航運,2617,台航,28.95
2026-05-29,散裝航運,2637,慧洋-KY,75.3
2026-05-29,機器人,1590,亞德客-KY,1400.0
2026-05-29,機器人,2049,上銀,389.0
2026-05-29,機器人,2308,台達電,2445.0
2026-05-29,機器人,2359,所羅門,143.0
2026-05-29,機器人,2464,盟立,184.5
2026-05-29,機器人,6166,凌華,132.0
2026-05-29,機能紡織,1402,遠東新,25.65
2026-05-29,機能紡織,1476,儒鴻,342.5
2026-05-29,機能紡織,1477,聚陽,216.5
2026-05-29,機能紡織,4438,廣越,61.0
2026-05-29,水泥,1101,台泥,24.4
2026-05-29,水泥,1102,亞泥,34.0
2026-05-29,水泥,1103,嘉泥,13.45
2026-05-29,水泥,1104,環泥,27.45
2026-05-29,汽車整車,2201,裕隆,27.45
2026-05-29,汽車整車,2204,中華,53.8
2026-05-29,汽車整車,2207,和泰車,483.0
2026-05-29,汽車零組件,1319,東陽,95.1
2026-05-29,汽車零組件,1521,大億,29.6
2026-05-29,汽車零組件,1536,和大,52.8
2026-05-29,汽車零組件,2227,裕日車,50.4
2026-05-29,汽車零組件,2231,為升,106.0
2026-05-29,汽車零組件,4551,智伸科,155.5
2026-05-29,營建,2501,國建,22.65
2026-05-29,營建,2520,冠德,29.85
2026-05-29,營建,2542,興富發,41.95
2026-05-29,營建,2548,華固,119.5
2026-05-29,營建,2608,嘉里大榮,29.1
2026-05-29,特用化學,1711,永光,49.1
2026-05-29,特用化學,1723,中碳,82.3
2026-05-29,特用化學,1773,勝一,186.5
2026-05-29,特用化學,4763,材料*-KY,40.9
2026-05-29,玻璃陶瓷,1802,台玻,71.9
2026-05-29,玻璃陶瓷,1806,冠軍,7.99
2026-05-29,玻璃陶瓷,1809,中釉,43.55
2026-05-29,玻璃陶瓷,1810,和成,19.5
2026-05-29,環保,8341,日友,75.2
2026-05-29,生技製藥,1707,葡萄王,101.0
2026-05-29,生技製藥,1720,生達,61.6
2026-05-29,生技製藥,1760,寶齡富錦,60.3
2026-05-29,生技製藥,1789,神隆,19.75
2026-05-29,百貨零售,2903,遠百,21.8
2026-05-29,百貨零售,2912,統一超,214.0
2026-05-29,百貨零售,5907,大洋-KY,5.0
2026-05-29,百貨零售,8454,富邦媒,231.0
2026-05-29,石化能源,1301,台塑,47.45
2026-05-29,石化能源,1303,南亞,98.1
2026-05-29,石化能源,1314,中石化,7.04
2026-05-29,石化能源,6505,台塑化,51.4
2026-05-29,石化能源,8926,台汽電,66.6
2026-05-29,系統整合,2427,三商電,20.6
2026-05-29,系統整合,2480,敦陽科,148.5
2026-05-29,系統整合,3029,零壹,96.2
2026-05-29,系統整合,6214,精誠,131.0
2026-05-29,網通,2345,智邦,2430.0
2026-05-29,網通,2412,中華電,137.0
2026-05-29,網通,4904,遠傳,94.6
2026-05-29,網通,5388,中磊,86.7
2026-05-29,網通,6285,啟碁,319.0
2026-05-29,自行車,9914,美利達,66.7
2026-05-29,自行車,9921,巨大,69.3
2026-05-29,航空,2610,華航,19.1
2026-05-29,航空,2618,長榮航,36.05
2026-05-29,航空,2646,星宇航空,20.45
2026-05-29,被動元件,2327,國巨*,738.0
2026-05-29,被動元件,2492,華新科,394.0
2026-05-29,被動元件,3026,禾伸堂,641.0
2026-05-29,記憶體,2337,旺宏,166.5
2026-05-29,記憶體,2344,華邦電,158.0
2026-05-29,記憶體,2408,南亞科,347.0
2026-05-29,記憶體,4967,十銓,276.0
2026-05-29,記憶體,8271,宇瞻,245.5
2026-05-29,貨櫃航運,2603,長榮,213.0
2026-05-29,貨櫃航運,2609,陽明,52.7
2026-05-29,貨櫃航運,2615,萬海,82.0
2026-05-29,輪胎橡膠,2101,南港,30.05
2026-05-29,輪胎橡膠,2103,台橡,19.05
2026-05-29,輪胎橡膠,2105,正新,32.4
2026-05-29,輪胎橡膠,2106,建大,16.75
2026-05-29,造紙,1904,正隆,19.0
2026-05-29,造紙,1905,華紙,11.95
2026-05-29,造紙,1907,永豐餘,24.2
2026-05-29,運動健身,1598,岱宇,20.45
2026-05-29,運動健身,1736,喬山,119.5
2026-05-29,運動健身,8462,柏文,139.5
2026-05-29,運動健身,9904,寶成,25.45
2026-05-29,醫療器材,4104,佳醫,70.1
2026-05-29,醫療器材,4133,亞諾法,21.05
2026-05-29,醫療器材,4736,泰博,122.5
2026-05-29,醫療器材,6491,晶碩,321.5
2026-05-29,重電,1503,士電,219.0
2026-05-29,重電,1513,中興電,166.5
2026-05-29,重電,1519,華城,874.0
2026-05-29,重電,1609,大亞,39.25
2026-05-29,重電,1618,合機,42.2
2026-05-29,金控銀行,2880,華南金,30.5
2026-05-29,金控銀行,2881,富邦金,110.0
2026-05-29,金控銀行,2882,國泰金,85.7
2026-05-29,金控銀行,2884,玉山金,30.95
2026-05-29,金控銀行,2886,兆豐金,40.0
2026-05-29,鋼鐵,2002,中鋼,19.1
2026-05-29,鋼鐵,2006,東和鋼鐵,67.6
2026-05-29,鋼鐵,2014,中鴻,18.35
2026-05-29,鋼鐵,2027,大成鋼,41.65
2026-05-29,鋼鐵,2031,新光鋼,39.35
2026-05-29,雲端服務,3045,台灣大,111.5
2026-05-29,雲端服務,4994,傳奇,91.0
2026-05-29,雲端服務,8454,富邦媒,231.0
2026-05-29,電子檢測,2360,致茂,2520.0
2026-05-29,電子檢測,3130,一零四,220.5
2026-05-29,電子檢測,3563,牧德,826.0
2026-05-29,電線電纜,1605,華新,38.75
2026-05-29,電線電纜,1608,華榮,34.5
2026-05-29,電線電纜,1609,大亞,39.25
2026-05-29,電線電纜,1612,宏泰,37.25
2026-05-29,電線電纜,1618,合機,42.2
2026-05-29,面板,2409,友達,23.0
2026-05-29,面板,3481,群創,51.0
2026-05-29,面板,6116,彩晶,17.1
2026-05-29,食品製造,1201,味全,12.1
2026-05-29,食品製造,1203,味王,43.55
2026-05-29,食品製造,1210,大成,52.6
2026-05-29,食品製造,1215,卜蜂,125.0
2026-05-29,食品製造,1227,佳格,27.95
2026-05-29,食品製造,1231,聯華食,85.5
2026-05-29,飯店餐旅,2704,國賓,42.1
2026-05-29,飯店餐旅,2707,晶華,173.0
2026-05-29,飯店餐旅,2712,遠雄來,14.6
2026-05-29,飯店餐旅,2727,王品,233.0
2026-06-01,ABF載板,3037,欣興,1050.0
2026-06-01,ABF載板,3189,景碩,774.0
2026-06-01,ABF載板,8046,南電,905.0
2026-06-01,AI伺服器,2317,鴻海,293.5
2026-06-01,AI伺服器,2382,廣達,372.5
2026-06-01,AI伺服器,3017,奇鋐,2785.0
2026-06-01,AI伺服器,3231,緯創,174.0
2026-06-01,AI伺服器,6669,緯穎,5515.0
2026-06-01,CCL銅箔基板,2383,台光電,5070.0
2026-06-01,CCL銅箔基板,6213,聯茂,295.0
2026-06-01,IC設計,2379,瑞昱,609.0
2026-06-01,IC設計,2454,聯發科,4555.0
2026-06-01,IC設計,3034,聯詠,496.5
2026-06-01,IC設計,3443,創意,4655.0
2026-06-01,IC設計,3661,世芯-KY,4855.0
2026-06-01,IC設計,5269,祥碩,1520.0
2026-06-01,LED光電,2393,億光,64.4
2026-06-01,LED光電,3031,佰鴻,32.4
2026-06-01,LED光電,3596,智易,193.5
2026-06-01,LED光電,3714,富采,71.6
2026-06-01,PCB,2313,華通,282.0
2026-06-01,PCB,2367,燿華,67.4
2026-06-01,PCB,3037,欣興,1050.0
2026-06-01,PCB,3044,健鼎,518.0
2026-06-01,PCB,4958,臻鼎-KY,548.0
2026-06-01,PCB,5469,瀚宇博,86.0
2026-06-01,PCB,6191,精成科,96.2
2026-06-01,PCB,8046,南電,905.0
2026-06-01,保險,2851,中再保,35.15
2026-06-01,保險,2867,三商壽,7.63
2026-06-01,光學鏡頭,3008,大立光,3835.0
2026-06-01,光學鏡頭,3406,玉晶光,603.0
2026-06-01,光學鏡頭,3504,揚明光,78.4
2026-06-01,光通訊,3450,聯鈞,539.0
2026-06-01,光通訊,4977,眾達-KY,217.0
2026-06-01,光通訊,6442,光聖,1885.0
2026-06-01,其他綜合,9907,統一實,16.2
2026-06-01,其他綜合,9911,櫻花,82.0
2026-06-01,其他綜合,9924,福興,42.65
2026-06-01,其他綜合,9933,中鼎,39.65
2026-06-01,半導體設備,2467,志聖,637.0
2026-06-01,半導體設備,3583,辛耘,867.0
2026-06-01,半導體設備,6196,帆宣,513.0
2026-06-01,半導體通路,2347,聯強,86.5
2026-06-01,半導體通路,3036,文曄,287.5
2026-06-01,半導體通路,3702,大聯大,118.5
2026-06-01,半導體通路,8112,至上,91.4
2026-06-01,塑化,1301,台塑,50.0
2026-06-01,塑化,1303,南亞,107.5
2026-06-01,塑化,1304,台聚,13.0
2026-06-01,塑化,1305,華夏,12.85
2026-06-01,塑化,1308,亞聚,13.65
2026-06-01,塑化,1314,中石化,7.1
2026-06-01,太陽能,3576,聯合再生,18.5
2026-06-01,太陽能,6443,元晶,42.1
2026-06-01,太陽能,6477,安集,34.25
2026-06-01,太陽能,6806,森崴能源,7.38
2026-06-01,居家生活,2908,特力,21.55
2026-06-01,居家生活,8464,億豐,324.0
2026-06-01,居家生活,9934,成霖,9.96
2026-06-01,散熱,2421,建準,165.0
2026-06-01,散熱,3017,奇鋐,2785.0
2026-06-01,散熱,3653,健策,3840.0
2026-06-01,散熱,6230,尼得科超眾,141.5
2026-06-01,散裝航運,2605,新興,33.2
2026-06-01,散裝航運,2612,中航,57.3
2026-06-01,散裝航運,2617,台航,29.65
2026-06-01,散裝航運,2637,慧洋-KY,78.8
2026-06-01,機器人,1590,亞德客-KY,1350.0
2026-06-01,機器人,2049,上銀,387.5
2026-06-01,機器人,2308,台達電,2420.0
2026-06-01,機器人,2359,所羅門,150.5
2026-06-01,機器人,2464,盟立,199.0
2026-06-01,機器人,6166,凌華,133.5
2026-06-01,機能紡織,1402,遠東新,25.05
2026-06-01,機能紡織,1476,儒鴻,353.0
2026-06-01,機能紡織,1477,聚陽,222.5
2026-06-01,機能紡織,4438,廣越,61.1
2026-06-01,水泥,1101,台泥,24.55
2026-06-01,水泥,1102,亞泥,33.8
2026-06-01,水泥,1103,嘉泥,13.3
2026-06-01,水泥,1104,環泥,27.9
2026-06-01,汽車整車,2201,裕隆,27.85
2026-06-01,汽車整車,2204,中華,53.6
2026-06-01,汽車整車,2207,和泰車,473.5
2026-06-01,汽車零組件,1319,東陽,87.5
2026-06-01,汽車零組件,1521,大億,28.35
2026-06-01,汽車零組件,1536,和大,53.9
2026-06-01,汽車零組件,2227,裕日車,50.0
2026-06-01,汽車零組件,2231,為升,109.0
2026-06-01,汽車零組件,4551,智伸科,153.5
2026-06-01,營建,2501,國建,22.95
2026-06-01,營建,2520,冠德,30.9
2026-06-01,營建,2542,興富發,42.6
2026-06-01,營建,2548,華固,122.5
2026-06-01,營建,2608,嘉里大榮,29.4
2026-06-01,特用化學,1711,永光,49.35
2026-06-01,特用化學,1723,中碳,83.9
2026-06-01,特用化學,1773,勝一,185.0
2026-06-01,特用化學,4763,材料*-KY,42.6
2026-06-01,玻璃陶瓷,1802,台玻,74.8
2026-06-01,玻璃陶瓷,1806,冠軍,8.09
2026-06-01,玻璃陶瓷,1809,中釉,47.9
2026-06-01,玻璃陶瓷,1810,和成,20.05
2026-06-01,環保,8341,日友,76.6
2026-06-01,生技製藥,1707,葡萄王,100.5
2026-06-01,生技製藥,1720,生達,61.6
2026-06-01,生技製藥,1760,寶齡富錦,60.7
2026-06-01,生技製藥,1789,神隆,19.7
2026-06-01,百貨零售,2903,遠百,21.9
2026-06-01,百貨零售,2912,統一超,227.5
2026-06-01,百貨零售,5907,大洋-KY,5.07
2026-06-01,百貨零售,8454,富邦媒,241.5
2026-06-01,石化能源,1301,台塑,50.0
2026-06-01,石化能源,1303,南亞,107.5
2026-06-01,石化能源,1314,中石化,7.1
2026-06-01,石化能源,6505,台塑化,53.3
2026-06-01,石化能源,8926,台汽電,67.2
2026-06-01,系統整合,2427,三商電,22.05
2026-06-01,系統整合,2480,敦陽科,161.0
2026-06-01,系統整合,3029,零壹,105.5
2026-06-01,系統整合,6214,精誠,144.0
2026-06-01,網通,2345,智邦,2510.0
2026-06-01,網通,2412,中華電,140.5
2026-06-01,網通,4904,遠傳,97.1
2026-06-01,網通,5388,中磊,90.1
2026-06-01,網通,6285,啟碁,314.0
2026-06-01,自行車,9914,美利達,68.0
2026-06-01,自行車,9921,巨大,69.8
2026-06-01,航空,2610,華航,19.55
2026-06-01,航空,2618,長榮航,37.7
2026-06-01,航空,2646,星宇航空,20.7
2026-06-01,被動元件,2327,國巨*,790.0
2026-06-01,被動元件,2492,華新科,416.0
2026-06-01,被動元件,3026,禾伸堂,672.0
2026-06-01,記憶體,2337,旺宏,167.5
2026-06-01,記憶體,2344,華邦電,168.0
2026-06-01,記憶體,2408,南亞科,381.5
2026-06-01,記憶體,4967,十銓,289.0
2026-06-01,記憶體,8271,宇瞻,248.5
2026-06-01,貨櫃航運,2603,長榮,224.0
2026-06-01,貨櫃航運,2609,陽明,54.9
2026-06-01,貨櫃航運,2615,萬海,84.4
2026-06-01,輪胎橡膠,2101,南港,32.0
2026-06-01,輪胎橡膠,2103,台橡,19.45
2026-06-01,輪胎橡膠,2105,正新,33.0
2026-06-01,輪胎橡膠,2106,建大,17.05
2026-06-01,造紙,1904,正隆,19.65
2026-06-01,造紙,1905,華紙,12.15
2026-06-01,造紙,1907,永豐餘,24.45
2026-06-01,運動健身,1598,岱宇,20.65
2026-06-01,運動健身,1736,喬山,118.5
2026-06-01,運動健身,8462,柏文,141.5
2026-06-01,運動健身,9904,寶成,25.8
2026-06-01,醫療器材,4104,佳醫,70.1
2026-06-01,醫療器材,4133,亞諾法,21.0
2026-06-01,醫療器材,4736,泰博,124.0
2026-06-01,醫療器材,6491,晶碩,322.5
2026-06-01,重電,1503,士電,220.5
2026-06-01,重電,1513,中興電,168.5
2026-06-01,重電,1519,華城,870.0
2026-06-01,重電,1609,大亞,39.0
2026-06-01,重電,1618,合機,42.6
2026-06-01,金控銀行,2880,華南金,32.85
2026-06-01,金控銀行,2881,富邦金,110.5
2026-06-01,金控銀行,2882,國泰金,88.2
2026-06-01,金控銀行,2884,玉山金,31.45
2026-06-01,金控銀行,2886,兆豐金,41.45
2026-06-01,鋼鐵,2002,中鋼,19.1
2026-06-01,鋼鐵,2006,東和鋼鐵,67.6
2026-06-01,鋼鐵,2014,中鴻,18.5
2026-06-01,鋼鐵,2027,大成鋼,43.2
2026-06-01,鋼鐵,2031,新光鋼,39.8
2026-06-01,雲端服務,3045,台灣大,114.0
2026-06-01,雲端服務,4994,傳奇,90.1
2026-06-01,雲端服務,8454,富邦媒,241.5
2026-06-01,電子檢測,2360,致茂,2580.0
2026-06-01,電子檢測,3130,一零四,221.5
2026-06-01,電子檢測,3563,牧德,825.0
2026-06-01,電線電纜,1605,華新,39.7
2026-06-01,電線電纜,1608,華榮,34.8
2026-06-01,電線電纜,1609,大亞,39.0
2026-06-01,電線電纜,1612,宏泰,37.65
2026-06-01,電線電纜,1618,合機,42.6
2026-06-01,面板,2409,友達,23.8
2026-06-01,面板,3481,群創,56.1
2026-06-01,面板,6116,彩晶,18.8
2026-06-01,食品製造,1201,味全,12.3
2026-06-01,食品製造,1203,味王,43.65
2026-06-01,食品製造,1210,大成,52.5
2026-06-01,食品製造,1215,卜蜂,121.5
2026-06-01,食品製造,1227,佳格,28.2
2026-06-01,食品製造,1231,聯華食,86.0
2026-06-01,飯店餐旅,2704,國賓,42.3
2026-06-01,飯店餐旅,2707,晶華,173.5
2026-06-01,飯店餐旅,2712,遠雄來,15.35
2026-06-01,飯店餐旅,2727,王品,236.0
2026-06-02,ABF載板,3037,欣興,975.0
2026-06-02,ABF載板,3189,景碩,743.0
2026-06-02,ABF載板,8046,南電,862.0
2026-06-02,AI伺服器,2317,鴻海,301.5
2026-06-02,AI伺服器,2382,廣達,400.5
2026-06-02,AI伺服器,3017,奇鋐,2700.0
2026-06-02,AI伺服器,3231,緯創,191.0
2026-06-02,AI伺服器,6669,緯穎,5475.0
2026-06-02,CCL銅箔基板,2383,台光電,4860.0
2026-06-02,CCL銅箔基板,6213,聯茂,273.0
2026-06-02,IC設計,2379,瑞昱,653.0
2026-06-02,IC設計,2454,聯發科,4525.0
2026-06-02,IC設計,3034,聯詠,507.0
2026-06-02,IC設計,3443,創意,4535.0
2026-06-02,IC設計,3661,世芯-KY,4575.0
2026-06-02,IC設計,5269,祥碩,1590.0
2026-06-02,LED光電,2393,億光,64.6
2026-06-02,LED光電,3031,佰鴻,31.95
2026-06-02,LED光電,3596,智易,191.5
2026-06-02,LED光電,3714,富采,69.2
2026-06-02,PCB,2313,華通,270.5
2026-06-02,PCB,2367,燿華,65.8
2026-06-02,PCB,3037,欣興,975.0
2026-06-02,PCB,3044,健鼎,508.0
2026-06-02,PCB,4958,臻鼎-KY,520.0
2026-06-02,PCB,5469,瀚宇博,85.9
2026-06-02,PCB,6191,精成科,97.0
2026-06-02,PCB,8046,南電,862.0
2026-06-02,保險,2851,中再保,35.05
2026-06-02,保險,2867,三商壽,7.79
2026-06-02,光學鏡頭,3008,大立光,3850.0
2026-06-02,光學鏡頭,3406,玉晶光,595.0
2026-06-02,光學鏡頭,3504,揚明光,79.4
2026-06-02,光通訊,3450,聯鈞,548.0
2026-06-02,光通訊,4977,眾達-KY,212.5
2026-06-02,光通訊,6442,光聖,1880.0
2026-06-02,其他綜合,9907,統一實,16.35
2026-06-02,其他綜合,9911,櫻花,82.6
2026-06-02,其他綜合,9924,福興,42.8
2026-06-02,其他綜合,9933,中鼎,39.35
2026-06-02,半導體設備,2467,志聖,588.0
2026-06-02,半導體設備,3583,辛耘,845.0
2026-06-02,半導體設備,6196,帆宣,517.0
2026-06-02,半導體通路,2347,聯強,91.5
2026-06-02,半導體通路,3036,文曄,290.5
2026-06-02,半導體通路,3702,大聯大,119.0
2026-06-02,半導體通路,8112,至上,94.5
2026-06-02,塑化,1301,台塑,50.9
2026-06-02,塑化,1303,南亞,112.5
2026-06-02,塑化,1304,台聚,13.3
2026-06-02,塑化,1305,華夏,13.1
2026-06-02,塑化,1308,亞聚,13.85
2026-06-02,塑化,1314,中石化,7.53
2026-06-02,太陽能,3576,聯合再生,18.2
2026-06-02,太陽能,6443,元晶,42.55
2026-06-02,太陽能,6477,安集,33.65
2026-06-02,太陽能,6806,森崴能源,7.72
2026-06-02,居家生活,2908,特力,21.75
2026-06-02,居家生活,8464,億豐,322.0
2026-06-02,居家生活,9934,成霖,9.94
2026-06-02,散熱,2421,建準,164.5
2026-06-02,散熱,3017,奇鋐,2700.0
2026-06-02,散熱,3653,健策,3990.0
2026-06-02,散熱,6230,尼得科超眾,142.0
2026-06-02,散裝航運,2605,新興,33.2
2026-06-02,散裝航運,2612,中航,56.6
2026-06-02,散裝航運,2617,台航,29.5
2026-06-02,散裝航運,2637,慧洋-KY,77.0
2026-06-02,機器人,1590,亞德客-KY,1280.0
2026-06-02,機器人,2049,上銀,364.0
2026-06-02,機器人,2308,台達電,2360.0
2026-06-02,機器人,2359,所羅門,143.5
2026-06-02,機器人,2464,盟立,185.0
2026-06-02,機器人,6166,凌華,132.0
2026-06-02,機能紡織,1402,遠東新,26.25
2026-06-02,機能紡織,1476,儒鴻,351.5
2026-06-02,機能紡織,1477,聚陽,226.0
2026-06-02,機能紡織,4438,廣越,62.4
2026-06-02,水泥,1101,台泥,24.65
2026-06-02,水泥,1102,亞泥,33.8
2026-06-02,水泥,1103,嘉泥,13.25
2026-06-02,水泥,1104,環泥,28.6
2026-06-02,汽車整車,2201,裕隆,28.15
2026-06-02,汽車整車,2204,中華,54.0
2026-06-02,汽車整車,2207,和泰車,471.5
2026-06-02,汽車零組件,1319,東陽,92.1
2026-06-02,汽車零組件,1521,大億,27.8
2026-06-02,汽車零組件,1536,和大,52.5
2026-06-02,汽車零組件,2227,裕日車,50.5
2026-06-02,汽車零組件,2231,為升,104.5
2026-06-02,汽車零組件,4551,智伸科,152.5
2026-06-02,營建,2501,國建,22.7
2026-06-02,營建,2520,冠德,31.2
2026-06-02,營建,2542,興富發,42.45
2026-06-02,營建,2548,華固,104.5
2026-06-02,營建,2608,嘉里大榮,29.75
2026-06-02,特用化學,1711,永光,47.95
2026-06-02,特用化學,1723,中碳,83.7
2026-06-02,特用化學,1773,勝一,179.0
2026-06-02,特用化學,4763,材料*-KY,42.7
2026-06-02,玻璃陶瓷,1802,台玻,71.0
2026-06-02,玻璃陶瓷,1806,冠軍,8.16
2026-06-02,玻璃陶瓷,1809,中釉,52.6
2026-06-02,玻璃陶瓷,1810,和成,19.6
2026-06-02,環保,8341,日友,76.7
2026-06-02,生技製藥,1707,葡萄王,100.5
2026-06-02,生技製藥,1720,生達,62.0
2026-06-02,生技製藥,1760,寶齡富錦,60.4
2026-06-02,生技製藥,1789,神隆,20.05
2026-06-02,百貨零售,2903,遠百,22.15
2026-06-02,百貨零售,2912,統一超,233.0
2026-06-02,百貨零售,5907,大洋-KY,5.09
2026-06-02,百貨零售,8454,富邦媒,265.5
2026-06-02,石化能源,1301,台塑,50.9
2026-06-02,石化能源,1303,南亞,112.5
2026-06-02,石化能源,1314,中石化,7.53
2026-06-02,石化能源,6505,台塑化,54.5
2026-06-02,石化能源,8926,台汽電,67.4
2026-06-02,系統整合,2427,三商電,24.25
2026-06-02,系統整合,2480,敦陽科,159.5
2026-06-02,系統整合,3029,零壹,114.5
2026-06-02,系統整合,6214,精誠,158.0
2026-06-02,網通,2345,智邦,2425.0
2026-06-02,網通,2412,中華電,142.0
2026-06-02,網通,4904,遠傳,99.5
2026-06-02,網通,5388,中磊,93.3
2026-06-02,網通,6285,啟碁,306.0
2026-06-02,自行車,9914,美利達,68.9
2026-06-02,自行車,9921,巨大,69.8
2026-06-02,航空,2610,華航,19.5
2026-06-02,航空,2618,長榮航,37.25
2026-06-02,航空,2646,星宇航空,20.9
2026-06-02,被動元件,2327,國巨*,846.0
2026-06-02,被動元件,2492,華新科,456.0
2026-06-02,被動元件,3026,禾伸堂,650.0
2026-06-02,記憶體,2337,旺宏,175.5
2026-06-02,記憶體,2344,華邦電,184.5
2026-06-02,記憶體,2408,南亞科,419.5
2026-06-02,記憶體,4967,十銓,304.5
2026-06-02,記憶體,8271,宇瞻,257.5
2026-06-02,貨櫃航運,2603,長榮,231.0
2026-06-02,貨櫃航運,2609,陽明,53.6
2026-06-02,貨櫃航運,2615,萬海,84.2
2026-06-02,輪胎橡膠,2101,南港,32.2
2026-06-02,輪胎橡膠,2103,台橡,20.25
2026-06-02,輪胎橡膠,2105,正新,34.0
2026-06-02,輪胎橡膠,2106,建大,18.1
2026-06-02,造紙,1904,正隆,20.05
2026-06-02,造紙,1905,華紙,12.25
2026-06-02,造紙,1907,永豐餘,24.35
2026-06-02,運動健身,1598,岱宇,20.4
2026-06-02,運動健身,1736,喬山,118.0
2026-06-02,運動健身,8462,柏文,140.0
2026-06-02,運動健身,9904,寶成,26.1
2026-06-02,醫療器材,4104,佳醫,70.4
2026-06-02,醫療器材,4133,亞諾法,20.85
2026-06-02,醫療器材,4736,泰博,125.0
2026-06-02,醫療器材,6491,晶碩,324.5
2026-06-02,重電,1503,士電,222.0
2026-06-02,重電,1513,中興電,168.0
2026-06-02,重電,1519,華城,850.0
2026-06-02,重電,1609,大亞,38.35
2026-06-02,重電,1618,合機,42.5
2026-06-02,金控銀行,2880,華南金,34.05
2026-06-02,金控銀行,2881,富邦金,113.5
2026-06-02,金控銀行,2882,國泰金,89.2
2026-06-02,金控銀行,2884,玉山金,32.2
2026-06-02,金控銀行,2886,兆豐金,41.7
2026-06-02,鋼鐵,2002,中鋼,18.95
2026-06-02,鋼鐵,2006,東和鋼鐵,66.5
2026-06-02,鋼鐵,2014,中鴻,18.2
2026-06-02,鋼鐵,2027,大成鋼,43.65
2026-06-02,鋼鐵,2031,新光鋼,39.65
2026-06-02,雲端服務,3045,台灣大,115.5
2026-06-02,雲端服務,4994,傳奇,87.3
2026-06-02,雲端服務,8454,富邦媒,265.5
2026-06-02,電子檢測,2360,致茂,2420.0
2026-06-02,電子檢測,3130,一零四,221.5
2026-06-02,電子檢測,3563,牧德,807.0
2026-06-02,電線電纜,1605,華新,40.45
2026-06-02,電線電纜,1608,華榮,35.85
2026-06-02,電線電纜,1609,大亞,38.35
2026-06-02,電線電纜,1612,宏泰,37.6
2026-06-02,電線電纜,1618,合機,42.5
2026-06-02,面板,2409,友達,26.15
2026-06-02,面板,3481,群創,56.2
2026-06-02,面板,6116,彩晶,20.65
2026-06-02,食品製造,1201,味全,12.2
2026-06-02,食品製造,1203,味王,44.15
2026-06-02,食品製造,1210,大成,52.8
2026-06-02,食品製造,1215,卜蜂,117.5
2026-06-02,食品製造,1227,佳格,27.95
2026-06-02,食品製造,1231,聯華食,86.1
2026-06-02,飯店餐旅,2704,國賓,42.4
2026-06-02,飯店餐旅,2707,晶華,174.5
2026-06-02,飯店餐旅,2712,遠雄來,15.3
2026-06-02,飯店餐旅,2727,王品,237.5
2026-06-03,ABF載板,3037,欣興,1000.0
2026-06-03,ABF載板,3189,景碩,739.0
2026-06-03,ABF載板,8046,南電,904.0
2026-06-03,AI伺服器,2317,鴻海,309.0
2026-06-03,AI伺服器,2382,廣達,417.0
2026-06-03,AI伺服器,3017,奇鋐,2855.0
2026-06-03,AI伺服器,3231,緯創,194.0
2026-06-03,AI伺服器,6669,緯穎,5600.0
2026-06-03,CCL銅箔基板,2383,台光電,4830.0
2026-06-03,CCL銅箔基板,6213,聯茂,270.0
2026-06-03,IC設計,2379,瑞昱,646.0
2026-06-03,IC設計,2454,聯發科,4545.0
2026-06-03,IC設計,3034,聯詠,503.0
2026-06-03,IC設計,3443,創意,4605.0
2026-06-03,IC設計,3661,世芯-KY,4595.0
2026-06-03,IC設計,5269,祥碩,1575.0
2026-06-03,LED光電,2393,億光,65.6
2026-06-03,LED光電,3031,佰鴻,32.75
2026-06-03,LED光電,3596,智易,190.5
2026-06-03,LED光電,3714,富采,70.0
2026-06-03,PCB,2313,華通,266.5
2026-06-03,PCB,2367,燿華,65.2
2026-06-03,PCB,3037,欣興,1000.0
2026-06-03,PCB,3044,健鼎,510.0
2026-06-03,PCB,4958,臻鼎-KY,510.0
2026-06-03,PCB,5469,瀚宇博,86.9
2026-06-03,PCB,6191,精成科,100.5
2026-06-03,PCB,8046,南電,904.0
2026-06-03,保險,2851,中再保,36.8
2026-06-03,保險,2867,三商壽,8.0
2026-06-03,光學鏡頭,3008,大立光,3985.0
2026-06-03,光學鏡頭,3406,玉晶光,606.0
2026-06-03,光學鏡頭,3504,揚明光,83.7
2026-06-03,光通訊,3450,聯鈞,548.0
2026-06-03,光通訊,4977,眾達-KY,219.5
2026-06-03,光通訊,6442,光聖,2065.0
2026-06-03,其他綜合,9907,統一實,16.75
2026-06-03,其他綜合,9911,櫻花,83.4
2026-06-03,其他綜合,9924,福興,42.9
2026-06-03,其他綜合,9933,中鼎,42.7
2026-06-03,半導體設備,2467,志聖,615.0
2026-06-03,半導體設備,3583,辛耘,845.0
2026-06-03,半導體設備,6196,帆宣,510.0
2026-06-03,半導體通路,2347,聯強,91.1
2026-06-03,半導體通路,3036,文曄,292.5
2026-06-03,半導體通路,3702,大聯大,118.0
2026-06-03,半導體通路,8112,至上,94.4
2026-06-03,塑化,1301,台塑,52.0
2026-06-03,塑化,1303,南亞,113.0
2026-06-03,塑化,1304,台聚,14.3
2026-06-03,塑化,1305,華夏,13.9
2026-06-03,塑化,1308,亞聚,14.4
2026-06-03,塑化,1314,中石化,8.08
2026-06-03,太陽能,3576,聯合再生,18.6
2026-06-03,太陽能,6443,元晶,42.9
2026-06-03,太陽能,6477,安集,34.85
2026-06-03,太陽能,6806,森崴能源,6.95
2026-06-03,居家生活,2908,特力,21.8
2026-06-03,居家生活,8464,億豐,324.0
2026-06-03,居家生活,9934,成霖,10.25
2026-06-03,散熱,2421,建準,167.5
2026-06-03,散熱,3017,奇鋐,2855.0
2026-06-03,散熱,3653,健策,3905.0
2026-06-03,散熱,6230,尼得科超眾,143.0
2026-06-03,散裝航運,2605,新興,33.1
2026-06-03,散裝航運,2612,中航,56.5
2026-06-03,散裝航運,2617,台航,29.7
2026-06-03,散裝航運,2637,慧洋-KY,77.0
2026-06-03,機器人,1590,亞德客-KY,1370.0
2026-06-03,機器人,2049,上銀,369.0
2026-06-03,機器人,2308,台達電,2455.0
2026-06-03,機器人,2359,所羅門,141.0
2026-06-03,機器人,2464,盟立,175.5
2026-06-03,機器人,6166,凌華,127.0
2026-06-03,機能紡織,1402,遠東新,27.3
2026-06-03,機能紡織,1476,儒鴻,360.5
2026-06-03,機能紡織,1477,聚陽,230.5
2026-06-03,機能紡織,4438,廣越,61.9
2026-06-03,水泥,1101,台泥,24.85
2026-06-03,水泥,1102,亞泥,34.2
2026-06-03,水泥,1103,嘉泥,13.55
2026-06-03,水泥,1104,環泥,28.7
2026-06-03,汽車整車,2201,裕隆,29.15
2026-06-03,汽車整車,2204,中華,54.9
2026-06-03,汽車整車,2207,和泰車,485.0
2026-06-03,汽車零組件,1319,東陽,94.3
2026-06-03,汽車零組件,1521,大億,28.0
2026-06-03,汽車零組件,1536,和大,52.0
2026-06-03,汽車零組件,2227,裕日車,50.3
2026-06-03,汽車零組件,2231,為升,105.0
2026-06-03,汽車零組件,4551,智伸科,151.5
2026-06-03,營建,2501,國建,23.15
2026-06-03,營建,2520,冠德,31.6
2026-06-03,營建,2542,興富發,43.0
2026-06-03,營建,2548,華固,101.0
2026-06-03,營建,2608,嘉里大榮,29.95
2026-06-03,特用化學,1711,永光,47.4
2026-06-03,特用化學,1723,中碳,84.1
2026-06-03,特用化學,1773,勝一,180.0
2026-06-03,特用化學,4763,材料*-KY,43.95
2026-06-03,玻璃陶瓷,1802,台玻,71.8
2026-06-03,玻璃陶瓷,1806,冠軍,8.3
2026-06-03,玻璃陶瓷,1809,中釉,56.2
2026-06-03,玻璃陶瓷,1810,和成,20.1
2026-06-03,環保,8341,日友,77.5
2026-06-03,生技製藥,1707,葡萄王,101.5
2026-06-03,生技製藥,1720,生達,62.1
2026-06-03,生技製藥,1760,寶齡富錦,60.4
2026-06-03,生技製藥,1789,神隆,20.25
2026-06-03,百貨零售,2903,遠百,22.7
2026-06-03,百貨零售,2912,統一超,239.0
2026-06-03,百貨零售,5907,大洋-KY,5.2
2026-06-03,百貨零售,8454,富邦媒,292.0
2026-06-03,石化能源,1301,台塑,52.0
2026-06-03,石化能源,1303,南亞,113.0
2026-06-03,石化能源,1314,中石化,8.08
2026-06-03,石化能源,6505,台塑化,55.9
2026-06-03,石化能源,8926,台汽電,70.4
2026-06-03,系統整合,2427,三商電,23.7
2026-06-03,系統整合,2480,敦陽科,160.5
2026-06-03,系統整合,3029,零壹,112.5
2026-06-03,系統整合,6214,精誠,153.0
2026-06-03,網通,2345,智邦,2585.0
2026-06-03,網通,2412,中華電,141.0
2026-06-03,網通,4904,遠傳,100.5
2026-06-03,網通,5388,中磊,92.1
2026-06-03,網通,6285,啟碁,306.0
2026-06-03,自行車,9914,美利達,69.3
2026-06-03,自行車,9921,巨大,70.4
2026-06-03,航空,2610,華航,19.95
2026-06-03,航空,2618,長榮航,37.7
2026-06-03,航空,2646,星宇航空,21.05
2026-06-03,被動元件,2327,國巨*,820.0
2026-06-03,被動元件,2492,華新科,423.0
2026-06-03,被動元件,3026,禾伸堂,640.0
2026-06-03,記憶體,2337,旺宏,162.0
2026-06-03,記憶體,2344,華邦電,177.5
2026-06-03,記憶體,2408,南亞科,401.5
2026-06-03,記憶體,4967,十銓,299.0
2026-06-03,記憶體,8271,宇瞻,250.0
2026-06-03,貨櫃航運,2603,長榮,237.0
2026-06-03,貨櫃航運,2609,陽明,53.7
2026-06-03,貨櫃航運,2615,萬海,83.9
2026-06-03,輪胎橡膠,2101,南港,32.85
2026-06-03,輪胎橡膠,2103,台橡,21.7
2026-06-03,輪胎橡膠,2105,正新,34.55
2026-06-03,輪胎橡膠,2106,建大,18.25
2026-06-03,造紙,1904,正隆,20.3
2026-06-03,造紙,1905,華紙,12.75
2026-06-03,造紙,1907,永豐餘,25.05
2026-06-03,運動健身,1598,岱宇,21.0
2026-06-03,運動健身,1736,喬山,116.0
2026-06-03,運動健身,8462,柏文,139.0
2026-06-03,運動健身,9904,寶成,26.5
2026-06-03,醫療器材,4104,佳醫,71.2
2026-06-03,醫療器材,4133,亞諾法,21.25
2026-06-03,醫療器材,4736,泰博,126.0
2026-06-03,醫療器材,6491,晶碩,325.0
2026-06-03,重電,1503,士電,244.0
2026-06-03,重電,1513,中興電,184.5
2026-06-03,重電,1519,華城,935.0
2026-06-03,重電,1609,大亞,42.15
2026-06-03,重電,1618,合機,45.2
2026-06-03,金控銀行,2880,華南金,36.4
2026-06-03,金控銀行,2881,富邦金,113.0
2026-06-03,金控銀行,2882,國泰金,91.8
2026-06-03,金控銀行,2884,玉山金,33.0
2026-06-03,金控銀行,2886,兆豐金,41.65
2026-06-03,鋼鐵,2002,中鋼,19.4
2026-06-03,鋼鐵,2006,東和鋼鐵,66.7
2026-06-03,鋼鐵,2014,中鴻,18.8
2026-06-03,鋼鐵,2027,大成鋼,43.85
2026-06-03,鋼鐵,2031,新光鋼,42.1
2026-06-03,雲端服務,3045,台灣大,116.0
2026-06-03,雲端服務,4994,傳奇,87.2
2026-06-03,雲端服務,8454,富邦媒,292.0
2026-06-03,電子檢測,2360,致茂,2545.0
2026-06-03,電子檢測,3130,一零四,221.5
2026-06-03,電子檢測,3563,牧德,820.0
2026-06-03,電線電纜,1605,華新,42.7
2026-06-03,電線電纜,1608,華榮,39.4
2026-06-03,電線電纜,1609,大亞,42.15
2026-06-03,電線電纜,1612,宏泰,39.5
2026-06-03,電線電纜,1618,合機,45.2
2026-06-03,面板,2409,友達,28.75
2026-06-03,面板,3481,群創,59.4
2026-06-03,面板,6116,彩晶,22.7
2026-06-03,食品製造,1201,味全,12.55
2026-06-03,食品製造,1203,味王,44.05
2026-06-03,食品製造,1210,大成,53.7
2026-06-03,食品製造,1215,卜蜂,114.0
2026-06-03,食品製造,1227,佳格,28.4
2026-06-03,食品製造,1231,聯華食,86.7
2026-06-03,飯店餐旅,2704,國賓,42.75
2026-06-03,飯店餐旅,2707,晶華,176.5
2026-06-03,飯店餐旅,2712,遠雄來,15.1
2026-06-03,飯店餐旅,2727,王品,240.0
2026-06-04,ABF載板,3037,欣興,971.0
2026-06-04,ABF載板,3189,景碩,692.0
2026-06-04,ABF載板,8046,南電,878.0
2026-06-04,AI伺服器,2317,鴻海,293.0
2026-06-04,AI伺服器,2382,廣達,404.0
2026-06-04,AI伺服器,3017,奇鋐,2710.0
2026-06-04,AI伺服器,3231,緯創,176.0
2026-06-04,AI伺服器,6669,緯穎,5570.0
2026-06-04,CCL銅箔基板,2383,台光電,4830.0
2026-06-04,CCL銅箔基板,6213,聯茂,260.5
2026-06-04,IC設計,2379,瑞昱,624.0
2026-06-04,IC設計,2454,聯發科,4430.0
2026-06-04,IC設計,3034,聯詠,489.0
2026-06-04,IC設計,3443,創意,4400.0
2026-06-04,IC設計,3661,世芯-KY,4340.0
2026-06-04,IC設計,5269,祥碩,1570.0
2026-06-04,LED光電,2393,億光,66.7
2026-06-04,LED光電,3031,佰鴻,31.8
2026-06-04,LED光電,3596,智易,188.0
2026-06-04,LED光電,3714,富采,68.5
2026-06-04,PCB,2313,華通,265.5
2026-06-04,PCB,2367,燿華,62.0
2026-06-04,PCB,3037,欣興,971.0
2026-06-04,PCB,3044,健鼎,512.0
2026-06-04,PCB,4958,臻鼎-KY,492.5
2026-06-04,PCB,5469,瀚宇博,85.6
2026-06-04,PCB,6191,精成科,98.2
2026-06-04,PCB,8046,南電,878.0
2026-06-04,保險,2851,中再保,36.85
2026-06-04,保險,2867,三商壽,8.12
2026-06-04,光學鏡頭,3008,大立光,3825.0
2026-06-04,光學鏡頭,3406,玉晶光,659.0
2026-06-04,光學鏡頭,3504,揚明光,80.5
2026-06-04,光通訊,3450,聯鈞,520.0
2026-06-04,光通訊,4977,眾達-KY,209.0
2026-06-04,光通訊,6442,光聖,2145.0
2026-06-04,其他綜合,9907,統一實,16.8
2026-06-04,其他綜合,9911,櫻花,83.7
2026-06-04,其他綜合,9924,福興,43.3
2026-06-04,其他綜合,9933,中鼎,42.15
2026-06-04,半導體設備,2467,志聖,626.0
2026-06-04,半導體設備,3583,辛耘,872.0
2026-06-04,半導體設備,6196,帆宣,504.0
2026-06-04,半導體通路,2347,聯強,89.9
2026-06-04,半導體通路,3036,文曄,282.0
2026-06-04,半導體通路,3702,大聯大,116.5
2026-06-04,半導體通路,8112,至上,95.6
2026-06-04,塑化,1301,台塑,50.8
2026-06-04,塑化,1303,南亞,111.0
2026-06-04,塑化,1304,台聚,13.7
2026-06-04,塑化,1305,華夏,13.55
2026-06-04,塑化,1308,亞聚,14.05
2026-06-04,塑化,1314,中石化,8.25
2026-06-04,太陽能,3576,聯合再生,18.05
2026-06-04,太陽能,6443,元晶,41.5
2026-06-04,太陽能,6477,安集,34.35
2026-06-04,太陽能,6806,森崴能源,6.26
2026-06-04,居家生活,2908,特力,21.65
2026-06-04,居家生活,8464,億豐,331.5
2026-06-04,居家生活,9934,成霖,11.25
2026-06-04,散熱,2421,建準,168.5
2026-06-04,散熱,3017,奇鋐,2710.0
2026-06-04,散熱,3653,健策,3730.0
2026-06-04,散熱,6230,尼得科超眾,142.5
2026-06-04,散裝航運,2605,新興,32.3
2026-06-04,散裝航運,2612,中航,55.7
2026-06-04,散裝航運,2617,台航,29.55
2026-06-04,散裝航運,2637,慧洋-KY,78.1
2026-06-04,機器人,1590,亞德客-KY,1310.0
2026-06-04,機器人,2049,上銀,358.0
2026-06-04,機器人,2308,台達電,2425.0
2026-06-04,機器人,2359,所羅門,143.0
2026-06-04,機器人,2464,盟立,170.0
2026-06-04,機器人,6166,凌華,129.5
2026-06-04,機能紡織,1402,遠東新,27.55
2026-06-04,機能紡織,1476,儒鴻,363.5
2026-06-04,機能紡織,1477,聚陽,230.0
2026-06-04,機能紡織,4438,廣越,62.7
2026-06-04,水泥,1101,台泥,24.45
2026-06-04,水泥,1102,亞泥,34.35
2026-06-04,水泥,1103,嘉泥,13.65
2026-06-04,水泥,1104,環泥,29.25
2026-06-04,汽車整車,2201,裕隆,28.8
2026-06-04,汽車整車,2204,中華,56.1
2026-06-04,汽車整車,2207,和泰車,485.5
2026-06-04,汽車零組件,1319,東陽,96.5
2026-06-04,汽車零組件,1521,大億,27.5
2026-06-04,汽車零組件,1536,和大,51.0
2026-06-04,汽車零組件,2227,裕日車,50.3
2026-06-04,汽車零組件,2231,為升,102.0
2026-06-04,汽車零組件,4551,智伸科,145.0
2026-06-04,營建,2501,國建,23.5
2026-06-04,營建,2520,冠德,31.8
2026-06-04,營建,2542,興富發,43.1
2026-06-04,營建,2548,華固,99.8
2026-06-04,營建,2608,嘉里大榮,30.15
2026-06-04,特用化學,1711,永光,48.05
2026-06-04,特用化學,1723,中碳,86.5
2026-06-04,特用化學,1773,勝一,178.5
2026-06-04,特用化學,4763,材料*-KY,44.75
2026-06-04,玻璃陶瓷,1802,台玻,68.9
2026-06-04,玻璃陶瓷,1806,冠軍,8.33
2026-06-04,玻璃陶瓷,1809,中釉,58.5
2026-06-04,玻璃陶瓷,1810,和成,20.55
2026-06-04,環保,8341,日友,78.6
2026-06-04,生技製藥,1707,葡萄王,102.0
2026-06-04,生技製藥,1720,生達,63.0
2026-06-04,生技製藥,1760,寶齡富錦,61.2
2026-06-04,生技製藥,1789,神隆,20.4
2026-06-04,百貨零售,2903,遠百,22.95
2026-06-04,百貨零售,2912,統一超,246.0
2026-06-04,百貨零售,5907,大洋-KY,5.28
2026-06-04,百貨零售,8454,富邦媒,321.0
2026-06-04,石化能源,1301,台塑,50.8
2026-06-04,石化能源,1303,南亞,111.0
2026-06-04,石化能源,1314,中石化,8.25
2026-06-04,石化能源,6505,台塑化,57.5
2026-06-04,石化能源,8926,台汽電,72.4
2026-06-04,系統整合,2427,三商電,23.5
2026-06-04,系統整合,2480,敦陽科,160.5
2026-06-04,系統整合,3029,零壹,110.0
2026-06-04,系統整合,6214,精誠,150.0
2026-06-04,網通,2345,智邦,2510.0
2026-06-04,網通,2412,中華電,141.5
2026-06-04,網通,4904,遠傳,102.0
2026-06-04,網通,5388,中磊,88.9
2026-06-04,網通,6285,啟碁,296.0
2026-06-04,自行車,9914,美利達,68.6
2026-06-04,自行車,9921,巨大,70.6
2026-06-04,航空,2610,華航,19.9
2026-06-04,航空,2618,長榮航,37.9
2026-06-04,航空,2646,星宇航空,20.75
2026-06-04,被動元件,2327,國巨*,743.0
2026-06-04,被動元件,2492,華新科,392.0
2026-06-04,被動元件,3026,禾伸堂,622.0
2026-06-04,記憶體,2337,旺宏,156.5
2026-06-04,記憶體,2344,華邦電,179.5
2026-06-04,記憶體,2408,南亞科,395.0
2026-06-04,記憶體,4967,十銓,302.0
2026-06-04,記憶體,8271,宇瞻,245.0
2026-06-04,貨櫃航運,2603,長榮,236.0
2026-06-04,貨櫃航運,2609,陽明,53.2
2026-06-04,貨櫃航運,2615,萬海,83.7
2026-06-04,輪胎橡膠,2101,南港,32.45
2026-06-04,輪胎橡膠,2103,台橡,22.25
2026-06-04,輪胎橡膠,2105,正新,34.55
2026-06-04,輪胎橡膠,2106,建大,18.4
2026-06-04,造紙,1904,正隆,22.3
2026-06-04,造紙,1905,華紙,14.0
2026-06-04,造紙,1907,永豐餘,26.4
2026-06-04,運動健身,1598,岱宇,20.85
2026-06-04,運動健身,1736,喬山,111.5
2026-06-04,運動健身,8462,柏文,141.0
2026-06-04,運動健身,9904,寶成,26.4
2026-06-04,醫療器材,4104,佳醫,71.5
2026-06-04,醫療器材,4133,亞諾法,21.6
2026-06-04,醫療器材,4736,泰博,126.0
2026-06-04,醫療器材,6491,晶碩,328.0
2026-06-04,重電,1503,士電,268.0
2026-06-04,重電,1513,中興電,187.0
2026-06-04,重電,1519,華城,910.0
2026-06-04,重電,1609,大亞,43.0
2026-06-04,重電,1618,合機,44.25
2026-06-04,金控銀行,2880,華南金,37.7
2026-06-04,金控銀行,2881,富邦金,114.0
2026-06-04,金控銀行,2882,國泰金,94.4
2026-06-04,金控銀行,2884,玉山金,33.45
2026-06-04,金控銀行,2886,兆豐金,42.1
2026-06-04,鋼鐵,2002,中鋼,19.25
2026-06-04,鋼鐵,2006,東和鋼鐵,67.4
2026-06-04,鋼鐵,2014,中鴻,18.7
2026-06-04,鋼鐵,2027,大成鋼,44.1
2026-06-04,鋼鐵,2031,新光鋼,43.0
2026-06-04,雲端服務,3045,台灣大,116.0
2026-06-04,雲端服務,4994,傳奇,86.8
2026-06-04,雲端服務,8454,富邦媒,321.0
2026-06-04,電子檢測,2360,致茂,2620.0
2026-06-04,電子檢測,3130,一零四,222.0
2026-06-04,電子檢測,3563,牧德,807.0
2026-06-04,電線電纜,1605,華新,41.6
2026-06-04,電線電纜,1608,華榮,38.8
2026-06-04,電線電纜,1609,大亞,43.0
2026-06-04,電線電纜,1612,宏泰,40.65
2026-06-04,電線電纜,1618,合機,44.25
2026-06-04,面板,2409,友達,29.25
2026-06-04,面板,3481,群創,55.8
2026-06-04,面板,6116,彩晶,20.45
2026-06-04,食品製造,1201,味全,12.55
2026-06-04,食品製造,1203,味王,43.1
2026-06-04,食品製造,1210,大成,54.2
2026-06-04,食品製造,1215,卜蜂,116.0
2026-06-04,食品製造,1227,佳格,28.45
2026-06-04,食品製造,1231,聯華食,86.9
2026-06-04,飯店餐旅,2704,國賓,43.75
2026-06-04,飯店餐旅,2707,晶華,180.0
2026-06-04,飯店餐旅,2712,遠雄來,15.55
2026-06-04,飯店餐旅,2727,王品,242.5
2026-06-05,ABF載板,3037,欣興,933.0
2026-06-05,ABF載板,3189,景碩,712.0
2026-06-05,ABF載板,8046,南電,845.0
2026-06-05,AI伺服器,2317,鴻海,284.5
2026-06-05,AI伺服器,2382,廣達,390.5
2026-06-05,AI伺服器,3017,奇鋐,2600.0
2026-06-05,AI伺服器,3231,緯創,171.0
2026-06-05,AI伺服器,6669,緯穎,5660.0
2026-06-05,CCL銅箔基板,2383,台光電,4885.0
2026-06-05,CCL銅箔基板,6213,聯茂,254.5
2026-06-05,IC設計,2379,瑞昱,643.0
2026-06-05,IC設計,2454,聯發科,4300.0
2026-06-05,IC設計,3034,聯詠,492.0
2026-06-05,IC設計,3443,創意,4410.0
2026-06-05,IC設計,3661,世芯-KY,4285.0
2026-06-05,IC設計,5269,祥碩,1525.0
2026-06-05,LED光電,2393,億光,66.0
2026-06-05,LED光電,3031,佰鴻,31.0
2026-06-05,LED光電,3596,智易,190.5
2026-06-05,LED光電,3714,富采,70.2
2026-06-05,PCB,2313,華通,259.0
2026-06-05,PCB,2367,燿華,63.1
2026-06-05,PCB,3037,欣興,933.0
2026-06-05,PCB,3044,健鼎,498.0
2026-06-05,PCB,4958,臻鼎-KY,504.0
2026-06-05,PCB,5469,瀚宇博,84.0
2026-06-05,PCB,6191,精成科,100.5
2026-06-05,PCB,8046,南電,845.0
2026-06-05,保險,2851,中再保,36.9
2026-06-05,保險,2867,三商壽,8.08
2026-06-05,光學鏡頭,3008,大立光,3680.0
2026-06-05,光學鏡頭,3406,玉晶光,682.0
2026-06-05,光學鏡頭,3504,揚明光,80.9
2026-06-05,光通訊,3450,聯鈞,501.0
2026-06-05,光通訊,4977,眾達-KY,200.5
2026-06-05,光通訊,6442,光聖,2055.0
2026-06-05,其他綜合,9907,統一實,16.65
2026-06-05,其他綜合,9911,櫻花,84.6
2026-06-05,其他綜合,9924,福興,43.2
2026-06-05,其他綜合,9933,中鼎,43.45
2026-06-05,半導體設備,2467,志聖,580.0
2026-06-05,半導體設備,3583,辛耘,868.0
2026-06-05,半導體設備,6196,帆宣,504.0
2026-06-05,半導體通路,2347,聯強,88.3
2026-06-05,半導體通路,3036,文曄,281.0
2026-06-05,半導體通路,3702,大聯大,114.5
2026-06-05,半導體通路,8112,至上,92.6
2026-06-05,塑化,1301,台塑,48.9
2026-06-05,塑化,1303,南亞,104.5
2026-06-05,塑化,1304,台聚,13.4
2026-06-05,塑化,1305,華夏,13.2
2026-06-05,塑化,1308,亞聚,13.85
2026-06-05,塑化,1314,中石化,8.09
2026-06-05,太陽能,3576,聯合再生,17.15
2026-06-05,太陽能,6443,元晶,39.9
2026-06-05,太陽能,6477,安集,33.7
2026-06-05,太陽能,6806,森崴能源,5.64
2026-06-05,居家生活,2908,特力,21.6
2026-06-05,居家生活,8464,億豐,328.5
2026-06-05,居家生活,9934,成霖,11.05
2026-06-05,散熱,2421,建準,161.5
2026-06-05,散熱,3017,奇鋐,2600.0
2026-06-05,散熱,3653,健策,3620.0
2026-06-05,散熱,6230,尼得科超眾,139.0
2026-06-05,散裝航運,2605,新興,32.1
2026-06-05,散裝航運,2612,中航,57.4
2026-06-05,散裝航運,2617,台航,29.6
2026-06-05,散裝航運,2637,慧洋-KY,80.6
2026-06-05,機器人,1590,亞德客-KY,1320.0
2026-06-05,機器人,2049,上銀,345.0
2026-06-05,機器人,2308,台達電,2300.0
2026-06-05,機器人,2359,所羅門,142.0
2026-06-05,機器人,2464,盟立,165.0
2026-06-05,機器人,6166,凌華,133.0
2026-06-05,機能紡織,1402,遠東新,27.55
2026-06-05,機能紡織,1476,儒鴻,355.5
2026-06-05,機能紡織,1477,聚陽,228.0
2026-06-05,機能紡織,4438,廣越,61.9
2026-06-05,水泥,1101,台泥,24.4
2026-06-05,水泥,1102,亞泥,34.4
2026-06-05,水泥,1103,嘉泥,13.6
2026-06-05,水泥,1104,環泥,29.4
2026-06-05,汽車整車,2201,裕隆,28.7
2026-06-05,汽車整車,2204,中華,56.6
2026-06-05,汽車整車,2207,和泰車,495.0
2026-06-05,汽車零組件,1319,東陽,97.9
2026-06-05,汽車零組件,1521,大億,27.7
2026-06-05,汽車零組件,1536,和大,50.5
2026-06-05,汽車零組件,2227,裕日車,49.95
2026-06-05,汽車零組件,2231,為升,100.5
2026-06-05,汽車零組件,4551,智伸科,141.5
2026-06-05,營建,2501,國建,24.1
2026-06-05,營建,2520,冠德,32.1
2026-06-05,營建,2542,興富發,43.0
2026-06-05,營建,2548,華固,103.5
2026-06-05,營建,2608,嘉里大榮,30.1
2026-06-05,特用化學,1711,永光,47.45
2026-06-05,特用化學,1723,中碳,85.3
2026-06-05,特用化學,1773,勝一,175.0
2026-06-05,特用化學,4763,材料*-KY,43.55
2026-06-05,玻璃陶瓷,1802,台玻,67.6
2026-06-05,玻璃陶瓷,1806,冠軍,8.2
2026-06-05,玻璃陶瓷,1809,中釉,59.6
2026-06-05,玻璃陶瓷,1810,和成,22.6
2026-06-05,環保,8341,日友,79.0
2026-06-05,生技製藥,1707,葡萄王,101.5
2026-06-05,生技製藥,1720,生達,63.1
2026-06-05,生技製藥,1760,寶齡富錦,61.3
2026-06-05,生技製藥,1789,神隆,20.1
2026-06-05,百貨零售,2903,遠百,23.5
2026-06-05,百貨零售,2912,統一超,232.0
2026-06-05,百貨零售,5907,大洋-KY,5.2
2026-06-05,百貨零售,8454,富邦媒,353.0
2026-06-05,石化能源,1301,台塑,48.9
2026-06-05,石化能源,1303,南亞,104.5
2026-06-05,石化能源,1314,中石化,8.09
2026-06-05,石化能源,6505,台塑化,55.3
2026-06-05,石化能源,8926,台汽電,69.6
2026-06-05,系統整合,2427,三商電,23.65
2026-06-05,系統整合,2480,敦陽科,161.5
2026-06-05,系統整合,3029,零壹,107.5
2026-06-05,系統整合,6214,精誠,144.5
2026-06-05,網通,2345,智邦,2490.0
2026-06-05,網通,2412,中華電,141.0
2026-06-05,網通,4904,遠傳,101.5
2026-06-05,網通,5388,中磊,89.6
2026-06-05,網通,6285,啟碁,292.0
2026-06-05,自行車,9914,美利達,69.1
2026-06-05,自行車,9921,巨大,70.8
2026-06-05,航空,2610,華航,19.95
2026-06-05,航空,2618,長榮航,37.7
2026-06-05,航空,2646,星宇航空,20.5
2026-06-05,被動元件,2327,國巨*,769.0
2026-06-05,被動元件,2492,華新科,416.0
2026-06-05,被動元件,3026,禾伸堂,626.0
2026-06-05,記憶體,2337,旺宏,150.0
2026-06-05,記憶體,2344,華邦電,162.0
2026-06-05,記憶體,2408,南亞科,360.0
2026-06-05,記憶體,4967,十銓,279.0
2026-06-05,記憶體,8271,宇瞻,222.0
2026-06-05,貨櫃航運,2603,長榮,232.0
2026-06-05,貨櫃航運,2609,陽明,54.5
2026-06-05,貨櫃航運,2615,萬海,86.1
2026-06-05,輪胎橡膠,2101,南港,31.9
2026-06-05,輪胎橡膠,2103,台橡,21.7
2026-06-05,輪胎橡膠,2105,正新,34.1
2026-06-05,輪胎橡膠,2106,建大,18.05
2026-06-05,造紙,1904,正隆,21.9
2026-06-05,造紙,1905,華紙,13.05
2026-06-05,造紙,1907,永豐餘,26.05
2026-06-05,運動健身,1598,岱宇,21.3
2026-06-05,運動健身,1736,喬山,110.5
2026-06-05,運動健身,8462,柏文,139.5
2026-06-05,運動健身,9904,寶成,26.45
2026-06-05,醫療器材,4104,佳醫,71.5
2026-06-05,醫療器材,4133,亞諾法,21.35
2026-06-05,醫療器材,4736,泰博,126.0
2026-06-05,醫療器材,6491,晶碩,324.5
2026-06-05,重電,1503,士電,241.5
2026-06-05,重電,1513,中興電,170.5
2026-06-05,重電,1519,華城,851.0
2026-06-05,重電,1609,大亞,39.1
2026-06-05,重電,1618,合機,42.0
2026-06-05,金控銀行,2880,華南金,34.8
2026-06-05,金控銀行,2881,富邦金,118.0
2026-06-05,金控銀行,2882,國泰金,100.0
2026-06-05,金控銀行,2884,玉山金,33.35
2026-06-05,金控銀行,2886,兆豐金,41.95
2026-06-05,鋼鐵,2002,中鋼,19.3
2026-06-05,鋼鐵,2006,東和鋼鐵,67.0
2026-06-05,鋼鐵,2014,中鴻,18.75
2026-06-05,鋼鐵,2027,大成鋼,43.8
2026-06-05,鋼鐵,2031,新光鋼,43.35
2026-06-05,雲端服務,3045,台灣大,116.0
2026-06-05,雲端服務,4994,傳奇,87.6
2026-06-05,雲端服務,8454,富邦媒,353.0
2026-06-05,電子檢測,2360,致茂,2565.0
2026-06-05,電子檢測,3130,一零四,222.0
2026-06-05,電子檢測,3563,牧德,786.0
2026-06-05,電線電纜,1605,華新,39.55
2026-06-05,電線電纜,1608,華榮,36.1
2026-06-05,電線電纜,1609,大亞,39.1
2026-06-05,電線電纜,1612,宏泰,39.5
2026-06-05,電線電纜,1618,合機,42.0
2026-06-05,面板,2409,友達,27.1
2026-06-05,面板,3481,群創,53.7
2026-06-05,面板,6116,彩晶,18.45
2026-06-05,食品製造,1201,味全,12.45
2026-06-05,食品製造,1203,味王,42.85
2026-06-05,食品製造,1210,大成,54.4
2026-06-05,食品製造,1215,卜蜂,119.0
2026-06-05,食品製造,1227,佳格,28.85
2026-06-05,食品製造,1231,聯華食,89.0
2026-06-05,飯店餐旅,2704,國賓,42.6
2026-06-05,飯店餐旅,2707,晶華,181.0
2026-06-05,飯店餐旅,2712,遠雄來,15.15
2026-06-05,飯店餐旅,2727,王品,246.0
2026-06-08,ABF載板,3037,欣興,911.0
2026-06-08,ABF載板,3189,景碩,698.0
2026-06-08,ABF載板,8046,南電,831.0
2026-06-08,AI伺服器,2317,鴻海,269.5
2026-06-08,AI伺服器,2382,廣達,376.5
2026-06-08,AI伺服器,3017,奇鋐,2570.0
2026-06-08,AI伺服器,3231,緯創,163.5
2026-06-08,AI伺服器,6669,緯穎,5275.0
2026-06-08,CCL銅箔基板,2383,台光電,4770.0
2026-06-08,CCL銅箔基板,6213,聯茂,243.5
2026-06-08,IC設計,2379,瑞昱,596.0
2026-06-08,IC設計,2454,聯發科,4070.0
2026-06-08,IC設計,3034,聯詠,473.0
2026-06-08,IC設計,3443,創意,4255.0
2026-06-08,IC設計,3661,世芯-KY,4170.0
2026-06-08,IC設計,5269,祥碩,1400.0
2026-06-08,LED光電,2393,億光,65.9
2026-06-08,LED光電,3031,佰鴻,28.85
2026-06-08,LED光電,3596,智易,181.0
2026-06-08,LED光電,3714,富采,64.8
2026-06-08,PCB,2313,華通,252.0
2026-06-08,PCB,2367,燿華,60.5
2026-06-08,PCB,3037,欣興,911.0
2026-06-08,PCB,3044,健鼎,478.0
2026-06-08,PCB,4958,臻鼎-KY,512.0
2026-06-08,PCB,5469,瀚宇博,80.1
2026-06-08,PCB,6191,精成科,94.7
2026-06-08,PCB,8046,南電,831.0
2026-06-08,保險,2851,中再保,35.55
2026-06-08,保險,2867,三商壽,7.97
2026-06-08,光學鏡頭,3008,大立光,3535.0
2026-06-08,光學鏡頭,3406,玉晶光,654.0
2026-06-08,光學鏡頭,3504,揚明光,72.9
2026-06-08,光通訊,3450,聯鈞,461.0
2026-06-08,光通訊,4977,眾達-KY,180.5
2026-06-08,光通訊,6442,光聖,1970.0
2026-06-08,其他綜合,9907,統一實,16.45
2026-06-08,其他綜合,9911,櫻花,84.0
2026-06-08,其他綜合,9924,福興,42.8
2026-06-08,其他綜合,9933,中鼎,41.8
2026-06-08,半導體設備,2467,志聖,568.0
2026-06-08,半導體設備,3583,辛耘,807.0
2026-06-08,半導體設備,6196,帆宣,487.5
2026-06-08,半導體通路,2347,聯強,85.3
2026-06-08,半導體通路,3036,文曄,250.0
2026-06-08,半導體通路,3702,大聯大,108.0
2026-06-08,半導體通路,8112,至上,84.7
2026-06-08,塑化,1301,台塑,45.85
2026-06-08,塑化,1303,南亞,97.5
2026-06-08,塑化,1304,台聚,12.8
2026-06-08,塑化,1305,華夏,12.6
2026-06-08,塑化,1308,亞聚,13.4
2026-06-08,塑化,1314,中石化,7.94
2026-06-08,太陽能,3576,聯合再生,15.7
2026-06-08,太陽能,6443,元晶,36.15
2026-06-08,太陽能,6477,安集,31.7
2026-06-08,太陽能,6806,森崴能源,5.3
2026-06-08,居家生活,2908,特力,21.4
2026-06-08,居家生活,8464,億豐,327.5
2026-06-08,居家生活,9934,成霖,10.75
2026-06-08,散熱,2421,建準,157.0
2026-06-08,散熱,3017,奇鋐,2570.0
2026-06-08,散熱,3653,健策,3820.0
2026-06-08,散熱,6230,尼得科超眾,134.0
2026-06-08,散裝航運,2605,新興,31.0
2026-06-08,散裝航運,2612,中航,54.8
2026-06-08,散裝航運,2617,台航,29.15
2026-06-08,散裝航運,2637,慧洋-KY,78.5
2026-06-08,機器人,1590,亞德客-KY,1280.0
2026-06-08,機器人,2049,上銀,329.5
2026-06-08,機器人,2308,台達電,2255.0
2026-06-08,機器人,2359,所羅門,131.5
2026-06-08,機器人,2464,盟立,148.5
2026-06-08,機器人,6166,凌華,125.0
2026-06-08,機能紡織,1402,遠東新,26.75
2026-06-08,機能紡織,1476,儒鴻,337.5
2026-06-08,機能紡織,1477,聚陽,225.0
2026-06-08,機能紡織,4438,廣越,60.3
2026-06-08,水泥,1101,台泥,23.85
2026-06-08,水泥,1102,亞泥,33.75
2026-06-08,水泥,1103,嘉泥,13.2
2026-06-08,水泥,1104,環泥,28.9
2026-06-08,汽車整車,2201,裕隆,27.4
2026-06-08,汽車整車,2204,中華,54.8
2026-06-08,汽車整車,2207,和泰車,473.0
2026-06-08,汽車零組件,1319,東陽,97.8
2026-06-08,汽車零組件,1521,大億,26.45
2026-06-08,汽車零組件,1536,和大,48.65
2026-06-08,汽車零組件,2227,裕日車,49.0
2026-06-08,汽車零組件,2231,為升,95.1
2026-06-08,汽車零組件,4551,智伸科,139.5
2026-06-08,營建,2501,國建,23.95
2026-06-08,營建,2520,冠德,31.45
2026-06-08,營建,2542,興富發,41.9
2026-06-08,營建,2548,華固,101.5
2026-06-08,營建,2608,嘉里大榮,29.9
2026-06-08,特用化學,1711,永光,44.45
2026-06-08,特用化學,1723,中碳,84.3
2026-06-08,特用化學,1773,勝一,172.0
2026-06-08,特用化學,4763,材料*-KY,42.35
2026-06-08,玻璃陶瓷,1802,台玻,62.0
2026-06-08,玻璃陶瓷,1806,冠軍,8.07
2026-06-08,玻璃陶瓷,1809,中釉,53.7
2026-06-08,玻璃陶瓷,1810,和成,22.0
2026-06-08,環保,8341,日友,77.9
2026-06-08,生技製藥,1707,葡萄王,100.5
2026-06-08,生技製藥,1720,生達,62.9
2026-06-08,生技製藥,1760,寶齡富錦,60.8
2026-06-08,生技製藥,1789,神隆,20.25
2026-06-08,百貨零售,2903,遠百,22.85
2026-06-08,百貨零售,2912,統一超,222.0
2026-06-08,百貨零售,5907,大洋-KY,5.14
2026-06-08,百貨零售,8454,富邦媒,388.0
2026-06-08,石化能源,1301,台塑,45.85
2026-06-08,石化能源,1303,南亞,97.5
2026-06-08,石化能源,1314,中石化,7.94
2026-06-08,石化能源,6505,台塑化,52.6
2026-06-08,石化能源,8926,台汽電,66.9
2026-06-08,系統整合,2427,三商電,23.9
2026-06-08,系統整合,2480,敦陽科,159.5
2026-06-08,系統整合,3029,零壹,103.5
2026-06-08,系統整合,6214,精誠,140.5
2026-06-08,網通,2345,智邦,2420.0
2026-06-08,網通,2412,中華電,138.5
2026-06-08,網通,4904,遠傳,101.0
2026-06-08,網通,5388,中磊,84.3
2026-06-08,網通,6285,啟碁,273.5
2026-06-08,自行車,9914,美利達,68.0
2026-06-08,自行車,9921,巨大,70.6
2026-06-08,航空,2610,華航,19.05
2026-06-08,航空,2618,長榮航,36.4
2026-06-08,航空,2646,星宇航空,20.05
2026-06-08,被動元件,2327,國巨*,751.0
2026-06-08,被動元件,2492,華新科,400.0
2026-06-08,被動元件,3026,禾伸堂,601.0
2026-06-08,記憶體,2337,旺宏,143.5
2026-06-08,記憶體,2344,華邦電,154.0
2026-06-08,記憶體,2408,南亞科,339.5
2026-06-08,記憶體,4967,十銓,277.5
2026-06-08,記憶體,8271,宇瞻,210.0
2026-06-08,貨櫃航運,2603,長榮,224.0
2026-06-08,貨櫃航運,2609,陽明,51.7
2026-06-08,貨櫃航運,2615,萬海,84.6
2026-06-08,輪胎橡膠,2101,南港,31.6
2026-06-08,輪胎橡膠,2103,台橡,21.15
2026-06-08,輪胎橡膠,2105,正新,33.5
2026-06-08,輪胎橡膠,2106,建大,17.5
2026-06-08,造紙,1904,正隆,21.7
2026-06-08,造紙,1905,華紙,12.7
2026-06-08,造紙,1907,永豐餘,25.35
2026-06-08,運動健身,1598,岱宇,21.0
2026-06-08,運動健身,1736,喬山,108.5
2026-06-08,運動健身,8462,柏文,139.0
2026-06-08,運動健身,9904,寶成,25.9
2026-06-08,醫療器材,4104,佳醫,70.4
2026-06-08,醫療器材,4133,亞諾法,20.6
2026-06-08,醫療器材,4736,泰博,124.5
2026-06-08,醫療器材,6491,晶碩,320.0
2026-06-08,重電,1503,士電,230.0
2026-06-08,重電,1513,中興電,169.5
2026-06-08,重電,1519,華城,815.0
2026-06-08,重電,1609,大亞,36.95
2026-06-08,重電,1618,合機,40.85
2026-06-08,金控銀行,2880,華南金,33.5
2026-06-08,金控銀行,2881,富邦金,116.0
2026-06-08,金控銀行,2882,國泰金,95.0
2026-06-08,金控銀行,2884,玉山金,32.9
2026-06-08,金控銀行,2886,兆豐金,41.2
2026-06-08,鋼鐵,2002,中鋼,18.65
2026-06-08,鋼鐵,2006,東和鋼鐵,65.4
2026-06-08,鋼鐵,2014,中鴻,17.65
2026-06-08,鋼鐵,2027,大成鋼,41.8
2026-06-08,鋼鐵,2031,新光鋼,41.45
2026-06-08,雲端服務,3045,台灣大,115.0
2026-06-08,雲端服務,4994,傳奇,90.0
2026-06-08,雲端服務,8454,富邦媒,388.0
2026-06-08,電子檢測,2360,致茂,2450.0
2026-06-08,電子檢測,3130,一零四,221.5
2026-06-08,電子檢測,3563,牧德,734.0
2026-06-08,電線電纜,1605,華新,35.8
2026-06-08,電線電纜,1608,華榮,33.7
2026-06-08,電線電纜,1609,大亞,36.95
2026-06-08,電線電纜,1612,宏泰,37.75
2026-06-08,電線電纜,1618,合機,40.85
2026-06-08,面板,2409,友達,24.4
2026-06-08,面板,3481,群創,48.35
2026-06-08,面板,6116,彩晶,16.65
2026-06-08,食品製造,1201,味全,12.3
2026-06-08,食品製造,1203,味王,42.35
2026-06-08,食品製造,1210,大成,54.0
2026-06-08,食品製造,1215,卜蜂,115.0
2026-06-08,食品製造,1227,佳格,28.3
2026-06-08,食品製造,1231,聯華食,86.7
2026-06-08,飯店餐旅,2704,國賓,41.95
2026-06-08,飯店餐旅,2707,晶華,178.5
2026-06-08,飯店餐旅,2712,遠雄來,14.5
2026-06-08,飯店餐旅,2727,王品,241.5
2026-06-09,ABF載板,3037,欣興,969.0
2026-06-09,ABF載板,3189,景碩,714.0
2026-06-09,ABF載板,8046,南電,914.0
2026-06-09,AI伺服器,2317,鴻海,277.5
2026-06-09,AI伺服器,2382,廣達,375.0
2026-06-09,AI伺服器,3017,奇鋐,2545.0
2026-06-09,AI伺服器,3231,緯創,165.5
2026-06-09,AI伺服器,6669,緯穎,5300.0
2026-06-09,CCL銅箔基板,2383,台光電,5065.0
2026-06-09,CCL銅箔基板,6213,聯茂,257.0
2026-06-09,IC設計,2379,瑞昱,651.0
2026-06-09,IC設計,2454,聯發科,4475.0
2026-06-09,IC設計,3034,聯詠,480.5
2026-06-09,IC設計,3443,創意,4310.0
2026-06-09,IC設計,3661,世芯-KY,4250.0
2026-06-09,IC設計,5269,祥碩,1440.0
2026-06-09,LED光電,2393,億光,69.0
2026-06-09,LED光電,3031,佰鴻,28.85
2026-06-09,LED光電,3596,智易,185.5
2026-06-09,LED光電,3714,富采,66.0
2026-06-09,PCB,2313,華通,276.0
2026-06-09,PCB,2367,燿華,63.9
2026-06-09,PCB,3037,欣興,969.0
2026-06-09,PCB,3044,健鼎,500.0
2026-06-09,PCB,4958,臻鼎-KY,545.0
2026-06-09,PCB,5469,瀚宇博,83.2
2026-06-09,PCB,6191,精成科,98.0
2026-06-09,PCB,8046,南電,914.0
2026-06-09,保險,2851,中再保,37.0
2026-06-09,保險,2867,三商壽,8.27
2026-06-09,光學鏡頭,3008,大立光,3885.0
2026-06-09,光學鏡頭,3406,玉晶光,719.0
2026-06-09,光學鏡頭,3504,揚明光,80.1
2026-06-09,光通訊,3450,聯鈞,507.0
2026-06-09,光通訊,4977,眾達-KY,192.5
2026-06-09,光通訊,6442,光聖,2100.0
2026-06-09,其他綜合,9907,統一實,16.55
2026-06-09,其他綜合,9911,櫻花,84.9
2026-06-09,其他綜合,9924,福興,40.4
2026-06-09,其他綜合,9933,中鼎,40.85
2026-06-09,半導體設備,2467,志聖,574.0
2026-06-09,半導體設備,3583,辛耘,866.0
2026-06-09,半導體設備,6196,帆宣,520.0
2026-06-09,半導體通路,2347,聯強,91.0
2026-06-09,半導體通路,3036,文曄,250.0
2026-06-09,半導體通路,3702,大聯大,110.5
2026-06-09,半導體通路,8112,至上,91.2
2026-06-09,塑化,1301,台塑,45.55
2026-06-09,塑化,1303,南亞,99.2
2026-06-09,塑化,1304,台聚,12.75
2026-06-09,塑化,1305,華夏,12.55
2026-06-09,塑化,1308,亞聚,13.4
2026-06-09,塑化,1314,中石化,7.78
2026-06-09,太陽能,3576,聯合再生,17.25
2026-06-09,太陽能,6443,元晶,39.7
2026-06-09,太陽能,6477,安集,32.75
2026-06-09,太陽能,6806,森崴能源,5.52
2026-06-09,居家生活,2908,特力,21.2
2026-06-09,居家生活,8464,億豐,333.0
2026-06-09,居家生活,9934,成霖,10.6
2026-06-09,散熱,2421,建準,160.0
2026-06-09,散熱,3017,奇鋐,2545.0
2026-06-09,散熱,3653,健策,3935.0
2026-06-09,散熱,6230,尼得科超眾,137.0
2026-06-09,散裝航運,2605,新興,30.65
2026-06-09,散裝航運,2612,中航,56.0
2026-06-09,散裝航運,2617,台航,29.65
2026-06-09,散裝航運,2637,慧洋-KY,80.9
2026-06-09,機器人,1590,亞德客-KY,1305.0
2026-06-09,機器人,2049,上銀,345.0
2026-06-09,機器人,2308,台達電,2415.0
2026-06-09,機器人,2359,所羅門,144.5
2026-06-09,機器人,2464,盟立,150.0
2026-06-09,機器人,6166,凌華,137.5
2026-06-09,機能紡織,1402,遠東新,27.7
2026-06-09,機能紡織,1476,儒鴻,348.5
2026-06-09,機能紡織,1477,聚陽,226.0
2026-06-09,機能紡織,4438,廣越,63.0
2026-06-09,水泥,1101,台泥,23.95
2026-06-09,水泥,1102,亞泥,33.9
2026-06-09,水泥,1103,嘉泥,13.4
2026-06-09,水泥,1104,環泥,29.05
2026-06-09,汽車整車,2201,裕隆,27.75
2026-06-09,汽車整車,2204,中華,55.3
2026-06-09,汽車整車,2207,和泰車,483.0
2026-06-09,汽車零組件,1319,東陽,105.0
2026-06-09,汽車零組件,1521,大億,26.15
2026-06-09,汽車零組件,1536,和大,49.5
2026-06-09,汽車零組件,2227,裕日車,49.0
2026-06-09,汽車零組件,2231,為升,95.4
2026-06-09,汽車零組件,4551,智伸科,144.0
2026-06-09,營建,2501,國建,24.2
2026-06-09,營建,2520,冠德,32.4
2026-06-09,營建,2542,興富發,43.2
2026-06-09,營建,2548,華固,101.5
2026-06-09,營建,2608,嘉里大榮,30.15
2026-06-09,特用化學,1711,永光,44.6
2026-06-09,特用化學,1723,中碳,83.8
2026-06-09,特用化學,1773,勝一,173.0
2026-06-09,特用化學,4763,材料*-KY,45.35
2026-06-09,玻璃陶瓷,1802,台玻,63.0
2026-06-09,玻璃陶瓷,1806,冠軍,8.1
2026-06-09,玻璃陶瓷,1809,中釉,56.3
2026-06-09,玻璃陶瓷,1810,和成,21.5
2026-06-09,環保,8341,日友,80.9
2026-06-09,生技製藥,1707,葡萄王,102.0
2026-06-09,生技製藥,1720,生達,63.4
2026-06-09,生技製藥,1760,寶齡富錦,61.5
2026-06-09,生技製藥,1789,神隆,20.75
2026-06-09,百貨零售,2903,遠百,23.0
2026-06-09,百貨零售,2912,統一超,224.0
2026-06-09,百貨零售,5907,大洋-KY,5.13
2026-06-09,百貨零售,8454,富邦媒,426.5
2026-06-09,石化能源,1301,台塑,45.55
2026-06-09,石化能源,1303,南亞,99.2
2026-06-09,石化能源,1314,中石化,7.78
2026-06-09,石化能源,6505,台塑化,52.4
2026-06-09,石化能源,8926,台汽電,73.5
2026-06-09,系統整合,2427,三商電,23.7
2026-06-09,系統整合,2480,敦陽科,159.0
2026-06-09,系統整合,3029,零壹,105.5
2026-06-09,系統整合,6214,精誠,143.0
2026-06-09,網通,2345,智邦,2475.0
2026-06-09,網通,2412,中華電,142.0
2026-06-09,網通,4904,遠傳,105.5
2026-06-09,網通,5388,中磊,84.9
2026-06-09,網通,6285,啟碁,286.5
2026-06-09,自行車,9914,美利達,68.6
2026-06-09,自行車,9921,巨大,71.3
2026-06-09,航空,2610,華航,19.5
2026-06-09,航空,2618,長榮航,37.0
2026-06-09,航空,2646,星宇航空,20.2
2026-06-09,被動元件,2327,國巨*,826.0
2026-06-09,被動元件,2492,華新科,440.0
2026-06-09,被動元件,3026,禾伸堂,661.0
2026-06-09,記憶體,2337,旺宏,145.5
2026-06-09,記憶體,2344,華邦電,156.5
2026-06-09,記憶體,2408,南亞科,363.0
2026-06-09,記憶體,4967,十銓,286.0
2026-06-09,記憶體,8271,宇瞻,217.0
2026-06-09,貨櫃航運,2603,長榮,222.0
2026-06-09,貨櫃航運,2609,陽明,51.6
2026-06-09,貨櫃航運,2615,萬海,84.7
2026-06-09,輪胎橡膠,2101,南港,32.45
2026-06-09,輪胎橡膠,2103,台橡,21.05
2026-06-09,輪胎橡膠,2105,正新,34.2
2026-06-09,輪胎橡膠,2106,建大,17.75
2026-06-09,造紙,1904,正隆,22.6
2026-06-09,造紙,1905,華紙,12.8
2026-06-09,造紙,1907,永豐餘,25.55
2026-06-09,運動健身,1598,岱宇,21.25
2026-06-09,運動健身,1736,喬山,108.0
2026-06-09,運動健身,8462,柏文,141.5
2026-06-09,運動健身,9904,寶成,26.5
2026-06-09,醫療器材,4104,佳醫,70.9
2026-06-09,醫療器材,4133,亞諾法,20.9
2026-06-09,醫療器材,4736,泰博,125.0
2026-06-09,醫療器材,6491,晶碩,329.0
2026-06-09,重電,1503,士電,229.5
2026-06-09,重電,1513,中興電,169.5
2026-06-09,重電,1519,華城,843.0
2026-06-09,重電,1609,大亞,37.75
2026-06-09,重電,1618,合機,44.9
2026-06-09,金控銀行,2880,華南金,35.45
2026-06-09,金控銀行,2881,富邦金,125.0
2026-06-09,金控銀行,2882,國泰金,104.0
2026-06-09,金控銀行,2884,玉山金,34.2
2026-06-09,金控銀行,2886,兆豐金,43.55
2026-06-09,鋼鐵,2002,中鋼,18.75
2026-06-09,鋼鐵,2006,東和鋼鐵,66.8
2026-06-09,鋼鐵,2014,中鴻,17.7
2026-06-09,鋼鐵,2027,大成鋼,42.9
2026-06-09,鋼鐵,2031,新光鋼,41.9
2026-06-09,雲端服務,3045,台灣大,117.0
2026-06-09,雲端服務,4994,傳奇,87.2
2026-06-09,雲端服務,8454,富邦媒,426.5
2026-06-09,電子檢測,2360,致茂,2390.0
2026-06-09,電子檢測,3130,一零四,221.5
2026-06-09,電子檢測,3563,牧德,742.0
2026-06-09,電線電纜,1605,華新,36.5
2026-06-09,電線電纜,1608,華榮,34.3
2026-06-09,電線電纜,1609,大亞,37.75
2026-06-09,電線電纜,1612,宏泰,38.15
2026-06-09,電線電纜,1618,合機,44.9
2026-06-09,面板,2409,友達,24.0
2026-06-09,面板,3481,群創,49.1
2026-06-09,面板,6116,彩晶,15.6
2026-06-09,食品製造,1201,味全,12.25
2026-06-09,食品製造,1203,味王,42.0
2026-06-09,食品製造,1210,大成,54.5
2026-06-09,食品製造,1215,卜蜂,115.0
2026-06-09,食品製造,1227,佳格,28.6
2026-06-09,食品製造,1231,聯華食,87.2
2026-06-09,飯店餐旅,2704,國賓,42.65
2026-06-09,飯店餐旅,2707,晶華,178.0
2026-06-09,飯店餐旅,2712,遠雄來,14.55
2026-06-09,飯店餐旅,2727,王品,246.0
2026-06-10,ABF載板,3037,欣興,884.0
2026-06-10,ABF載板,3189,景碩,660.0
2026-06-10,ABF載板,8046,南電,847.0
2026-06-10,AI伺服器,2317,鴻海,263.0
2026-06-10,AI伺服器,2382,廣達,380.5
2026-06-10,AI伺服器,3017,奇鋐,2360.0
2026-06-10,AI伺服器,3231,緯創,158.0
2026-06-10,AI伺服器,6669,緯穎,5065.0
2026-06-10,CCL銅箔基板,2383,台光電,4940.0
2026-06-10,CCL銅箔基板,6213,聯茂,254.0
2026-06-10,IC設計,2379,瑞昱,645.0
2026-06-10,IC設計,2454,聯發科,4155.0
2026-06-10,IC設計,3034,聯詠,478.5
2026-06-10,IC設計,3443,創意,4025.0
2026-06-10,IC設計,3661,世芯-KY,4040.0
2026-06-10,IC設計,5269,祥碩,1325.0
2026-06-10,LED光電,2393,億光,68.5
2026-06-10,LED光電,3031,佰鴻,27.4
2026-06-10,LED光電,3596,智易,184.5
2026-06-10,LED光電,3714,富采,62.7
2026-06-10,PCB,2313,華通,259.0
2026-06-10,PCB,2367,燿華,63.3
2026-06-10,PCB,3037,欣興,884.0
2026-06-10,PCB,3044,健鼎,479.0
2026-06-10,PCB,4958,臻鼎-KY,502.0
2026-06-10,PCB,5469,瀚宇博,80.6
2026-06-10,PCB,6191,精成科,92.4
2026-06-10,PCB,8046,南電,847.0
2026-06-10,保險,2851,中再保,36.6
2026-06-10,保險,2867,三商壽,8.16
2026-06-10,光學鏡頭,3008,大立光,4130.0
2026-06-10,光學鏡頭,3406,玉晶光,677.0
2026-06-10,光學鏡頭,3504,揚明光,79.0
2026-06-10,光通訊,3450,聯鈞,472.0
2026-06-10,光通訊,4977,眾達-KY,176.0
2026-06-10,光通訊,6442,光聖,1890.0
2026-06-10,其他綜合,9907,統一實,16.7
2026-06-10,其他綜合,9911,櫻花,85.2
2026-06-10,其他綜合,9924,福興,40.65
2026-06-10,其他綜合,9933,中鼎,40.5
2026-06-10,半導體設備,2467,志聖,540.0
2026-06-10,半導體設備,3583,辛耘,786.0
2026-06-10,半導體設備,6196,帆宣,500.0
2026-06-10,半導體通路,2347,聯強,92.2
2026-06-10,半導體通路,3036,文曄,239.5
2026-06-10,半導體通路,3702,大聯大,109.0
2026-06-10,半導體通路,8112,至上,92.6
2026-06-10,塑化,1301,台塑,44.4
2026-06-10,塑化,1303,南亞,94.8
2026-06-10,塑化,1304,台聚,12.75
2026-06-10,塑化,1305,華夏,12.55
2026-06-10,塑化,1308,亞聚,13.45
2026-06-10,塑化,1314,中石化,7.73
2026-06-10,太陽能,3576,聯合再生,18.25
2026-06-10,太陽能,6443,元晶,40.1
2026-06-10,太陽能,6477,安集,32.1
2026-06-10,太陽能,6806,森崴能源,4.97
2026-06-10,居家生活,2908,特力,21.3
2026-06-10,居家生活,8464,億豐,337.5
2026-06-10,居家生活,9934,成霖,10.4
2026-06-10,散熱,2421,建準,145.0
2026-06-10,散熱,3017,奇鋐,2360.0
2026-06-10,散熱,3653,健策,3800.0
2026-06-10,散熱,6230,尼得科超眾,132.5
2026-06-10,散裝航運,2605,新興,30.3
2026-06-10,散裝航運,2612,中航,54.6
2026-06-10,散裝航運,2617,台航,29.65
2026-06-10,散裝航運,2637,慧洋-KY,76.0
2026-06-10,機器人,1590,亞德客-KY,1285.0
2026-06-10,機器人,2049,上銀,326.0
2026-06-10,機器人,2308,台達電,2200.0
2026-06-10,機器人,2359,所羅門,135.5
2026-06-10,機器人,2464,盟立,146.0
2026-06-10,機器人,6166,凌華,125.5
2026-06-10,機能紡織,1402,遠東新,27.65
2026-06-10,機能紡織,1476,儒鴻,344.0
2026-06-10,機能紡織,1477,聚陽,222.0
2026-06-10,機能紡織,4438,廣越,60.5
2026-06-10,水泥,1101,台泥,23.9
2026-06-10,水泥,1102,亞泥,34.4
2026-06-10,水泥,1103,嘉泥,13.45
2026-06-10,水泥,1104,環泥,29.0
2026-06-10,汽車整車,2201,裕隆,27.6
2026-06-10,汽車整車,2204,中華,55.9
2026-06-10,汽車整車,2207,和泰車,487.0
2026-06-10,汽車零組件,1319,東陽,107.0
2026-06-10,汽車零組件,1521,大億,26.0
2026-06-10,汽車零組件,1536,和大,49.2
2026-06-10,汽車零組件,2227,裕日車,48.9
2026-06-10,汽車零組件,2231,為升,93.0
2026-06-10,汽車零組件,4551,智伸科,137.5
2026-06-10,營建,2501,國建,26.6
2026-06-10,營建,2520,冠德,35.6
2026-06-10,營建,2542,興富發,45.45
2026-06-10,營建,2548,華固,105.5
2026-06-10,營建,2608,嘉里大榮,30.4
2026-06-10,特用化學,1711,永光,42.3
2026-06-10,特用化學,1723,中碳,83.9
2026-06-10,特用化學,1773,勝一,168.5
2026-06-10,特用化學,4763,材料*-KY,44.25
2026-06-10,玻璃陶瓷,1802,台玻,60.1
2026-06-10,玻璃陶瓷,1806,冠軍,8.19
2026-06-10,玻璃陶瓷,1809,中釉,50.7
2026-06-10,玻璃陶瓷,1810,和成,21.1
2026-06-10,環保,8341,日友,81.3
2026-06-10,生技製藥,1707,葡萄王,102.0
2026-06-10,生技製藥,1720,生達,62.6
2026-06-10,生技製藥,1760,寶齡富錦,61.5
2026-06-10,生技製藥,1789,神隆,20.0
2026-06-10,百貨零售,2903,遠百,23.25
2026-06-10,百貨零售,2912,統一超,227.5
2026-06-10,百貨零售,5907,大洋-KY,5.03
2026-06-10,百貨零售,8454,富邦媒,449.5
2026-06-10,石化能源,1301,台塑,44.4
2026-06-10,石化能源,1303,南亞,94.8
2026-06-10,石化能源,1314,中石化,7.73
2026-06-10,石化能源,6505,台塑化,51.0
2026-06-10,石化能源,8926,台汽電,75.0
2026-06-10,系統整合,2427,三商電,22.3
2026-06-10,系統整合,2480,敦陽科,158.5
2026-06-10,系統整合,3029,零壹,105.0
2026-06-10,系統整合,6214,精誠,143.5
2026-06-10,網通,2345,智邦,2365.0
2026-06-10,網通,2412,中華電,144.0
2026-06-10,網通,4904,遠傳,106.5
2026-06-10,網通,5388,中磊,84.0
2026-06-10,網通,6285,啟碁,270.0
2026-06-10,自行車,9914,美利達,69.0
2026-06-10,自行車,9921,巨大,72.0
2026-06-10,航空,2610,華航,19.55
2026-06-10,航空,2618,長榮航,37.25
2026-06-10,航空,2646,星宇航空,20.15
2026-06-10,被動元件,2327,國巨*,819.0
2026-06-10,被動元件,2492,華新科,407.5
2026-06-10,被動元件,3026,禾伸堂,642.0
2026-06-10,記憶體,2337,旺宏,135.0
2026-06-10,記憶體,2344,華邦電,149.0
2026-06-10,記憶體,2408,南亞科,333.0
2026-06-10,記憶體,4967,十銓,269.0
2026-06-10,記憶體,8271,宇瞻,202.0
2026-06-10,貨櫃航運,2603,長榮,223.0
2026-06-10,貨櫃航運,2609,陽明,50.6
2026-06-10,貨櫃航運,2615,萬海,83.1
2026-06-10,輪胎橡膠,2101,南港,32.75
2026-06-10,輪胎橡膠,2103,台橡,21.05
2026-06-10,輪胎橡膠,2105,正新,34.55
2026-06-10,輪胎橡膠,2106,建大,18.15
2026-06-10,造紙,1904,正隆,23.15
2026-06-10,造紙,1905,華紙,12.95
2026-06-10,造紙,1907,永豐餘,26.1
2026-06-10,運動健身,1598,岱宇,21.0
2026-06-10,運動健身,1736,喬山,112.0
2026-06-10,運動健身,8462,柏文,142.0
2026-06-10,運動健身,9904,寶成,26.5
2026-06-10,醫療器材,4104,佳醫,69.7
2026-06-10,醫療器材,4133,亞諾法,20.8
2026-06-10,醫療器材,4736,泰博,126.0
2026-06-10,醫療器材,6491,晶碩,326.0
2026-06-10,重電,1503,士電,217.0
2026-06-10,重電,1513,中興電,164.5
2026-06-10,重電,1519,華城,791.0
2026-06-10,重電,1609,大亞,36.65
2026-06-10,重電,1618,合機,43.4
2026-06-10,金控銀行,2880,華南金,35.35
2026-06-10,金控銀行,2881,富邦金,122.5
2026-06-10,金控銀行,2882,國泰金,99.9
2026-06-10,金控銀行,2884,玉山金,33.65
2026-06-10,金控銀行,2886,兆豐金,43.4
2026-06-10,鋼鐵,2002,中鋼,18.7
2026-06-10,鋼鐵,2006,東和鋼鐵,66.6
2026-06-10,鋼鐵,2014,中鴻,17.5
2026-06-10,鋼鐵,2027,大成鋼,42.5
2026-06-10,鋼鐵,2031,新光鋼,41.65
2026-06-10,雲端服務,3045,台灣大,118.0
2026-06-10,雲端服務,4994,傳奇,85.4
2026-06-10,雲端服務,8454,富邦媒,449.5
2026-06-10,電子檢測,2360,致茂,2210.0
2026-06-10,電子檢測,3130,一零四,222.5
2026-06-10,電子檢測,3563,牧德,692.0
2026-06-10,電線電纜,1605,華新,34.8
2026-06-10,電線電纜,1608,華榮,33.65
2026-06-10,電線電纜,1609,大亞,36.65
2026-06-10,電線電纜,1612,宏泰,37.35
2026-06-10,電線電纜,1618,合機,43.4
2026-06-10,面板,2409,友達,22.95
2026-06-10,面板,3481,群創,44.3
2026-06-10,面板,6116,彩晶,14.4
2026-06-10,食品製造,1201,味全,12.4
2026-06-10,食品製造,1203,味王,41.7
2026-06-10,食品製造,1210,大成,55.4
2026-06-10,食品製造,1215,卜蜂,118.0
2026-06-10,食品製造,1227,佳格,28.35
2026-06-10,食品製造,1231,聯華食,87.1
2026-06-10,飯店餐旅,2704,國賓,42.75
2026-06-10,飯店餐旅,2707,晶華,179.5
2026-06-10,飯店餐旅,2712,遠雄來,14.6
2026-06-10,飯店餐旅,2727,王品,243.5
2026-06-11,ABF載板,3037,欣興,854.0
2026-06-11,ABF載板,3189,景碩,619.0
2026-06-11,ABF載板,8046,南電,807.0
2026-06-11,AI伺服器,2317,鴻海,258.5
2026-06-11,AI伺服器,2382,廣達,370.0
2026-06-11,AI伺服器,3017,奇鋐,2335.0
2026-06-11,AI伺服器,3231,緯創,152.5
2026-06-11,AI伺服器,6669,緯穎,4900.0
2026-06-11,CCL銅箔基板,2383,台光電,5095.0
2026-06-11,CCL銅箔基板,6213,聯茂,248.0
2026-06-11,IC設計,2379,瑞昱,655.0
2026-06-11,IC設計,2454,聯發科,4085.0
2026-06-11,IC設計,3034,聯詠,488.0
2026-06-11,IC設計,3443,創意,4105.0
2026-06-11,IC設計,3661,世芯-KY,4060.0
2026-06-11,IC設計,5269,祥碩,1330.0
2026-06-11,LED光電,2393,億光,67.5
2026-06-11,LED光電,3031,佰鴻,27.5
2026-06-11,LED光電,3596,智易,181.0
2026-06-11,LED光電,3714,富采,63.5
2026-06-11,PCB,2313,華通,275.0
2026-06-11,PCB,2367,燿華,64.6
2026-06-11,PCB,3037,欣興,854.0
2026-06-11,PCB,3044,健鼎,484.0
2026-06-11,PCB,4958,臻鼎-KY,529.0
2026-06-11,PCB,5469,瀚宇博,80.6
2026-06-11,PCB,6191,精成科,92.0
2026-06-11,PCB,8046,南電,807.0
2026-06-11,保險,2851,中再保,36.45
2026-06-11,保險,2867,三商壽,8.19
2026-06-11,光學鏡頭,3008,大立光,4165.0
2026-06-11,光學鏡頭,3406,玉晶光,693.0
2026-06-11,光學鏡頭,3504,揚明光,75.8
2026-06-11,光通訊,3450,聯鈞,452.5
2026-06-11,光通訊,4977,眾達-KY,173.5
2026-06-11,光通訊,6442,光聖,1820.0
2026-06-11,其他綜合,9907,統一實,16.75
2026-06-11,其他綜合,9911,櫻花,84.7
2026-06-11,其他綜合,9924,福興,40.45
2026-06-11,其他綜合,9933,中鼎,41.25
2026-06-11,半導體設備,2467,志聖,542.0
2026-06-11,半導體設備,3583,辛耘,791.0
2026-06-11,半導體設備,6196,帆宣,504.0
2026-06-11,半導體通路,2347,聯強,90.8
2026-06-11,半導體通路,3036,文曄,232.5
2026-06-11,半導體通路,3702,大聯大,108.5
2026-06-11,半導體通路,8112,至上,95.5
2026-06-11,塑化,1301,台塑,43.8
2026-06-11,塑化,1303,南亞,96.9
2026-06-11,塑化,1304,台聚,12.5
2026-06-11,塑化,1305,華夏,12.65
2026-06-11,塑化,1308,亞聚,13.45
2026-06-11,塑化,1314,中石化,7.76
2026-06-11,太陽能,3576,聯合再生,18.0
2026-06-11,太陽能,6443,元晶,40.0
2026-06-11,太陽能,6477,安集,33.85
2026-06-11,太陽能,6806,森崴能源,4.48
2026-06-11,居家生活,2908,特力,21.2
2026-06-11,居家生活,8464,億豐,337.0
2026-06-11,居家生活,9934,成霖,10.3
2026-06-11,散熱,2421,建準,142.0
2026-06-11,散熱,3017,奇鋐,2335.0
2026-06-11,散熱,3653,健策,3620.0
2026-06-11,散熱,6230,尼得科超眾,131.5
2026-06-11,散裝航運,2605,新興,30.4
2026-06-11,散裝航運,2612,中航,54.5
2026-06-11,散裝航運,2617,台航,29.6
2026-06-11,散裝航運,2637,慧洋-KY,78.3
2026-06-11,機器人,1590,亞德客-KY,1265.0
2026-06-11,機器人,2049,上銀,318.5
2026-06-11,機器人,2308,台達電,2160.0
2026-06-11,機器人,2359,所羅門,133.5
2026-06-11,機器人,2464,盟立,142.0
2026-06-11,機器人,6166,凌華,128.0
2026-06-11,機能紡織,1402,遠東新,27.4
2026-06-11,機能紡織,1476,儒鴻,344.0
2026-06-11,機能紡織,1477,聚陽,225.0
2026-06-11,機能紡織,4438,廣越,61.2
2026-06-11,水泥,1101,台泥,24.25
2026-06-11,水泥,1102,亞泥,34.5
2026-06-11,水泥,1103,嘉泥,13.45
2026-06-11,水泥,1104,環泥,29.0
2026-06-11,汽車整車,2201,裕隆,27.55
2026-06-11,汽車整車,2204,中華,55.2
2026-06-11,汽車整車,2207,和泰車,489.5
2026-06-11,汽車零組件,1319,東陽,102.0
2026-06-11,汽車零組件,1521,大億,25.9
2026-06-11,汽車零組件,1536,和大,48.55
2026-06-11,汽車零組件,2227,裕日車,49.0
2026-06-11,汽車零組件,2231,為升,92.4
2026-06-11,汽車零組件,4551,智伸科,138.5
2026-06-11,營建,2501,國建,25.75
2026-06-11,營建,2520,冠德,33.4
2026-06-11,營建,2542,興富發,45.35
2026-06-11,營建,2548,華固,104.0
2026-06-11,營建,2608,嘉里大榮,30.35
2026-06-11,特用化學,1711,永光,42.2
2026-06-11,特用化學,1723,中碳,85.9
2026-06-11,特用化學,1773,勝一,170.0
2026-06-11,特用化學,4763,材料*-KY,43.75
2026-06-11,玻璃陶瓷,1802,台玻,59.3
2026-06-11,玻璃陶瓷,1806,冠軍,8.12
2026-06-11,玻璃陶瓷,1809,中釉,48.3
2026-06-11,玻璃陶瓷,1810,和成,20.7
2026-06-11,環保,8341,日友,81.0
2026-06-11,生技製藥,1707,葡萄王,102.5
2026-06-11,生技製藥,1720,生達,62.4
2026-06-11,生技製藥,1760,寶齡富錦,59.5
2026-06-11,生技製藥,1789,神隆,19.6
2026-06-11,百貨零售,2903,遠百,23.25
2026-06-11,百貨零售,2912,統一超,229.0
2026-06-11,百貨零售,5907,大洋-KY,5.01
2026-06-11,百貨零售,8454,富邦媒,396.0
2026-06-11,石化能源,1301,台塑,43.8
2026-06-11,石化能源,1303,南亞,96.9
2026-06-11,石化能源,1314,中石化,7.76
2026-06-11,石化能源,6505,台塑化,51.4
2026-06-11,石化能源,8926,台汽電,75.5
2026-06-11,系統整合,2427,三商電,22.0
2026-06-11,系統整合,2480,敦陽科,156.5
2026-06-11,系統整合,3029,零壹,105.0
2026-06-11,系統整合,6214,精誠,142.0
2026-06-11,網通,2345,智邦,2275.0
2026-06-11,網通,2412,中華電,145.0
2026-06-11,網通,4904,遠傳,109.0
2026-06-11,網通,5388,中磊,86.1
2026-06-11,網通,6285,啟碁,272.5
2026-06-11,自行車,9914,美利達,73.7
2026-06-11,自行車,9921,巨大,75.7
2026-06-11,航空,2610,華航,19.45
2026-06-11,航空,2618,長榮航,37.7
2026-06-11,航空,2646,星宇航空,20.2
2026-06-11,被動元件,2327,國巨*,842.0
2026-06-11,被動元件,2492,華新科,417.5
2026-06-11,被動元件,3026,禾伸堂,695.0
2026-06-11,記憶體,2337,旺宏,140.0
2026-06-11,記憶體,2344,華邦電,156.5
2026-06-11,記憶體,2408,南亞科,340.0
2026-06-11,記憶體,4967,十銓,277.5
2026-06-11,記憶體,8271,宇瞻,197.0
2026-06-11,貨櫃航運,2603,長榮,226.0
2026-06-11,貨櫃航運,2609,陽明,51.1
2026-06-11,貨櫃航運,2615,萬海,83.8
2026-06-11,輪胎橡膠,2101,南港,33.0
2026-06-11,輪胎橡膠,2103,台橡,22.15
2026-06-11,輪胎橡膠,2105,正新,35.0
2026-06-11,輪胎橡膠,2106,建大,17.9
2026-06-11,造紙,1904,正隆,22.75
2026-06-11,造紙,1905,華紙,12.7
2026-06-11,造紙,1907,永豐餘,25.7
2026-06-11,運動健身,1598,岱宇,20.95
2026-06-11,運動健身,1736,喬山,113.0
2026-06-11,運動健身,8462,柏文,144.0
2026-06-11,運動健身,9904,寶成,26.3
2026-06-11,醫療器材,4104,佳醫,69.7
2026-06-11,醫療器材,4133,亞諾法,20.6
2026-06-11,醫療器材,4736,泰博,124.5
2026-06-11,醫療器材,6491,晶碩,323.5
2026-06-11,重電,1503,士電,215.0
2026-06-11,重電,1513,中興電,164.0
2026-06-11,重電,1519,華城,773.0
2026-06-11,重電,1609,大亞,36.3
2026-06-11,重電,1618,合機,42.15
2026-06-11,金控銀行,2880,華南金,35.65
2026-06-11,金控銀行,2881,富邦金,125.5
2026-06-11,金控銀行,2882,國泰金,100.5
2026-06-11,金控銀行,2884,玉山金,33.85
2026-06-11,金控銀行,2886,兆豐金,43.4
2026-06-11,鋼鐵,2002,中鋼,18.55
2026-06-11,鋼鐵,2006,東和鋼鐵,67.1
2026-06-11,鋼鐵,2014,中鴻,17.45
2026-06-11,鋼鐵,2027,大成鋼,42.55
2026-06-11,鋼鐵,2031,新光鋼,41.85
2026-06-11,雲端服務,3045,台灣大,119.0
2026-06-11,雲端服務,4994,傳奇,87.5
2026-06-11,雲端服務,8454,富邦媒,396.0
2026-06-11,電子檢測,2360,致茂,2190.0
2026-06-11,電子檢測,3130,一零四,223.5
2026-06-11,電子檢測,3563,牧德,682.0
2026-06-11,電線電纜,1605,華新,34.3
2026-06-11,電線電纜,1608,華榮,33.55
2026-06-11,電線電纜,1609,大亞,36.3
2026-06-11,電線電纜,1612,宏泰,37.1
2026-06-11,電線電纜,1618,合機,42.15
2026-06-11,面板,2409,友達,23.15
2026-06-11,面板,3481,群創,46.95
2026-06-11,面板,6116,彩晶,14.2
2026-06-11,食品製造,1201,味全,12.4
2026-06-11,食品製造,1203,味王,42.75
2026-06-11,食品製造,1210,大成,55.7
2026-06-11,食品製造,1215,卜蜂,117.5
2026-06-11,食品製造,1227,佳格,28.85
2026-06-11,食品製造,1231,聯華食,87.2
2026-06-11,飯店餐旅,2704,國賓,42.9
2026-06-11,飯店餐旅,2707,晶華,179.5
2026-06-11,飯店餐旅,2712,遠雄來,15.1
2026-06-11,飯店餐旅,2727,王品,244.0
2026-06-12,ABF載板,3037,欣興,902.0
2026-06-12,ABF載板,3189,景碩,610.0
2026-06-12,ABF載板,8046,南電,819.0
2026-06-12,AI伺服器,2317,鴻海,260.5
2026-06-12,AI伺服器,2382,廣達,372.0
2026-06-12,AI伺服器,3017,奇鋐,2405.0
2026-06-12,AI伺服器,3231,緯創,156.0
2026-06-12,AI伺服器,6669,緯穎,4850.0
2026-06-12,CCL銅箔基板,2383,台光電,4830.0
2026-06-12,CCL銅箔基板,6213,聯茂,252.5
2026-06-12,IC設計,2379,瑞昱,618.0
2026-06-12,IC設計,2454,聯發科,4180.0
2026-06-12,IC設計,3034,聯詠,488.5
2026-06-12,IC設計,3443,創意,4380.0
2026-06-12,IC設計,3661,世芯-KY,4105.0
2026-06-12,IC設計,5269,祥碩,1375.0
2026-06-12,LED光電,2393,億光,70.9
2026-06-12,LED光電,3031,佰鴻,28.0
2026-06-12,LED光電,3596,智易,182.5
2026-06-12,LED光電,3714,富采,64.4
2026-06-12,PCB,2313,華通,263.0
2026-06-12,PCB,2367,燿華,62.7
2026-06-12,PCB,3037,欣興,902.0
2026-06-12,PCB,3044,健鼎,497.0
2026-06-12,PCB,4958,臻鼎-KY,552.0
2026-06-12,PCB,5469,瀚宇博,83.7
2026-06-12,PCB,6191,精成科,93.8
2026-06-12,PCB,8046,南電,819.0
2026-06-12,保險,2851,中再保,37.15
2026-06-12,保險,2867,三商壽,8.24
2026-06-12,光學鏡頭,3008,大立光,4020.0
2026-06-12,光學鏡頭,3406,玉晶光,662.0
2026-06-12,光學鏡頭,3504,揚明光,74.7
2026-06-12,光通訊,3450,聯鈞,461.0
2026-06-12,光通訊,4977,眾達-KY,180.5
2026-06-12,光通訊,6442,光聖,1855.0
2026-06-12,其他綜合,9907,統一實,16.7
2026-06-12,其他綜合,9911,櫻花,84.3
2026-06-12,其他綜合,9924,福興,40.85
2026-06-12,其他綜合,9933,中鼎,40.95
2026-06-12,半導體設備,2467,志聖,552.0
2026-06-12,半導體設備,3583,辛耘,803.0
2026-06-12,半導體設備,6196,帆宣,548.0
2026-06-12,半導體通路,2347,聯強,89.1
2026-06-12,半導體通路,3036,文曄,228.5
2026-06-12,半導體通路,3702,大聯大,105.0
2026-06-12,半導體通路,8112,至上,98.8
2026-06-12,塑化,1301,台塑,45.25
2026-06-12,塑化,1303,南亞,106.5
2026-06-12,塑化,1304,台聚,12.7
2026-06-12,塑化,1305,華夏,12.65
2026-06-12,塑化,1308,亞聚,13.65
2026-06-12,塑化,1314,中石化,7.84
2026-06-12,太陽能,3576,聯合再生,19.8
2026-06-12,太陽能,6443,元晶,41.75
2026-06-12,太陽能,6477,安集,33.5
2026-06-12,太陽能,6806,森崴能源,4.04
2026-06-12,居家生活,2908,特力,21.25
2026-06-12,居家生活,8464,億豐,348.5
2026-06-12,居家生活,9934,成霖,10.5
2026-06-12,散熱,2421,建準,144.0
2026-06-12,散熱,3017,奇鋐,2405.0
2026-06-12,散熱,3653,健策,3690.0
2026-06-12,散熱,6230,尼得科超眾,133.0
2026-06-12,散裝航運,2605,新興,31.6
2026-06-12,散裝航運,2612,中航,55.4
2026-06-12,散裝航運,2617,台航,30.0
2026-06-12,散裝航運,2637,慧洋-KY,78.5
2026-06-12,機器人,1590,亞德客-KY,1290.0
2026-06-12,機器人,2049,上銀,323.5
2026-06-12,機器人,2308,台達電,2215.0
2026-06-12,機器人,2359,所羅門,134.5
2026-06-12,機器人,2464,盟立,149.0
2026-06-12,機器人,6166,凌華,128.5
2026-06-12,機能紡織,1402,遠東新,27.0
2026-06-12,機能紡織,1476,儒鴻,344.5
2026-06-12,機能紡織,1477,聚陽,224.0
2026-06-12,機能紡織,4438,廣越,61.3
2026-06-12,水泥,1101,台泥,24.55
2026-06-12,水泥,1102,亞泥,35.2
2026-06-12,水泥,1103,嘉泥,13.55
2026-06-12,水泥,1104,環泥,29.2
2026-06-12,汽車整車,2201,裕隆,27.8
2026-06-12,汽車整車,2204,中華,56.6
2026-06-12,汽車整車,2207,和泰車,461.0
2026-06-12,汽車零組件,1319,東陽,99.5
2026-06-12,汽車零組件,1521,大億,25.95
2026-06-12,汽車零組件,1536,和大,49.0
2026-06-12,汽車零組件,2227,裕日車,49.95
2026-06-12,汽車零組件,2231,為升,92.1
2026-06-12,汽車零組件,4551,智伸科,152.0
2026-06-12,營建,2501,國建,26.5
2026-06-12,營建,2520,冠德,35.0
2026-06-12,營建,2542,興富發,44.95
2026-06-12,營建,2548,華固,106.0
2026-06-12,營建,2608,嘉里大榮,30.2
2026-06-12,特用化學,1711,永光,43.3
2026-06-12,特用化學,1723,中碳,87.0
2026-06-12,特用化學,1773,勝一,180.0
2026-06-12,特用化學,4763,材料*-KY,44.45
2026-06-12,玻璃陶瓷,1802,台玻,64.1
2026-06-12,玻璃陶瓷,1806,冠軍,8.16
2026-06-12,玻璃陶瓷,1809,中釉,47.9
2026-06-12,玻璃陶瓷,1810,和成,20.55
2026-06-12,環保,8341,日友,81.2
2026-06-12,生技製藥,1707,葡萄王,104.0
2026-06-12,生技製藥,1720,生達,62.5
2026-06-12,生技製藥,1760,寶齡富錦,60.1
2026-06-12,生技製藥,1789,神隆,19.9
2026-06-12,百貨零售,2903,遠百,23.85
2026-06-12,百貨零售,2912,統一超,230.0
2026-06-12,百貨零售,5907,大洋-KY,5.05
2026-06-12,百貨零售,8454,富邦媒,356.5
2026-06-12,石化能源,1301,台塑,45.25
2026-06-12,石化能源,1303,南亞,106.5
2026-06-12,石化能源,1314,中石化,7.84
2026-06-12,石化能源,6505,台塑化,52.8
2026-06-12,石化能源,8926,台汽電,74.2
2026-06-12,系統整合,2427,三商電,22.65
2026-06-12,系統整合,2480,敦陽科,156.0
2026-06-12,系統整合,3029,零壹,103.5
2026-06-12,系統整合,6214,精誠,145.5
2026-06-12,網通,2345,智邦,2335.0
2026-06-12,網通,2412,中華電,145.0
2026-06-12,網通,4904,遠傳,109.0
2026-06-12,網通,5388,中磊,85.3
2026-06-12,網通,6285,啟碁,270.0
2026-06-12,自行車,9914,美利達,73.4
2026-06-12,自行車,9921,巨大,75.4
2026-06-12,航空,2610,華航,20.4
2026-06-12,航空,2618,長榮航,38.7
2026-06-12,航空,2646,星宇航空,20.6
2026-06-12,被動元件,2327,國巨*,855.0
2026-06-12,被動元件,2492,華新科,409.0
2026-06-12,被動元件,3026,禾伸堂,764.0
2026-06-12,記憶體,2337,旺宏,146.5
2026-06-12,記憶體,2344,華邦電,172.0
2026-06-12,記憶體,2408,南亞科,374.0
2026-06-12,記憶體,4967,十銓,272.0
2026-06-12,記憶體,8271,宇瞻,202.5
2026-06-12,貨櫃航運,2603,長榮,228.0
2026-06-12,貨櫃航運,2609,陽明,52.4
2026-06-12,貨櫃航運,2615,萬海,85.0
2026-06-12,輪胎橡膠,2101,南港,33.35
2026-06-12,輪胎橡膠,2103,台橡,22.1
2026-06-12,輪胎橡膠,2105,正新,34.25
2026-06-12,輪胎橡膠,2106,建大,18.05
2026-06-12,造紙,1904,正隆,22.9
2026-06-12,造紙,1905,華紙,12.9
2026-06-12,造紙,1907,永豐餘,25.8
2026-06-12,運動健身,1598,岱宇,20.95
2026-06-12,運動健身,1736,喬山,116.0
2026-06-12,運動健身,8462,柏文,145.5
2026-06-12,運動健身,9904,寶成,26.65
2026-06-12,醫療器材,4104,佳醫,69.7
2026-06-12,醫療器材,4133,亞諾法,20.6
2026-06-12,醫療器材,4736,泰博,124.5
2026-06-12,醫療器材,6491,晶碩,317.5
2026-06-12,重電,1503,士電,220.0
2026-06-12,重電,1513,中興電,167.0
2026-06-12,重電,1519,華城,791.0
2026-06-12,重電,1609,大亞,37.3
2026-06-12,重電,1618,合機,41.95
2026-06-12,金控銀行,2880,華南金,36.0
2026-06-12,金控銀行,2881,富邦金,122.0
2026-06-12,金控銀行,2882,國泰金,100.5
2026-06-12,金控銀行,2884,玉山金,34.35
2026-06-12,金控銀行,2886,兆豐金,43.4
2026-06-12,鋼鐵,2002,中鋼,18.9
2026-06-12,鋼鐵,2006,東和鋼鐵,68.5
2026-06-12,鋼鐵,2014,中鴻,18.0
2026-06-12,鋼鐵,2027,大成鋼,43.55
2026-06-12,鋼鐵,2031,新光鋼,41.75
2026-06-12,雲端服務,3045,台灣大,119.5
2026-06-12,雲端服務,4994,傳奇,87.1
2026-06-12,雲端服務,8454,富邦媒,356.5
2026-06-12,電子檢測,2360,致茂,2295.0
2026-06-12,電子檢測,3130,一零四,224.0
2026-06-12,電子檢測,3563,牧德,706.0
2026-06-12,電線電纜,1605,華新,37.7
2026-06-12,電線電纜,1608,華榮,34.4
2026-06-12,電線電纜,1609,大亞,37.3
2026-06-12,電線電纜,1612,宏泰,37.7
2026-06-12,電線電纜,1618,合機,41.95
2026-06-12,面板,2409,友達,23.5
2026-06-12,面板,3481,群創,48.55
2026-06-12,面板,6116,彩晶,15.6
2026-06-12,食品製造,1201,味全,12.5
2026-06-12,食品製造,1203,味王,42.8
2026-06-12,食品製造,1210,大成,55.3
2026-06-12,食品製造,1215,卜蜂,118.0
2026-06-12,食品製造,1227,佳格,29.1
2026-06-12,食品製造,1231,聯華食,89.1
2026-06-12,飯店餐旅,2704,國賓,43.5
2026-06-12,飯店餐旅,2707,晶華,179.5
2026-06-12,飯店餐旅,2712,遠雄來,15.1
2026-06-12,飯店餐旅,2727,王品,246.5
2026-06-15,ABF載板,3037,欣興,960.0
2026-06-15,ABF載板,3189,景碩,660.0
2026-06-15,ABF載板,8046,南電,860.0
2026-06-15,AI伺服器,2317,鴻海,267.5
2026-06-15,AI伺服器,2382,廣達,370.0
2026-06-15,AI伺服器,3017,奇鋐,2410.0
2026-06-15,AI伺服器,3231,緯創,161.5
2026-06-15,AI伺服器,6669,緯穎,4900.0
2026-06-15,CCL銅箔基板,2383,台光電,5030.0
2026-06-15,CCL銅箔基板,6213,聯茂,263.5
2026-06-15,IC設計,2379,瑞昱,634.0
2026-06-15,IC設計,2454,聯發科,4470.0
2026-06-15,IC設計,3034,聯詠,495.0
2026-06-15,IC設計,3443,創意,4815.0
2026-06-15,IC設計,3661,世芯-KY,4250.0
2026-06-15,IC設計,5269,祥碩,1380.0
2026-06-15,LED光電,2393,億光,70.5
2026-06-15,LED光電,3031,佰鴻,28.75
2026-06-15,LED光電,3596,智易,190.5
2026-06-15,LED光電,3714,富采,66.3
2026-06-15,PCB,2313,華通,257.5
2026-06-15,PCB,2367,燿華,62.8
2026-06-15,PCB,3037,欣興,960.0
2026-06-15,PCB,3044,健鼎,520.0
2026-06-15,PCB,4958,臻鼎-KY,590.0
2026-06-15,PCB,5469,瀚宇博,87.5
2026-06-15,PCB,6191,精成科,103.0
2026-06-15,PCB,8046,南電,860.0
2026-06-15,保險,2851,中再保,38.0
2026-06-15,保險,2867,三商壽,8.37
2026-06-15,光學鏡頭,3008,大立光,4420.0
2026-06-15,光學鏡頭,3406,玉晶光,728.0
2026-06-15,光學鏡頭,3504,揚明光,82.1
2026-06-15,光通訊,3450,聯鈞,507.0
2026-06-15,光通訊,4977,眾達-KY,180.0
2026-06-15,光通訊,6442,光聖,1920.0
2026-06-15,其他綜合,9907,統一實,16.75
2026-06-15,其他綜合,9911,櫻花,83.5
2026-06-15,其他綜合,9924,福興,40.9
2026-06-15,其他綜合,9933,中鼎,42.8
2026-06-15,半導體設備,2467,志聖,576.0
2026-06-15,半導體設備,3583,辛耘,817.0
2026-06-15,半導體設備,6196,帆宣,573.0
2026-06-15,半導體通路,2347,聯強,90.7
2026-06-15,半導體通路,3036,文曄,226.0
2026-06-15,半導體通路,3702,大聯大,107.5
2026-06-15,半導體通路,8112,至上,97.3
2026-06-15,塑化,1301,台塑,47.25
2026-06-15,塑化,1303,南亞,117.0
2026-06-15,塑化,1304,台聚,12.7
2026-06-15,塑化,1305,華夏,12.65
2026-06-15,塑化,1308,亞聚,13.45
2026-06-15,塑化,1314,中石化,7.82
2026-06-15,太陽能,3576,聯合再生,21.0
2026-06-15,太陽能,6443,元晶,41.2
2026-06-15,太陽能,6477,安集,33.5
2026-06-15,太陽能,6806,森崴能源,3.64
2026-06-15,居家生活,2908,特力,21.5
2026-06-15,居家生活,8464,億豐,344.0
2026-06-15,居家生活,9934,成霖,10.45
2026-06-15,散熱,2421,建準,143.0
2026-06-15,散熱,3017,奇鋐,2410.0
2026-06-15,散熱,3653,健策,3835.0
2026-06-15,散熱,6230,尼得科超眾,137.5
2026-06-15,散裝航運,2605,新興,32.1
2026-06-15,散裝航運,2612,中航,55.9
2026-06-15,散裝航運,2617,台航,30.25
2026-06-15,散裝航運,2637,慧洋-KY,79.2
2026-06-15,機器人,1590,亞德客-KY,1310.0
2026-06-15,機器人,2049,上銀,329.5
2026-06-15,機器人,2308,台達電,2210.0
2026-06-15,機器人,2359,所羅門,137.5
2026-06-15,機器人,2464,盟立,163.5
2026-06-15,機器人,6166,凌華,141.0
2026-06-15,機能紡織,1402,遠東新,27.55
2026-06-15,機能紡織,1476,儒鴻,343.5
2026-06-15,機能紡織,1477,聚陽,218.0
2026-06-15,機能紡織,4438,廣越,61.9
2026-06-15,水泥,1101,台泥,24.85
2026-06-15,水泥,1102,亞泥,35.45
2026-06-15,水泥,1103,嘉泥,13.7
2026-06-15,水泥,1104,環泥,29.1
2026-06-15,汽車整車,2201,裕隆,28.1
2026-06-15,汽車整車,2204,中華,55.7
2026-06-15,汽車整車,2207,和泰車,463.5
2026-06-15,汽車零組件,1319,東陽,105.0
2026-06-15,汽車零組件,1521,大億,26.2
2026-06-15,汽車零組件,1536,和大,49.95
2026-06-15,汽車零組件,2227,裕日車,50.5
2026-06-15,汽車零組件,2231,為升,94.3
2026-06-15,汽車零組件,4551,智伸科,167.0
2026-06-15,營建,2501,國建,27.0
2026-06-15,營建,2520,冠德,34.75
2026-06-15,營建,2542,興富發,45.45
2026-06-15,營建,2548,華固,103.0
2026-06-15,營建,2608,嘉里大榮,28.95
2026-06-15,特用化學,1711,永光,44.6
2026-06-15,特用化學,1723,中碳,90.0
2026-06-15,特用化學,1773,勝一,177.5
2026-06-15,特用化學,4763,材料*-KY,44.8
2026-06-15,玻璃陶瓷,1802,台玻,67.4
2026-06-15,玻璃陶瓷,1806,冠軍,8.19
2026-06-15,玻璃陶瓷,1809,中釉,51.5
2026-06-15,玻璃陶瓷,1810,和成,20.45
2026-06-15,環保,8341,日友,81.0
2026-06-15,生技製藥,1707,葡萄王,103.0
2026-06-15,生技製藥,1720,生達,62.8
2026-06-15,生技製藥,1760,寶齡富錦,60.0
2026-06-15,生技製藥,1789,神隆,20.1
2026-06-15,百貨零售,2903,遠百,24.2
2026-06-15,百貨零售,2912,統一超,228.0
2026-06-15,百貨零售,5907,大洋-KY,5.0
2026-06-15,百貨零售,8454,富邦媒,321.0
2026-06-15,石化能源,1301,台塑,47.25
2026-06-15,石化能源,1303,南亞,117.0
2026-06-15,石化能源,1314,中石化,7.82
2026-06-15,石化能源,6505,台塑化,53.3
2026-06-15,石化能源,8926,台汽電,72.4
2026-06-15,系統整合,2427,三商電,22.5
2026-06-15,系統整合,2480,敦陽科,156.5
2026-06-15,系統整合,3029,零壹,104.5
2026-06-15,系統整合,6214,精誠,143.0
2026-06-15,網通,2345,智邦,2430.0
2026-06-15,網通,2412,中華電,145.5
2026-06-15,網通,4904,遠傳,110.0
2026-06-15,網通,5388,中磊,86.5
2026-06-15,網通,6285,啟碁,274.5
2026-06-15,自行車,9914,美利達,73.7
2026-06-15,自行車,9921,巨大,76.2
2026-06-15,航空,2610,華航,21.4
2026-06-15,航空,2618,長榮航,39.95
2026-06-15,航空,2646,星宇航空,21.25
2026-06-15,被動元件,2327,國巨*,940.0
2026-06-15,被動元件,2492,華新科,449.5
2026-06-15,被動元件,3026,禾伸堂,840.0
2026-06-15,記憶體,2337,旺宏,159.0
2026-06-15,記憶體,2344,華邦電,189.0
2026-06-15,記憶體,2408,南亞科,395.5
2026-06-15,記憶體,4967,十銓,277.0
2026-06-15,記憶體,8271,宇瞻,208.5
2026-06-15,貨櫃航運,2603,長榮,224.5
2026-06-15,貨櫃航運,2609,陽明,51.2
2026-06-15,貨櫃航運,2615,萬海,83.5
2026-06-15,輪胎橡膠,2101,南港,33.65
2026-06-15,輪胎橡膠,2103,台橡,22.3
2026-06-15,輪胎橡膠,2105,正新,33.9
2026-06-15,輪胎橡膠,2106,建大,18.1
2026-06-15,造紙,1904,正隆,22.8
2026-06-15,造紙,1905,華紙,12.9
2026-06-15,造紙,1907,永豐餘,26.25
2026-06-15,運動健身,1598,岱宇,21.0
2026-06-15,運動健身,1736,喬山,117.5
2026-06-15,運動健身,8462,柏文,145.0
2026-06-15,運動健身,9904,寶成,26.65
2026-06-15,醫療器材,4104,佳醫,69.6
2026-06-15,醫療器材,4133,亞諾法,20.8
2026-06-15,醫療器材,4736,泰博,124.5
2026-06-15,醫療器材,6491,晶碩,311.0
2026-06-15,重電,1503,士電,225.5
2026-06-15,重電,1513,中興電,170.0
2026-06-15,重電,1519,華城,789.0
2026-06-15,重電,1609,大亞,38.3
2026-06-15,重電,1618,合機,42.45
2026-06-15,金控銀行,2880,華南金,36.7
2026-06-15,金控銀行,2881,富邦金,127.5
2026-06-15,金控銀行,2882,國泰金,104.0
2026-06-15,金控銀行,2884,玉山金,34.65
2026-06-15,金控銀行,2886,兆豐金,44.0
2026-06-15,鋼鐵,2002,中鋼,19.0
2026-06-15,鋼鐵,2006,東和鋼鐵,69.0
2026-06-15,鋼鐵,2014,中鴻,18.15
2026-06-15,鋼鐵,2027,大成鋼,43.65
2026-06-15,鋼鐵,2031,新光鋼,39.0
2026-06-15,雲端服務,3045,台灣大,119.5
2026-06-15,雲端服務,4994,傳奇,86.6
2026-06-15,雲端服務,8454,富邦媒,321.0
2026-06-15,電子檢測,2360,致茂,2265.0
2026-06-15,電子檢測,3130,一零四,227.0
2026-06-15,電子檢測,3563,牧德,722.0
2026-06-15,電線電纜,1605,華新,40.0
2026-06-15,電線電纜,1608,華榮,35.25
2026-06-15,電線電纜,1609,大亞,38.3
2026-06-15,電線電纜,1612,宏泰,38.1
2026-06-15,電線電纜,1618,合機,42.45
2026-06-15,面板,2409,友達,24.1
2026-06-15,面板,3481,群創,51.4
2026-06-15,面板,6116,彩晶,16.5
2026-06-15,食品製造,1201,味全,12.5
2026-06-15,食品製造,1203,味王,43.65
2026-06-15,食品製造,1210,大成,55.8
2026-06-15,食品製造,1215,卜蜂,115.5
2026-06-15,食品製造,1227,佳格,28.95
2026-06-15,食品製造,1231,聯華食,87.6
2026-06-15,飯店餐旅,2704,國賓,44.35
2026-06-15,飯店餐旅,2707,晶華,178.0
2026-06-15,飯店餐旅,2712,遠雄來,15.1
2026-06-15,飯店餐旅,2727,王品,244.0
2026-06-16,ABF載板,3037,欣興,981.0
2026-06-16,ABF載板,3189,景碩,642.0
2026-06-16,ABF載板,8046,南電,902.0
2026-06-16,AI伺服器,2317,鴻海,269.0
2026-06-16,AI伺服器,2382,廣達,362.5
2026-06-16,AI伺服器,3017,奇鋐,2370.0
2026-06-16,AI伺服器,3231,緯創,158.0
2026-06-16,AI伺服器,6669,緯穎,4880.0
2026-06-16,CCL銅箔基板,2383,台光電,5120.0
2026-06-16,CCL銅箔基板,6213,聯茂,258.0
2026-06-16,IC設計,2379,瑞昱,678.0
2026-06-16,IC設計,2454,聯發科,4560.0
2026-06-16,IC設計,3034,聯詠,500.0
2026-06-16,IC設計,3443,創意,4920.0
2026-06-16,IC設計,3661,世芯-KY,4315.0
2026-06-16,IC設計,5269,祥碩,1380.0
2026-06-16,LED光電,2393,億光,70.8
2026-06-16,LED光電,3031,佰鴻,28.25
2026-06-16,LED光電,3596,智易,186.5
2026-06-16,LED光電,3714,富采,64.3
2026-06-16,PCB,2313,華通,249.0
2026-06-16,PCB,2367,燿華,60.7
2026-06-16,PCB,3037,欣興,981.0
2026-06-16,PCB,3044,健鼎,546.0
2026-06-16,PCB,4958,臻鼎-KY,624.0
2026-06-16,PCB,5469,瀚宇博,85.7
2026-06-16,PCB,6191,精成科,100.5
2026-06-16,PCB,8046,南電,902.0
2026-06-16,保險,2851,中再保,39.75
2026-06-16,保險,2867,三商壽,8.53
2026-06-16,光學鏡頭,3008,大立光,4860.0
2026-06-16,光學鏡頭,3406,玉晶光,744.0
2026-06-16,光學鏡頭,3504,揚明光,89.4
2026-06-16,光通訊,3450,聯鈞,499.5
2026-06-16,光通訊,4977,眾達-KY,180.5
2026-06-16,光通訊,6442,光聖,1875.0
2026-06-16,其他綜合,9907,統一實,16.65
2026-06-16,其他綜合,9911,櫻花,83.3
2026-06-16,其他綜合,9924,福興,40.5
2026-06-16,其他綜合,9933,中鼎,42.35
2026-06-16,半導體設備,2467,志聖,564.0
2026-06-16,半導體設備,3583,辛耘,817.0
2026-06-16,半導體設備,6196,帆宣,541.0
2026-06-16,半導體通路,2347,聯強,93.0
2026-06-16,半導體通路,3036,文曄,219.0
2026-06-16,半導體通路,3702,大聯大,109.0
2026-06-16,半導體通路,8112,至上,95.8
2026-06-16,塑化,1301,台塑,46.75
2026-06-16,塑化,1303,南亞,115.0
2026-06-16,塑化,1304,台聚,12.75
2026-06-16,塑化,1305,華夏,12.65
2026-06-16,塑化,1308,亞聚,13.5
2026-06-16,塑化,1314,中石化,7.68
2026-06-16,太陽能,3576,聯合再生,19.0
2026-06-16,太陽能,6443,元晶,39.05
2026-06-16,太陽能,6477,安集,32.05
2026-06-16,太陽能,6806,森崴能源,3.64
2026-06-16,居家生活,2908,特力,21.2
2026-06-16,居家生活,8464,億豐,351.0
2026-06-16,居家生活,9934,成霖,10.3
2026-06-16,散熱,2421,建準,142.5
2026-06-16,散熱,3017,奇鋐,2370.0
2026-06-16,散熱,3653,健策,3785.0
2026-06-16,散熱,6230,尼得科超眾,133.5
2026-06-16,散裝航運,2605,新興,31.8
2026-06-16,散裝航運,2612,中航,54.8
2026-06-16,散裝航運,2617,台航,30.2
2026-06-16,散裝航運,2637,慧洋-KY,78.4
2026-06-16,機器人,1590,亞德客-KY,1295.0
2026-06-16,機器人,2049,上銀,324.5
2026-06-16,機器人,2308,台達電,2230.0
2026-06-16,機器人,2359,所羅門,133.0
2026-06-16,機器人,2464,盟立,179.5
2026-06-16,機器人,6166,凌華,138.0
2026-06-16,機能紡織,1402,遠東新,28.55
2026-06-16,機能紡織,1476,儒鴻,343.5
2026-06-16,機能紡織,1477,聚陽,219.5
2026-06-16,機能紡織,4438,廣越,62.0
2026-06-16,水泥,1101,台泥,24.5
2026-06-16,水泥,1102,亞泥,35.6
2026-06-16,水泥,1103,嘉泥,13.7
2026-06-16,水泥,1104,環泥,29.1
2026-06-16,汽車整車,2201,裕隆,28.15
2026-06-16,汽車整車,2204,中華,55.6
2026-06-16,汽車整車,2207,和泰車,468.5
2026-06-16,汽車零組件,1319,東陽,100.0
2026-06-16,汽車零組件,1521,大億,26.55
2026-06-16,汽車零組件,1536,和大,48.9
2026-06-16,汽車零組件,2227,裕日車,50.5
2026-06-16,汽車零組件,2231,為升,95.0
2026-06-16,汽車零組件,4551,智伸科,183.5
2026-06-16,營建,2501,國建,25.75
2026-06-16,營建,2520,冠德,34.5
2026-06-16,營建,2542,興富發,45.05
2026-06-16,營建,2548,華固,104.0
2026-06-16,營建,2608,嘉里大榮,29.05
2026-06-16,特用化學,1711,永光,43.15
2026-06-16,特用化學,1723,中碳,88.4
2026-06-16,特用化學,1773,勝一,177.5
2026-06-16,特用化學,4763,材料*-KY,44.8
2026-06-16,玻璃陶瓷,1802,台玻,68.2
2026-06-16,玻璃陶瓷,1806,冠軍,8.16
2026-06-16,玻璃陶瓷,1809,中釉,49.5
2026-06-16,玻璃陶瓷,1810,和成,19.85
2026-06-16,環保,8341,日友,80.0
2026-06-16,生技製藥,1707,葡萄王,103.0
2026-06-16,生技製藥,1720,生達,62.6
2026-06-16,生技製藥,1760,寶齡富錦,59.6
2026-06-16,生技製藥,1789,神隆,20.05
2026-06-16,百貨零售,2903,遠百,24.05
2026-06-16,百貨零售,2912,統一超,228.0
2026-06-16,百貨零售,5907,大洋-KY,4.99
2026-06-16,百貨零售,8454,富邦媒,321.0
2026-06-16,石化能源,1301,台塑,46.75
2026-06-16,石化能源,1303,南亞,115.0
2026-06-16,石化能源,1314,中石化,7.68
2026-06-16,石化能源,6505,台塑化,52.7
2026-06-16,石化能源,8926,台汽電,76.8
2026-06-16,系統整合,2427,三商電,22.05
2026-06-16,系統整合,2480,敦陽科,147.0
2026-06-16,系統整合,3029,零壹,102.0
2026-06-16,系統整合,6214,精誠,141.0
2026-06-16,網通,2345,智邦,2520.0
2026-06-16,網通,2412,中華電,146.5
2026-06-16,網通,4904,遠傳,112.5
2026-06-16,網通,5388,中磊,84.2
2026-06-16,網通,6285,啟碁,265.5
2026-06-16,自行車,9914,美利達,74.1
2026-06-16,自行車,9921,巨大,76.7
2026-06-16,航空,2610,華航,21.2
2026-06-16,航空,2618,長榮航,39.75
2026-06-16,航空,2646,星宇航空,21.05
2026-06-16,被動元件,2327,國巨*,950.0
2026-06-16,被動元件,2492,華新科,494.0
2026-06-16,被動元件,3026,禾伸堂,815.0
2026-06-16,記憶體,2337,旺宏,166.5
2026-06-16,記憶體,2344,華邦電,197.0
2026-06-16,記憶體,2408,南亞科,425.0
2026-06-16,記憶體,4967,十銓,275.0
2026-06-16,記憶體,8271,宇瞻,206.0
2026-06-16,貨櫃航運,2603,長榮,220.5
2026-06-16,貨櫃航運,2609,陽明,51.0
2026-06-16,貨櫃航運,2615,萬海,81.5
2026-06-16,輪胎橡膠,2101,南港,33.45
2026-06-16,輪胎橡膠,2103,台橡,22.05
2026-06-16,輪胎橡膠,2105,正新,33.95
2026-06-16,輪胎橡膠,2106,建大,18.05
2026-06-16,造紙,1904,正隆,23.05
2026-06-16,造紙,1905,華紙,14.15
2026-06-16,造紙,1907,永豐餘,26.95
2026-06-16,運動健身,1598,岱宇,20.8
2026-06-16,運動健身,1736,喬山,117.5
2026-06-16,運動健身,8462,柏文,146.0
2026-06-16,運動健身,9904,寶成,26.2
2026-06-16,醫療器材,4104,佳醫,69.5
2026-06-16,醫療器材,4133,亞諾法,20.6
2026-06-16,醫療器材,4736,泰博,126.0
2026-06-16,醫療器材,6491,晶碩,311.0
2026-06-16,重電,1503,士電,224.5
2026-06-16,重電,1513,中興電,168.5
2026-06-16,重電,1519,華城,781.0
2026-06-16,重電,1609,大亞,37.75
2026-06-16,重電,1618,合機,42.05
2026-06-16,金控銀行,2880,華南金,37.45
2026-06-16,金控銀行,2881,富邦金,132.0
2026-06-16,金控銀行,2882,國泰金,109.5
2026-06-16,金控銀行,2884,玉山金,35.2
2026-06-16,金控銀行,2886,兆豐金,44.5
2026-06-16,鋼鐵,2002,中鋼,18.65
2026-06-16,鋼鐵,2006,東和鋼鐵,68.7
2026-06-16,鋼鐵,2014,中鴻,17.85
2026-06-16,鋼鐵,2027,大成鋼,41.7
2026-06-16,鋼鐵,2031,新光鋼,38.45
2026-06-16,雲端服務,3045,台灣大,120.5
2026-06-16,雲端服務,4994,傳奇,93.0
2026-06-16,雲端服務,8454,富邦媒,321.0
2026-06-16,電子檢測,2360,致茂,2325.0
2026-06-16,電子檢測,3130,一零四,225.5
2026-06-16,電子檢測,3563,牧德,705.0
2026-06-16,電線電纜,1605,華新,39.15
2026-06-16,電線電纜,1608,華榮,34.55
2026-06-16,電線電纜,1609,大亞,37.75
2026-06-16,電線電纜,1612,宏泰,37.85
2026-06-16,電線電纜,1618,合機,42.05
2026-06-16,面板,2409,友達,23.9
2026-06-16,面板,3481,群創,53.3
2026-06-16,面板,6116,彩晶,16.6
2026-06-16,食品製造,1201,味全,12.4
2026-06-16,食品製造,1203,味王,43.15
2026-06-16,食品製造,1210,大成,55.6
2026-06-16,食品製造,1215,卜蜂,115.5
2026-06-16,食品製造,1227,佳格,28.85
2026-06-16,食品製造,1231,聯華食,87.4
2026-06-16,飯店餐旅,2704,國賓,44.6
2026-06-16,飯店餐旅,2707,晶華,180.0
2026-06-16,飯店餐旅,2712,遠雄來,15.25
2026-06-16,飯店餐旅,2727,王品,244.0
2026-06-17,ABF載板,3037,欣興,988.0
2026-06-17,ABF載板,3189,景碩,706.0
2026-06-17,ABF載板,8046,南電,885.0
2026-06-17,AI伺服器,2317,鴻海,272.0
2026-06-17,AI伺服器,2382,廣達,374.0
2026-06-17,AI伺服器,3017,奇鋐,2365.0
2026-06-17,AI伺服器,3231,緯創,162.5
2026-06-17,AI伺服器,6669,緯穎,5080.0
2026-06-17,CCL銅箔基板,2383,台光電,5200.0
2026-06-17,CCL銅箔基板,6213,聯茂,267.5
2026-06-17,IC設計,2379,瑞昱,745.0
2026-06-17,IC設計,2454,聯發科,4460.0
2026-06-17,IC設計,3034,聯詠,515.0
2026-06-17,IC設計,3443,創意,5075.0
2026-06-17,IC設計,3661,世芯-KY,4320.0
2026-06-17,IC設計,5269,祥碩,1425.0
2026-06-17,LED光電,2393,億光,71.5
2026-06-17,LED光電,3031,佰鴻,28.3
2026-06-17,LED光電,3596,智易,193.5
2026-06-17,LED光電,3714,富采,65.9
2026-06-17,PCB,2313,華通,264.0
2026-06-17,PCB,2367,燿華,62.5
2026-06-17,PCB,3037,欣興,988.0
2026-06-17,PCB,3044,健鼎,571.0
2026-06-17,PCB,4958,臻鼎-KY,639.0
2026-06-17,PCB,5469,瀚宇博,86.6
2026-06-17,PCB,6191,精成科,100.0
2026-06-17,PCB,8046,南電,885.0
2026-06-17,保險,2851,中再保,40.55
2026-06-17,保險,2867,三商壽,8.62
2026-06-17,光學鏡頭,3008,大立光,5145.0
2026-06-17,光學鏡頭,3406,玉晶光,722.0
2026-06-17,光學鏡頭,3504,揚明光,86.5
2026-06-17,光通訊,3450,聯鈞,514.0
2026-06-17,光通訊,4977,眾達-KY,179.0
2026-06-17,光通訊,6442,光聖,1835.0
2026-06-17,其他綜合,9907,統一實,16.65
2026-06-17,其他綜合,9911,櫻花,82.9
2026-06-17,其他綜合,9924,福興,40.45
2026-06-17,其他綜合,9933,中鼎,43.05
2026-06-17,半導體設備,2467,志聖,585.0
2026-06-17,半導體設備,3583,辛耘,827.0
2026-06-17,半導體設備,6196,帆宣,541.0
2026-06-17,半導體通路,2347,聯強,92.4
2026-06-17,半導體通路,3036,文曄,224.0
2026-06-17,半導體通路,3702,大聯大,107.0
2026-06-17,半導體通路,8112,至上,96.8
2026-06-17,塑化,1301,台塑,47.95
2026-06-17,塑化,1303,南亞,126.5
2026-06-17,塑化,1304,台聚,12.95
2026-06-17,塑化,1305,華夏,12.8
2026-06-17,塑化,1308,亞聚,13.7
2026-06-17,塑化,1314,中石化,7.62
2026-06-17,太陽能,3576,聯合再生,19.15
2026-06-17,太陽能,6443,元晶,40.55
2026-06-17,太陽能,6477,安集,32.55
2026-06-17,太陽能,6806,森崴能源,3.6
2026-06-17,居家生活,2908,特力,20.8
2026-06-17,居家生活,8464,億豐,349.5
2026-06-17,居家生活,9934,成霖,10.4
2026-06-17,散熱,2421,建準,144.5
2026-06-17,散熱,3017,奇鋐,2365.0
2026-06-17,散熱,3653,健策,3990.0
2026-06-17,散熱,6230,尼得科超眾,135.0
2026-06-17,散裝航運,2605,新興,32.45
2026-06-17,散裝航運,2612,中航,54.4
2026-06-17,散裝航運,2617,台航,30.15
2026-06-17,散裝航運,2637,慧洋-KY,77.4
2026-06-17,機器人,1590,亞德客-KY,1320.0
2026-06-17,機器人,2049,上銀,324.0
2026-06-17,機器人,2308,台達電,2155.0
2026-06-17,機器人,2359,所羅門,132.0
2026-06-17,機器人,2464,盟立,166.0
2026-06-17,機器人,6166,凌華,142.5
2026-06-17,機能紡織,1402,遠東新,28.8
2026-06-17,機能紡織,1476,儒鴻,323.5
2026-06-17,機能紡織,1477,聚陽,217.0
2026-06-17,機能紡織,4438,廣越,61.9
2026-06-17,水泥,1101,台泥,24.55
2026-06-17,水泥,1102,亞泥,35.55
2026-06-17,水泥,1103,嘉泥,13.8
2026-06-17,水泥,1104,環泥,29.1
2026-06-17,汽車整車,2201,裕隆,28.15
2026-06-17,汽車整車,2204,中華,56.2
2026-06-17,汽車整車,2207,和泰車,461.5
2026-06-17,汽車零組件,1319,東陽,102.5
2026-06-17,汽車零組件,1521,大億,26.55
2026-06-17,汽車零組件,1536,和大,48.75
2026-06-17,汽車零組件,2227,裕日車,49.7
2026-06-17,汽車零組件,2231,為升,92.9
2026-06-17,汽車零組件,4551,智伸科,201.5
2026-06-17,營建,2501,國建,27.0
2026-06-17,營建,2520,冠德,36.15
2026-06-17,營建,2542,興富發,45.45
2026-06-17,營建,2548,華固,108.0
2026-06-17,營建,2608,嘉里大榮,29.05
2026-06-17,特用化學,1711,永光,44.45
2026-06-17,特用化學,1723,中碳,87.1
2026-06-17,特用化學,1773,勝一,174.5
2026-06-17,特用化學,4763,材料*-KY,44.55
2026-06-17,玻璃陶瓷,1802,台玻,69.3
2026-06-17,玻璃陶瓷,1806,冠軍,8.17
2026-06-17,玻璃陶瓷,1809,中釉,51.7
2026-06-17,玻璃陶瓷,1810,和成,20.2
2026-06-17,環保,8341,日友,79.8
2026-06-17,生技製藥,1707,葡萄王,99.7
2026-06-17,生技製藥,1720,生達,62.7
2026-06-17,生技製藥,1760,寶齡富錦,59.9
2026-06-17,生技製藥,1789,神隆,21.2
2026-06-17,百貨零售,2903,遠百,24.15
2026-06-17,百貨零售,2912,統一超,229.0
2026-06-17,百貨零售,5907,大洋-KY,5.09
2026-06-17,百貨零售,8454,富邦媒,315.0
2026-06-17,石化能源,1301,台塑,47.95
2026-06-17,石化能源,1303,南亞,126.5
2026-06-17,石化能源,1314,中石化,7.62
2026-06-17,石化能源,6505,台塑化,52.6
2026-06-17,石化能源,8926,台汽電,79.4
2026-06-17,系統整合,2427,三商電,22.75
2026-06-17,系統整合,2480,敦陽科,147.5
2026-06-17,系統整合,3029,零壹,102.0
2026-06-17,系統整合,6214,精誠,141.0
2026-06-17,網通,2345,智邦,2495.0
2026-06-17,網通,2412,中華電,145.5
2026-06-17,網通,4904,遠傳,109.5
2026-06-17,網通,5388,中磊,85.3
2026-06-17,網通,6285,啟碁,270.5
2026-06-17,自行車,9914,美利達,73.0
2026-06-17,自行車,9921,巨大,75.2
2026-06-17,航空,2610,華航,21.85
2026-06-17,航空,2618,長榮航,42.55
2026-06-17,航空,2646,星宇航空,21.2
2026-06-17,被動元件,2327,國巨*,984.0
2026-06-17,被動元件,2492,華新科,542.0
2026-06-17,被動元件,3026,禾伸堂,896.0
2026-06-17,記憶體,2337,旺宏,161.5
2026-06-17,記憶體,2344,華邦電,199.0
2026-06-17,記憶體,2408,南亞科,437.0
2026-06-17,記憶體,4967,十銓,275.0
2026-06-17,記憶體,8271,宇瞻,208.5
2026-06-17,貨櫃航運,2603,長榮,194.0
2026-06-17,貨櫃航運,2609,陽明,51.6
2026-06-17,貨櫃航運,2615,萬海,80.4
2026-06-17,輪胎橡膠,2101,南港,33.3
2026-06-17,輪胎橡膠,2103,台橡,21.2
2026-06-17,輪胎橡膠,2105,正新,29.7
2026-06-17,輪胎橡膠,2106,建大,17.75
2026-06-17,造紙,1904,正隆,23.0
2026-06-17,造紙,1905,華紙,15.55
2026-06-17,造紙,1907,永豐餘,27.5
2026-06-17,運動健身,1598,岱宇,20.45
2026-06-17,運動健身,1736,喬山,118.0
2026-06-17,運動健身,8462,柏文,144.5
2026-06-17,運動健身,9904,寶成,26.45
2026-06-17,醫療器材,4104,佳醫,69.5
2026-06-17,醫療器材,4133,亞諾法,20.7
2026-06-17,醫療器材,4736,泰博,126.0
2026-06-17,醫療器材,6491,晶碩,311.5
2026-06-17,重電,1503,士電,236.5
2026-06-17,重電,1513,中興電,172.0
2026-06-17,重電,1519,華城,803.0
2026-06-17,重電,1609,大亞,38.1
2026-06-17,重電,1618,合機,41.9
2026-06-17,金控銀行,2880,華南金,38.1
2026-06-17,金控銀行,2881,富邦金,135.5
2026-06-17,金控銀行,2882,國泰金,113.5
2026-06-17,金控銀行,2884,玉山金,35.5
2026-06-17,金控銀行,2886,兆豐金,45.1
2026-06-17,鋼鐵,2002,中鋼,18.75
2026-06-17,鋼鐵,2006,東和鋼鐵,69.6
2026-06-17,鋼鐵,2014,中鴻,17.65
2026-06-17,鋼鐵,2027,大成鋼,41.7
2026-06-17,鋼鐵,2031,新光鋼,39.1
2026-06-17,雲端服務,3045,台灣大,119.0
2026-06-17,雲端服務,4994,傳奇,92.9
2026-06-17,雲端服務,8454,富邦媒,315.0
2026-06-17,電子檢測,2360,致茂,2230.0
2026-06-17,電子檢測,3130,一零四,224.0
2026-06-17,電子檢測,3563,牧德,702.0
2026-06-17,電線電纜,1605,華新,38.7
2026-06-17,電線電纜,1608,華榮,34.75
2026-06-17,電線電纜,1609,大亞,38.1
2026-06-17,電線電纜,1612,宏泰,38.05
2026-06-17,電線電纜,1618,合機,41.9
2026-06-17,面板,2409,友達,26.25
2026-06-17,面板,3481,群創,58.6
2026-06-17,面板,6116,彩晶,18.25
2026-06-17,食品製造,1201,味全,12.45
2026-06-17,食品製造,1203,味王,43.15
2026-06-17,食品製造,1210,大成,55.1
2026-06-17,食品製造,1215,卜蜂,116.5
2026-06-17,食品製造,1227,佳格,28.85
2026-06-17,食品製造,1231,聯華食,87.0
2026-06-17,飯店餐旅,2704,國賓,46.1
2026-06-17,飯店餐旅,2707,晶華,180.0
2026-06-17,飯店餐旅,2712,遠雄來,15.25
2026-06-17,飯店餐旅,2727,王品,244.0
2026-06-18,ABF載板,3037,欣興,968.0
2026-06-18,ABF載板,3189,景碩,724.0
2026-06-18,ABF載板,8046,南電,874.0
2026-06-18,AI伺服器,2317,鴻海,268.5
2026-06-18,AI伺服器,2382,廣達,376.0
2026-06-18,AI伺服器,3017,奇鋐,2400.0
2026-06-18,AI伺服器,3231,緯創,161.5
2026-06-18,AI伺服器,6669,緯穎,5130.0
2026-06-18,CCL銅箔基板,2383,台光電,5600.0
2026-06-18,CCL銅箔基板,6213,聯茂,280.0
2026-06-18,IC設計,2379,瑞昱,819.0
2026-06-18,IC設計,2454,聯發科,4390.0
2026-06-18,IC設計,3034,聯詠,516.0
2026-06-18,IC設計,3443,創意,4860.0
2026-06-18,IC設計,3661,世芯-KY,4380.0
2026-06-18,IC設計,5269,祥碩,1455.0
2026-06-18,LED光電,2393,億光,70.6
2026-06-18,LED光電,3031,佰鴻,28.0
2026-06-18,LED光電,3596,智易,191.5
2026-06-18,LED光電,3714,富采,67.2
2026-06-18,PCB,2313,華通,259.5
2026-06-18,PCB,2367,燿華,61.3
2026-06-18,PCB,3037,欣興,968.0
2026-06-18,PCB,3044,健鼎,573.0
2026-06-18,PCB,4958,臻鼎-KY,642.0
2026-06-18,PCB,5469,瀚宇博,86.8
2026-06-18,PCB,6191,精成科,100.5
2026-06-18,PCB,8046,南電,874.0
2026-06-18,保險,2851,中再保,39.0
2026-06-18,保險,2867,三商壽,8.74
2026-06-18,光學鏡頭,3008,大立光,5195.0
2026-06-18,光學鏡頭,3406,玉晶光,753.0
2026-06-18,光學鏡頭,3504,揚明光,91.2
2026-06-18,光通訊,3450,聯鈞,565.0
2026-06-18,光通訊,4977,眾達-KY,184.5
2026-06-18,光通訊,6442,光聖,1945.0
2026-06-18,其他綜合,9907,統一實,16.7
2026-06-18,其他綜合,9911,櫻花,82.5
2026-06-18,其他綜合,9924,福興,40.65
2026-06-18,其他綜合,9933,中鼎,42.65
2026-06-18,半導體設備,2467,志聖,599.0
2026-06-18,半導體設備,3583,辛耘,889.0
2026-06-18,半導體設備,6196,帆宣,567.0
2026-06-18,半導體通路,2347,聯強,93.4
2026-06-18,半導體通路,3036,文曄,222.5
2026-06-18,半導體通路,3702,大聯大,112.0
2026-06-18,半導體通路,8112,至上,98.2
2026-06-18,塑化,1301,台塑,51.7
2026-06-18,塑化,1303,南亞,139.0
2026-06-18,塑化,1304,台聚,13.55
2026-06-18,塑化,1305,華夏,13.25
2026-06-18,塑化,1308,亞聚,13.95
2026-06-18,塑化,1314,中石化,7.78
2026-06-18,太陽能,3576,聯合再生,18.0
2026-06-18,太陽能,6443,元晶,39.35
2026-06-18,太陽能,6477,安集,32.05
2026-06-18,太陽能,6806,森崴能源,3.24
2026-06-18,居家生活,2908,特力,20.8
2026-06-18,居家生活,8464,億豐,358.0
2026-06-18,居家生活,9934,成霖,10.2
2026-06-18,散熱,2421,建準,145.0
2026-06-18,散熱,3017,奇鋐,2400.0
2026-06-18,散熱,3653,健策,3965.0
2026-06-18,散熱,6230,尼得科超眾,132.5
2026-06-18,散裝航運,2605,新興,31.0
2026-06-18,散裝航運,2612,中航,53.7
2026-06-18,散裝航運,2617,台航,29.85
2026-06-18,散裝航運,2637,慧洋-KY,77.4
2026-06-18,機器人,1590,亞德客-KY,1380.0
2026-06-18,機器人,2049,上銀,335.0
2026-06-18,機器人,2308,台達電,2150.0
2026-06-18,機器人,2359,所羅門,134.0
2026-06-18,機器人,2464,盟立,172.0
2026-06-18,機器人,6166,凌華,155.5
2026-06-18,機能紡織,1402,遠東新,28.85
2026-06-18,機能紡織,1476,儒鴻,327.0
2026-06-18,機能紡織,1477,聚陽,221.5
2026-06-18,機能紡織,4438,廣越,61.1
2026-06-18,水泥,1101,台泥,24.5
2026-06-18,水泥,1102,亞泥,35.8
2026-06-18,水泥,1103,嘉泥,13.8
2026-06-18,水泥,1104,環泥,29.1
2026-06-18,汽車整車,2201,裕隆,28.1
2026-06-18,汽車整車,2204,中華,55.3
2026-06-18,汽車整車,2207,和泰車,482.0
2026-06-18,汽車零組件,1319,東陽,99.2
2026-06-18,汽車零組件,1521,大億,26.6
2026-06-18,汽車零組件,1536,和大,48.7
2026-06-18,汽車零組件,2227,裕日車,49.3
2026-06-18,汽車零組件,2231,為升,92.9
2026-06-18,汽車零組件,4551,智伸科,221.5
2026-06-18,營建,2501,國建,26.85
2026-06-18,營建,2520,冠德,36.4
2026-06-18,營建,2542,興富發,44.75
2026-06-18,營建,2548,華固,103.5
2026-06-18,營建,2608,嘉里大榮,29.1
2026-06-18,特用化學,1711,永光,45.3
2026-06-18,特用化學,1723,中碳,87.0
2026-06-18,特用化學,1773,勝一,180.0
2026-06-18,特用化學,4763,材料*-KY,44.3
2026-06-18,玻璃陶瓷,1802,台玻,71.3
2026-06-18,玻璃陶瓷,1806,冠軍,8.22
2026-06-18,玻璃陶瓷,1809,中釉,51.4
2026-06-18,玻璃陶瓷,1810,和成,19.9
2026-06-18,環保,8341,日友,79.6
2026-06-18,生技製藥,1707,葡萄王,99.7
2026-06-18,生技製藥,1720,生達,62.9
2026-06-18,生技製藥,1760,寶齡富錦,59.9
2026-06-18,生技製藥,1789,神隆,20.55
2026-06-18,百貨零售,2903,遠百,23.95
2026-06-18,百貨零售,2912,統一超,223.5
2026-06-18,百貨零售,5907,大洋-KY,5.1
2026-06-18,百貨零售,8454,富邦媒,341.0
2026-06-18,石化能源,1301,台塑,51.7
2026-06-18,石化能源,1303,南亞,139.0
2026-06-18,石化能源,1314,中石化,7.78
2026-06-18,石化能源,6505,台塑化,53.5
2026-06-18,石化能源,8926,台汽電,79.0
2026-06-18,系統整合,2427,三商電,22.3
2026-06-18,系統整合,2480,敦陽科,153.5
2026-06-18,系統整合,3029,零壹,101.5
2026-06-18,系統整合,6214,精誠,142.0
2026-06-18,網通,2345,智邦,2435.0
2026-06-18,網通,2412,中華電,144.0
2026-06-18,網通,4904,遠傳,108.5
2026-06-18,網通,5388,中磊,84.2
2026-06-18,網通,6285,啟碁,274.0
2026-06-18,自行車,9914,美利達,72.1
2026-06-18,自行車,9921,巨大,74.1
2026-06-18,航空,2610,華航,22.0
2026-06-18,航空,2618,長榮航,42.55
2026-06-18,航空,2646,星宇航空,21.25
2026-06-18,被動元件,2327,國巨*,1080.0
2026-06-18,被動元件,2492,華新科,561.0
2026-06-18,被動元件,3026,禾伸堂,902.0
2026-06-18,記憶體,2337,旺宏,169.0
2026-06-18,記憶體,2344,華邦電,218.5
2026-06-18,記憶體,2408,南亞科,459.5
2026-06-18,記憶體,4967,十銓,278.5
2026-06-18,記憶體,8271,宇瞻,211.0
2026-06-18,貨櫃航運,2603,長榮,193.0
2026-06-18,貨櫃航運,2609,陽明,51.3
2026-06-18,貨櫃航運,2615,萬海,80.4
2026-06-18,輪胎橡膠,2101,南港,32.45
2026-06-18,輪胎橡膠,2103,台橡,21.4
2026-06-18,輪胎橡膠,2105,正新,29.65
2026-06-18,輪胎橡膠,2106,建大,17.85
2026-06-18,造紙,1904,正隆,23.1
2026-06-18,造紙,1905,華紙,17.1
2026-06-18,造紙,1907,永豐餘,28.2
2026-06-18,運動健身,1598,岱宇,20.2
2026-06-18,運動健身,1736,喬山,119.5
2026-06-18,運動健身,8462,柏文,139.0
2026-06-18,運動健身,9904,寶成,26.15
2026-06-18,醫療器材,4104,佳醫,69.5
2026-06-18,醫療器材,4133,亞諾法,20.7
2026-06-18,醫療器材,4736,泰博,126.0
2026-06-18,醫療器材,6491,晶碩,327.5
2026-06-18,重電,1503,士電,241.5
2026-06-18,重電,1513,中興電,176.5
2026-06-18,重電,1519,華城,833.0
2026-06-18,重電,1609,大亞,38.15
2026-06-18,重電,1618,合機,41.8
2026-06-18,金控銀行,2880,華南金,38.35
2026-06-18,金控銀行,2881,富邦金,138.0
2026-06-18,金控銀行,2882,國泰金,115.5
2026-06-18,金控銀行,2884,玉山金,35.4
2026-06-18,金控銀行,2886,兆豐金,45.5
2026-06-18,鋼鐵,2002,中鋼,19.1
2026-06-18,鋼鐵,2006,東和鋼鐵,69.5
2026-06-18,鋼鐵,2014,中鴻,17.7
2026-06-18,鋼鐵,2027,大成鋼,41.0
2026-06-18,鋼鐵,2031,新光鋼,39.05
2026-06-18,雲端服務,3045,台灣大,119.0
2026-06-18,雲端服務,4994,傳奇,91.8
2026-06-18,雲端服務,8454,富邦媒,341.0
2026-06-18,電子檢測,2360,致茂,2310.0
2026-06-18,電子檢測,3130,一零四,224.0
2026-06-18,電子檢測,3563,牧德,715.0
2026-06-18,電線電纜,1605,華新,39.0
2026-06-18,電線電纜,1608,華榮,34.65
2026-06-18,電線電纜,1609,大亞,38.15
2026-06-18,電線電纜,1612,宏泰,38.3
2026-06-18,電線電纜,1618,合機,41.8
2026-06-18,面板,2409,友達,28.15
2026-06-18,面板,3481,群創,64.4
2026-06-18,面板,6116,彩晶,18.8
2026-06-18,食品製造,1201,味全,12.55
2026-06-18,食品製造,1203,味王,43.0
2026-06-18,食品製造,1210,大成,54.7
2026-06-18,食品製造,1215,卜蜂,115.0
2026-06-18,食品製造,1227,佳格,29.1
2026-06-18,食品製造,1231,聯華食,87.4
2026-06-18,飯店餐旅,2704,國賓,45.6
2026-06-18,飯店餐旅,2707,晶華,179.0
2026-06-18,飯店餐旅,2712,遠雄來,15.2
2026-06-18,飯店餐旅,2727,王品,246.5
2026-06-22,ABF載板,3037,欣興,1005.0
2026-06-22,ABF載板,3189,景碩,796.0
2026-06-22,ABF載板,8046,南電,864.0
2026-06-22,AI伺服器,2317,鴻海,268.5
2026-06-22,AI伺服器,2382,廣達,380.0
2026-06-22,AI伺服器,3017,奇鋐,2420.0
2026-06-22,AI伺服器,3231,緯創,162.5
2026-06-22,AI伺服器,6669,緯穎,4855.0
2026-06-22,CCL銅箔基板,2383,台光電,5825.0
2026-06-22,CCL銅箔基板,6213,聯茂,308.0
2026-06-22,IC設計,2379,瑞昱,900.0
2026-06-22,IC設計,2454,聯發科,4465.0
2026-06-22,IC設計,3034,聯詠,567.0
2026-06-22,IC設計,3443,創意,4755.0
2026-06-22,IC設計,3661,世芯-KY,4325.0
2026-06-22,IC設計,5269,祥碩,1450.0
2026-06-22,LED光電,2393,億光,70.8
2026-06-22,LED光電,3031,佰鴻,30.5
2026-06-22,LED光電,3596,智易,188.0
2026-06-22,LED光電,3714,富采,72.9
2026-06-22,PCB,2313,華通,259.5
2026-06-22,PCB,2367,燿華,60.6
2026-06-22,PCB,3037,欣興,1005.0
2026-06-22,PCB,3044,健鼎,566.0
2026-06-22,PCB,4958,臻鼎-KY,622.0
2026-06-22,PCB,5469,瀚宇博,90.6
2026-06-22,PCB,6191,精成科,103.5
2026-06-22,PCB,8046,南電,864.0
2026-06-22,保險,2851,中再保,39.3
2026-06-22,保險,2867,三商壽,8.69
2026-06-22,光學鏡頭,3008,大立光,5185.0
2026-06-22,光學鏡頭,3406,玉晶光,774.0
2026-06-22,光學鏡頭,3504,揚明光,91.5
2026-06-22,光通訊,3450,聯鈞,557.0
2026-06-22,光通訊,4977,眾達-KY,191.0
2026-06-22,光通訊,6442,光聖,2085.0
2026-06-22,其他綜合,9907,統一實,15.5
2026-06-22,其他綜合,9911,櫻花,82.5
2026-06-22,其他綜合,9924,福興,40.25
2026-06-22,其他綜合,9933,中鼎,43.75
2026-06-22,半導體設備,2467,志聖,630.0
2026-06-22,半導體設備,3583,辛耘,889.0
2026-06-22,半導體設備,6196,帆宣,562.0
2026-06-22,半導體通路,2347,聯強,93.5
2026-06-22,半導體通路,3036,文曄,225.0
2026-06-22,半導體通路,3702,大聯大,112.5
2026-06-22,半導體通路,8112,至上,100.5
2026-06-22,塑化,1301,台塑,52.4
2026-06-22,塑化,1303,南亞,152.5
2026-06-22,塑化,1304,台聚,13.7
2026-06-22,塑化,1305,華夏,13.4
2026-06-22,塑化,1308,亞聚,14.15
2026-06-22,塑化,1314,中石化,8.04
2026-06-22,太陽能,3576,聯合再生,18.05
2026-06-22,太陽能,6443,元晶,39.0
2026-06-22,太陽能,6477,安集,32.4
2026-06-22,太陽能,6806,森崴能源,3.51
2026-06-22,居家生活,2908,特力,20.9
2026-06-22,居家生活,8464,億豐,346.0
2026-06-22,居家生活,9934,成霖,10.35
2026-06-22,散熱,2421,建準,150.0
2026-06-22,散熱,3017,奇鋐,2420.0
2026-06-22,散熱,3653,健策,3840.0
2026-06-22,散熱,6230,尼得科超眾,135.0
2026-06-22,散裝航運,2605,新興,31.95
2026-06-22,散裝航運,2612,中航,54.4
2026-06-22,散裝航運,2617,台航,30.05
2026-06-22,散裝航運,2637,慧洋-KY,77.1
2026-06-22,機器人,1590,亞德客-KY,1395.0
2026-06-22,機器人,2049,上銀,343.5
2026-06-22,機器人,2308,台達電,2150.0
2026-06-22,機器人,2359,所羅門,136.5
2026-06-22,機器人,2464,盟立,173.0
2026-06-22,機器人,6166,凌華,158.0
2026-06-22,機能紡織,1402,遠東新,28.8
2026-06-22,機能紡織,1476,儒鴻,317.0
2026-06-22,機能紡織,1477,聚陽,213.5
2026-06-22,機能紡織,4438,廣越,59.8
2026-06-22,水泥,1101,台泥,24.35
2026-06-22,水泥,1102,亞泥,36.35
2026-06-22,水泥,1103,嘉泥,13.75
2026-06-22,水泥,1104,環泥,29.0
2026-06-22,汽車整車,2201,裕隆,27.6
2026-06-22,汽車整車,2204,中華,55.1
2026-06-22,汽車整車,2207,和泰車,481.0
2026-06-22,汽車零組件,1319,東陽,84.8
2026-06-22,汽車零組件,1521,大億,26.55
2026-06-22,汽車零組件,1536,和大,51.6
2026-06-22,汽車零組件,2227,裕日車,49.25
2026-06-22,汽車零組件,2231,為升,94.3
2026-06-22,汽車零組件,4551,智伸科,226.0
2026-06-22,營建,2501,國建,24.85
2026-06-22,營建,2520,冠德,34.0
2026-06-22,營建,2542,興富發,42.7
2026-06-22,營建,2548,華固,100.5
2026-06-22,營建,2608,嘉里大榮,28.95
2026-06-22,特用化學,1711,永光,49.55
2026-06-22,特用化學,1723,中碳,89.5
2026-06-22,特用化學,1773,勝一,178.5
2026-06-22,特用化學,4763,材料*-KY,45.6
2026-06-22,玻璃陶瓷,1802,台玻,76.6
2026-06-22,玻璃陶瓷,1806,冠軍,8.21
2026-06-22,玻璃陶瓷,1809,中釉,56.5
2026-06-22,玻璃陶瓷,1810,和成,21.35
2026-06-22,環保,8341,日友,79.3
2026-06-22,生技製藥,1707,葡萄王,98.7
2026-06-22,生技製藥,1720,生達,62.6
2026-06-22,生技製藥,1760,寶齡富錦,60.2
2026-06-22,生技製藥,1789,神隆,20.4
2026-06-22,百貨零售,2903,遠百,23.3
2026-06-22,百貨零售,2912,統一超,221.0
2026-06-22,百貨零售,5907,大洋-KY,5.05
2026-06-22,百貨零售,8454,富邦媒,335.0
2026-06-22,石化能源,1301,台塑,52.4
2026-06-22,石化能源,1303,南亞,152.5
2026-06-22,石化能源,1314,中石化,8.04
2026-06-22,石化能源,6505,台塑化,54.0
2026-06-22,石化能源,8926,台汽電,79.0
2026-06-22,系統整合,2427,三商電,22.2
2026-06-22,系統整合,2480,敦陽科,154.5
2026-06-22,系統整合,3029,零壹,101.5
2026-06-22,系統整合,6214,精誠,141.0
2026-06-22,網通,2345,智邦,2595.0
2026-06-22,網通,2412,中華電,144.5
2026-06-22,網通,4904,遠傳,108.0
2026-06-22,網通,5388,中磊,82.4
2026-06-22,網通,6285,啟碁,268.0
2026-06-22,自行車,9914,美利達,73.4
2026-06-22,自行車,9921,巨大,75.5
2026-06-22,航空,2610,華航,21.8
2026-06-22,航空,2618,長榮航,41.65
2026-06-22,航空,2646,星宇航空,20.9
2026-06-22,被動元件,2327,國巨*,1065.0
2026-06-22,被動元件,2492,華新科,617.0
2026-06-22,被動元件,3026,禾伸堂,897.0
2026-06-22,記憶體,2337,旺宏,185.5
2026-06-22,記憶體,2344,華邦電,222.0
2026-06-22,記憶體,2408,南亞科,505.0
2026-06-22,記憶體,4967,十銓,284.5
2026-06-22,記憶體,8271,宇瞻,215.5
2026-06-22,貨櫃航運,2603,長榮,193.0
2026-06-22,貨櫃航運,2609,陽明,52.3
2026-06-22,貨櫃航運,2615,萬海,80.5
2026-06-22,輪胎橡膠,2101,南港,32.05
2026-06-22,輪胎橡膠,2103,台橡,21.4
2026-06-22,輪胎橡膠,2105,正新,30.05
2026-06-22,輪胎橡膠,2106,建大,17.25
2026-06-22,造紙,1904,正隆,22.55
2026-06-22,造紙,1905,華紙,18.45
2026-06-22,造紙,1907,永豐餘,27.4
2026-06-22,運動健身,1598,岱宇,19.85
2026-06-22,運動健身,1736,喬山,116.0
2026-06-22,運動健身,8462,柏文,136.0
2026-06-22,運動健身,9904,寶成,26.1
2026-06-22,醫療器材,4104,佳醫,68.8
2026-06-22,醫療器材,4133,亞諾法,20.7
2026-06-22,醫療器材,4736,泰博,124.0
2026-06-22,醫療器材,6491,晶碩,327.0
2026-06-22,重電,1503,士電,245.0
2026-06-22,重電,1513,中興電,181.0
2026-06-22,重電,1519,華城,831.0
2026-06-22,重電,1609,大亞,38.65
2026-06-22,重電,1618,合機,42.35
2026-06-22,金控銀行,2880,華南金,37.6
2026-06-22,金控銀行,2881,富邦金,138.5
2026-06-22,金控銀行,2882,國泰金,113.0
2026-06-22,金控銀行,2884,玉山金,35.8
2026-06-22,金控銀行,2886,兆豐金,44.75
2026-06-22,鋼鐵,2002,中鋼,19.5
2026-06-22,鋼鐵,2006,東和鋼鐵,69.6
2026-06-22,鋼鐵,2014,中鴻,17.8
2026-06-22,鋼鐵,2027,大成鋼,41.1
2026-06-22,鋼鐵,2031,新光鋼,38.95
2026-06-22,雲端服務,3045,台灣大,118.5
2026-06-22,雲端服務,4994,傳奇,91.0
2026-06-22,雲端服務,8454,富邦媒,335.0
2026-06-22,電子檢測,2360,致茂,2310.0
2026-06-22,電子檢測,3130,一零四,223.5
2026-06-22,電子檢測,3563,牧德,728.0
2026-06-22,電線電纜,1605,華新,40.75
2026-06-22,電線電纜,1608,華榮,35.2
2026-06-22,電線電纜,1609,大亞,38.65
2026-06-22,電線電纜,1612,宏泰,38.25
2026-06-22,電線電纜,1618,合機,42.35
2026-06-22,面板,2409,友達,30.95
2026-06-22,面板,3481,群創,66.0
2026-06-22,面板,6116,彩晶,19.95
2026-06-22,食品製造,1201,味全,12.45
2026-06-22,食品製造,1203,味王,42.8
2026-06-22,食品製造,1210,大成,54.7
2026-06-22,食品製造,1215,卜蜂,115.0
2026-06-22,食品製造,1227,佳格,29.1
2026-06-22,食品製造,1231,聯華食,86.8
2026-06-22,飯店餐旅,2704,國賓,46.1
2026-06-22,飯店餐旅,2707,晶華,178.5
2026-06-22,飯店餐旅,2712,遠雄來,15.2
2026-06-22,飯店餐旅,2727,王品,246.5
2026-06-23,ABF載板,3037,欣興,974.0
2026-06-23,ABF載板,3189,景碩,727.0
2026-06-23,ABF載板,8046,南電,909.0
2026-06-23,AI伺服器,2317,鴻海,259.5
2026-06-23,AI伺服器,2382,廣達,372.5
2026-06-23,AI伺服器,3017,奇鋐,2425.0
2026-06-23,AI伺服器,3231,緯創,158.5
2026-06-23,AI伺服器,6669,緯穎,4675.0
2026-06-23,CCL銅箔基板,2383,台光電,5700.0
2026-06-23,CCL銅箔基板,6213,聯茂,281.0
2026-06-23,IC設計,2379,瑞昱,863.0
2026-06-23,IC設計,2454,聯發科,4535.0
2026-06-23,IC設計,3034,聯詠,544.0
2026-06-23,IC設計,3443,創意,4725.0
2026-06-23,IC設計,3661,世芯-KY,4375.0
2026-06-23,IC設計,5269,祥碩,1425.0
2026-06-23,LED光電,2393,億光,69.5
2026-06-23,LED光電,3031,佰鴻,32.05
2026-06-23,LED光電,3596,智易,181.0
2026-06-23,LED光電,3714,富采,70.1
2026-06-23,PCB,2313,華通,243.0
2026-06-23,PCB,2367,燿華,58.1
2026-06-23,PCB,3037,欣興,974.0
2026-06-23,PCB,3044,健鼎,531.0
2026-06-23,PCB,4958,臻鼎-KY,587.0
2026-06-23,PCB,5469,瀚宇博,86.8
2026-06-23,PCB,6191,精成科,99.1
2026-06-23,PCB,8046,南電,909.0
2026-06-23,保險,2851,中再保,39.0
2026-06-23,保險,2867,三商壽,8.72
2026-06-23,光學鏡頭,3008,大立光,5000.0
2026-06-23,光學鏡頭,3406,玉晶光,741.0
2026-06-23,光學鏡頭,3504,揚明光,86.7
2026-06-23,光通訊,3450,聯鈞,612.0
2026-06-23,光通訊,4977,眾達-KY,185.5
2026-06-23,光通訊,6442,光聖,1980.0
2026-06-23,其他綜合,9907,統一實,15.15
2026-06-23,其他綜合,9911,櫻花,82.6
2026-06-23,其他綜合,9924,福興,40.35
2026-06-23,其他綜合,9933,中鼎,43.3
2026-06-23,半導體設備,2467,志聖,580.0
2026-06-23,半導體設備,3583,辛耘,882.0
2026-06-23,半導體設備,6196,帆宣,541.0
2026-06-23,半導體通路,2347,聯強,90.2
2026-06-23,半導體通路,3036,文曄,220.5
2026-06-23,半導體通路,3702,大聯大,108.0
2026-06-23,半導體通路,8112,至上,95.8
2026-06-23,塑化,1301,台塑,49.55
2026-06-23,塑化,1303,南亞,154.5
2026-06-23,塑化,1304,台聚,12.8
2026-06-23,塑化,1305,華夏,12.65
2026-06-23,塑化,1308,亞聚,13.6
2026-06-23,塑化,1314,中石化,7.85
2026-06-23,太陽能,3576,聯合再生,17.45
2026-06-23,太陽能,6443,元晶,37.5
2026-06-23,太陽能,6477,安集,31.55
2026-06-23,居家生活,2908,特力,21.1
2026-06-23,居家生活,8464,億豐,343.5
2026-06-23,居家生活,9934,成霖,10.2
2026-06-23,散熱,2421,建準,146.5
2026-06-23,散熱,3017,奇鋐,2425.0
2026-06-23,散熱,3653,健策,3840.0
2026-06-23,散熱,6230,尼得科超眾,133.0
2026-06-23,散裝航運,2605,新興,31.8
2026-06-23,散裝航運,2612,中航,53.7
2026-06-23,散裝航運,2617,台航,29.95
2026-06-23,散裝航運,2637,慧洋-KY,76.8
2026-06-23,機器人,1590,亞德客-KY,1375.0
2026-06-23,機器人,2049,上銀,339.0
2026-06-23,機器人,2308,台達電,2080.0
2026-06-23,機器人,2359,所羅門,140.5
2026-06-23,機器人,2464,盟立,172.0
2026-06-23,機器人,6166,凌華,156.5
2026-06-23,機能紡織,1402,遠東新,28.65
2026-06-23,機能紡織,1476,儒鴻,312.5
2026-06-23,機能紡織,1477,聚陽,215.0
2026-06-23,機能紡織,4438,廣越,59.6
2026-06-23,水泥,1101,台泥,24.15
2026-06-23,水泥,1102,亞泥,35.7
2026-06-23,水泥,1103,嘉泥,13.65
2026-06-23,水泥,1104,環泥,28.95
2026-06-23,汽車整車,2201,裕隆,27.0
2026-06-23,汽車整車,2204,中華,54.9
2026-06-23,汽車整車,2207,和泰車,485.0
2026-06-23,汽車零組件,1319,東陽,79.4
2026-06-23,汽車零組件,1521,大億,26.4
2026-06-23,汽車零組件,1536,和大,49.0
2026-06-23,汽車零組件,2227,裕日車,49.75
2026-06-23,汽車零組件,2231,為升,92.9
2026-06-23,汽車零組件,4551,智伸科,245.0
2026-06-23,營建,2501,國建,24.2
2026-06-23,營建,2520,冠德,34.4
2026-06-23,營建,2542,興富發,42.7
2026-06-23,營建,2548,華固,101.5
2026-06-23,營建,2608,嘉里大榮,29.15
2026-06-23,特用化學,1711,永光,47.0
2026-06-23,特用化學,1723,中碳,87.3
2026-06-23,特用化學,1773,勝一,174.0
2026-06-23,特用化學,4763,材料*-KY,46.65
2026-06-23,玻璃陶瓷,1802,台玻,69.9
2026-06-23,玻璃陶瓷,1806,冠軍,8.18
2026-06-23,玻璃陶瓷,1809,中釉,53.9
2026-06-23,玻璃陶瓷,1810,和成,20.05
2026-06-23,環保,8341,日友,79.3
2026-06-23,生技製藥,1707,葡萄王,97.3
2026-06-23,生技製藥,1720,生達,62.8
2026-06-23,生技製藥,1760,寶齡富錦,60.9
2026-06-23,生技製藥,1789,神隆,20.25
2026-06-23,百貨零售,2903,遠百,23.25
2026-06-23,百貨零售,2912,統一超,227.0
2026-06-23,百貨零售,5907,大洋-KY,5.04
2026-06-23,百貨零售,8454,富邦媒,330.0
2026-06-23,石化能源,1301,台塑,49.55
2026-06-23,石化能源,1303,南亞,154.5
2026-06-23,石化能源,1314,中石化,7.85
2026-06-23,石化能源,6505,台塑化,52.1
2026-06-23,石化能源,8926,台汽電,82.2
2026-06-23,系統整合,2427,三商電,22.05
2026-06-23,系統整合,2480,敦陽科,151.0
2026-06-23,系統整合,3029,零壹,99.9
2026-06-23,系統整合,6214,精誠,130.0
2026-06-23,網通,2345,智邦,2435.0
2026-06-23,網通,2412,中華電,144.0
2026-06-23,網通,4904,遠傳,107.0
2026-06-23,網通,5388,中磊,79.9
2026-06-23,網通,6285,啟碁,254.0
2026-06-23,自行車,9914,美利達,72.1
2026-06-23,自行車,9921,巨大,73.7
2026-06-23,航空,2610,華航,22.3
2026-06-23,航空,2618,長榮航,42.95
2026-06-23,航空,2646,星宇航空,21.4
2026-06-23,被動元件,2327,國巨*,1020.0
2026-06-23,被動元件,2492,華新科,577.0
2026-06-23,被動元件,3026,禾伸堂,808.0
2026-06-23,記憶體,2337,旺宏,172.0
2026-06-23,記憶體,2344,華邦電,211.5
2026-06-23,記憶體,2408,南亞科,454.5
2026-06-23,記憶體,4967,十銓,272.0
2026-06-23,記憶體,8271,宇瞻,205.5
2026-06-23,貨櫃航運,2603,長榮,189.0
2026-06-23,貨櫃航運,2609,陽明,51.3
2026-06-23,貨櫃航運,2615,萬海,78.7
2026-06-23,輪胎橡膠,2101,南港,31.35
2026-06-23,輪胎橡膠,2103,台橡,21.15
2026-06-23,輪胎橡膠,2105,正新,29.3
2026-06-23,輪胎橡膠,2106,建大,16.9
2026-06-23,造紙,1904,正隆,21.7
2026-06-23,造紙,1905,華紙,16.75
2026-06-23,造紙,1907,永豐餘,27.0
2026-06-23,運動健身,1598,岱宇,19.7
2026-06-23,運動健身,1736,喬山,114.0
2026-06-23,運動健身,8462,柏文,138.5
2026-06-23,運動健身,9904,寶成,26.0
2026-06-23,醫療器材,4104,佳醫,68.9
2026-06-23,醫療器材,4133,亞諾法,20.45
2026-06-23,醫療器材,4736,泰博,123.0
2026-06-23,醫療器材,6491,晶碩,325.5
2026-06-23,重電,1503,士電,242.0
2026-06-23,重電,1513,中興電,182.0
2026-06-23,重電,1519,華城,813.0
2026-06-23,重電,1609,大亞,37.15
2026-06-23,重電,1618,合機,41.85
2026-06-23,金控銀行,2880,華南金,37.55
2026-06-23,金控銀行,2881,富邦金,137.5
2026-06-23,金控銀行,2882,國泰金,113.5
2026-06-23,金控銀行,2884,玉山金,35.8
2026-06-23,金控銀行,2886,兆豐金,45.2
2026-06-23,鋼鐵,2002,中鋼,19.2
2026-06-23,鋼鐵,2006,東和鋼鐵,69.7
2026-06-23,鋼鐵,2014,中鴻,17.7
2026-06-23,鋼鐵,2027,大成鋼,40.0
2026-06-23,鋼鐵,2031,新光鋼,39.1
2026-06-23,雲端服務,3045,台灣大,119.0
2026-06-23,雲端服務,4994,傳奇,92.8
2026-06-23,雲端服務,8454,富邦媒,330.0
2026-06-23,電子檢測,2360,致茂,2265.0
2026-06-23,電子檢測,3130,一零四,223.5
2026-06-23,電子檢測,3563,牧德,707.0
2026-06-23,電線電纜,1605,華新,37.8
2026-06-23,電線電纜,1608,華榮,34.45
2026-06-23,電線電纜,1609,大亞,37.15
2026-06-23,電線電纜,1612,宏泰,37.6
2026-06-23,電線電纜,1618,合機,41.85
2026-06-23,面板,2409,友達,29.05
2026-06-23,面板,3481,群創,66.0
2026-06-23,面板,6116,彩晶,19.0
2026-06-23,食品製造,1201,味全,12.35
2026-06-23,食品製造,1203,味王,43.45
2026-06-23,食品製造,1210,大成,54.6
2026-06-23,食品製造,1215,卜蜂,116.0
2026-06-23,食品製造,1227,佳格,29.15
2026-06-23,食品製造,1231,聯華食,88.0
2026-06-23,飯店餐旅,2704,國賓,45.15
2026-06-23,飯店餐旅,2707,晶華,179.0
2026-06-23,飯店餐旅,2712,遠雄來,15.15
2026-06-23,飯店餐旅,2727,王品,246.5
2026-06-24,ABF載板,3037,欣興,931.0
2026-06-24,ABF載板,3189,景碩,739.0
2026-06-24,ABF載板,8046,南電,955.0
2026-06-24,AI伺服器,2317,鴻海,256.0
2026-06-24,AI伺服器,2382,廣達,372.0
2026-06-24,AI伺服器,3017,奇鋐,2530.0
2026-06-24,AI伺服器,3231,緯創,157.5
2026-06-24,AI伺服器,6669,緯穎,4605.0
2026-06-24,CCL銅箔基板,2383,台光電,5560.0
2026-06-24,CCL銅箔基板,6213,聯茂,309.0
2026-06-24,IC設計,2379,瑞昱,803.0
2026-06-24,IC設計,2454,聯發科,4285.0
2026-06-24,IC設計,3034,聯詠,543.0
2026-06-24,IC設計,3443,創意,4880.0
2026-06-24,IC設計,3661,世芯-KY,4330.0
2026-06-24,IC設計,5269,祥碩,1425.0
2026-06-24,LED光電,2393,億光,69.7
2026-06-24,LED光電,3031,佰鴻,30.9
2026-06-24,LED光電,3596,智易,190.5
2026-06-24,LED光電,3714,富采,71.2
2026-06-24,PCB,2313,華通,240.0
2026-06-24,PCB,2367,燿華,58.4
2026-06-24,PCB,3037,欣興,931.0
2026-06-24,PCB,3044,健鼎,526.0
2026-06-24,PCB,4958,臻鼎-KY,587.0
2026-06-24,PCB,5469,瀚宇博,85.5
2026-06-24,PCB,6191,精成科,98.4
2026-06-24,PCB,8046,南電,955.0
2026-06-24,保險,2851,中再保,38.65
2026-06-24,保險,2867,三商壽,8.51
2026-06-24,光學鏡頭,3008,大立光,4900.0
2026-06-24,光學鏡頭,3406,玉晶光,733.0
2026-06-24,光學鏡頭,3504,揚明光,87.8
2026-06-24,光通訊,3450,聯鈞,581.0
2026-06-24,光通訊,4977,眾達-KY,182.5
2026-06-24,光通訊,6442,光聖,1935.0
2026-06-24,其他綜合,9907,統一實,15.05
2026-06-24,其他綜合,9911,櫻花,82.8
2026-06-24,其他綜合,9924,福興,40.2
2026-06-24,其他綜合,9933,中鼎,42.9
2026-06-24,半導體設備,2467,志聖,588.0
2026-06-24,半導體設備,3583,辛耘,858.0
2026-06-24,半導體設備,6196,帆宣,540.0
2026-06-24,半導體通路,2347,聯強,92.3
2026-06-24,半導體通路,3036,文曄,219.0
2026-06-24,半導體通路,3702,大聯大,106.5
2026-06-24,半導體通路,8112,至上,95.8
2026-06-24,塑化,1301,台塑,54.5
2026-06-24,塑化,1303,南亞,156.0
2026-06-24,塑化,1304,台聚,13.6
2026-06-24,塑化,1305,華夏,13.3
2026-06-24,塑化,1308,亞聚,14.25
2026-06-24,塑化,1314,中石化,7.99
2026-06-24,太陽能,3576,聯合再生,17.8
2026-06-24,太陽能,6443,元晶,37.05
2026-06-24,太陽能,6477,安集,31.8
2026-06-24,居家生活,2908,特力,21.1
2026-06-24,居家生活,8464,億豐,348.5
2026-06-24,居家生活,9934,成霖,9.98
2026-06-24,散熱,2421,建準,150.0
2026-06-24,散熱,3017,奇鋐,2530.0
2026-06-24,散熱,3653,健策,3640.0
2026-06-24,散熱,6230,尼得科超眾,131.0
2026-06-24,散裝航運,2605,新興,31.5
2026-06-24,散裝航運,2612,中航,53.8
2026-06-24,散裝航運,2617,台航,29.85
2026-06-24,散裝航運,2637,慧洋-KY,75.7
2026-06-24,機器人,1590,亞德客-KY,1385.0
2026-06-24,機器人,2049,上銀,332.0
2026-06-24,機器人,2308,台達電,2000.0
2026-06-24,機器人,2359,所羅門,137.0
2026-06-24,機器人,2464,盟立,174.5
2026-06-24,機器人,6166,凌華,154.0
2026-06-24,機能紡織,1402,遠東新,28.45
2026-06-24,機能紡織,1476,儒鴻,319.5
2026-06-24,機能紡織,1477,聚陽,217.0
2026-06-24,機能紡織,4438,廣越,59.8
2026-06-24,水泥,1101,台泥,24.2
2026-06-24,水泥,1102,亞泥,36.0
2026-06-24,水泥,1103,嘉泥,13.6
2026-06-24,水泥,1104,環泥,26.85
2026-06-24,汽車整車,2201,裕隆,27.4
2026-06-24,汽車整車,2204,中華,55.9
2026-06-24,汽車整車,2207,和泰車,477.5
2026-06-24,汽車零組件,1319,東陽,79.5
2026-06-24,汽車零組件,1521,大億,26.4
2026-06-24,汽車零組件,1536,和大,48.65
2026-06-24,汽車零組件,2227,裕日車,49.7
2026-06-24,汽車零組件,2231,為升,92.9
2026-06-24,汽車零組件,4551,智伸科,244.0
2026-06-24,營建,2501,國建,24.3
2026-06-24,營建,2520,冠德,33.95
2026-06-24,營建,2542,興富發,43.1
2026-06-24,營建,2548,華固,101.5
2026-06-24,營建,2608,嘉里大榮,29.0
2026-06-24,特用化學,1711,永光,47.7
2026-06-24,特用化學,1723,中碳,86.6
2026-06-24,特用化學,1773,勝一,173.5
2026-06-24,特用化學,4763,材料*-KY,45.0
2026-06-24,玻璃陶瓷,1802,台玻,69.3
2026-06-24,玻璃陶瓷,1806,冠軍,8.23
2026-06-24,玻璃陶瓷,1809,中釉,54.3
2026-06-24,玻璃陶瓷,1810,和成,20.1
2026-06-24,環保,8341,日友,78.3
2026-06-24,生技製藥,1707,葡萄王,96.8
2026-06-24,生技製藥,1720,生達,63.1
2026-06-24,生技製藥,1760,寶齡富錦,61.4
2026-06-24,生技製藥,1789,神隆,20.2
2026-06-24,百貨零售,2903,遠百,23.3
2026-06-24,百貨零售,2912,統一超,225.0
2026-06-24,百貨零售,5907,大洋-KY,5.07
2026-06-24,百貨零售,8454,富邦媒,348.0
2026-06-24,石化能源,1301,台塑,54.5
2026-06-24,石化能源,1303,南亞,156.0
2026-06-24,石化能源,1314,中石化,7.99
2026-06-24,石化能源,6505,台塑化,55.2
2026-06-24,石化能源,8926,台汽電,81.9
2026-06-24,系統整合,2427,三商電,22.4
2026-06-24,系統整合,2480,敦陽科,150.5
2026-06-24,系統整合,3029,零壹,99.3
2026-06-24,系統整合,6214,精誠,131.0
2026-06-24,網通,2345,智邦,2375.0
2026-06-24,網通,2412,中華電,143.5
2026-06-24,網通,4904,遠傳,107.0
2026-06-24,網通,5388,中磊,81.7
2026-06-24,網通,6285,啟碁,255.0
2026-06-24,自行車,9914,美利達,71.5
2026-06-24,自行車,9921,巨大,73.6
2026-06-24,航空,2610,華航,23.25
2026-06-24,航空,2618,長榮航,44.0
2026-06-24,航空,2646,星宇航空,21.7
2026-06-24,被動元件,2327,國巨*,1050.0
2026-06-24,被動元件,2492,華新科,590.0
2026-06-24,被動元件,3026,禾伸堂,796.0
2026-06-24,記憶體,2337,旺宏,172.0
2026-06-24,記憶體,2344,華邦電,205.0
2026-06-24,記憶體,2408,南亞科,443.5
2026-06-24,記憶體,4967,十銓,278.0
2026-06-24,記憶體,8271,宇瞻,203.5
2026-06-24,貨櫃航運,2603,長榮,186.5
2026-06-24,貨櫃航運,2609,陽明,51.6
2026-06-24,貨櫃航運,2615,萬海,78.8
2026-06-24,輪胎橡膠,2101,南港,31.4
2026-06-24,輪胎橡膠,2103,台橡,21.95
2026-06-24,輪胎橡膠,2105,正新,29.25
2026-06-24,輪胎橡膠,2106,建大,16.9
2026-06-24,造紙,1904,正隆,22.15
2026-06-24,造紙,1905,華紙,17.35
2026-06-24,造紙,1907,永豐餘,27.5
2026-06-24,運動健身,1598,岱宇,19.45
2026-06-24,運動健身,1736,喬山,117.5
2026-06-24,運動健身,8462,柏文,135.5
2026-06-24,運動健身,9904,寶成,25.95
2026-06-24,醫療器材,4104,佳醫,68.8
2026-06-24,醫療器材,4133,亞諾法,20.7
2026-06-24,醫療器材,4736,泰博,123.0
2026-06-24,醫療器材,6491,晶碩,326.0
2026-06-24,重電,1503,士電,248.0
2026-06-24,重電,1513,中興電,185.0
2026-06-24,重電,1519,華城,819.0
2026-06-24,重電,1609,大亞,37.4
2026-06-24,重電,1618,合機,42.05
2026-06-24,金控銀行,2880,華南金,37.0
2026-06-24,金控銀行,2881,富邦金,134.5
2026-06-24,金控銀行,2882,國泰金,110.0
2026-06-24,金控銀行,2884,玉山金,35.0
2026-06-24,金控銀行,2886,兆豐金,44.55
2026-06-24,鋼鐵,2002,中鋼,19.35
2026-06-24,鋼鐵,2006,東和鋼鐵,69.8
2026-06-24,鋼鐵,2014,中鴻,17.8
2026-06-24,鋼鐵,2027,大成鋼,40.55
2026-06-24,鋼鐵,2031,新光鋼,39.0
2026-06-24,雲端服務,3045,台灣大,119.5
2026-06-24,雲端服務,4994,傳奇,91.6
2026-06-24,雲端服務,8454,富邦媒,348.0
2026-06-24,電子檢測,2360,致茂,2160.0
2026-06-24,電子檢測,3130,一零四,222.5
2026-06-24,電子檢測,3563,牧德,715.0
2026-06-24,電線電纜,1605,華新,38.15
2026-06-24,電線電纜,1608,華榮,34.5
2026-06-24,電線電纜,1609,大亞,37.4
2026-06-24,電線電纜,1612,宏泰,37.6
2026-06-24,電線電纜,1618,合機,42.05
2026-06-24,面板,2409,友達,30.5
2026-06-24,面板,3481,群創,69.4
2026-06-24,面板,6116,彩晶,19.4
2026-06-24,食品製造,1201,味全,12.4
2026-06-24,食品製造,1203,味王,43.45
2026-06-24,食品製造,1210,大成,54.8
2026-06-24,食品製造,1215,卜蜂,115.0
2026-06-24,食品製造,1227,佳格,29.05
2026-06-24,食品製造,1231,聯華食,88.0
2026-06-24,飯店餐旅,2704,國賓,45.25
2026-06-24,飯店餐旅,2707,晶華,180.0
2026-06-24,飯店餐旅,2712,遠雄來,15.05
2026-06-24,飯店餐旅,2727,王品,246.5
2026-06-25,ABF載板,3037,欣興,1020.0
2026-06-25,ABF載板,3189,景碩,812.0
2026-06-25,ABF載板,8046,南電,1045.0
2026-06-25,AI伺服器,2317,鴻海,257.5
2026-06-25,AI伺服器,2382,廣達,366.5
2026-06-25,AI伺服器,3017,奇鋐,2505.0
2026-06-25,AI伺服器,3231,緯創,160.0
2026-06-25,AI伺服器,6669,緯穎,4545.0
2026-06-25,CCL銅箔基板,2383,台光電,5640.0
2026-06-25,CCL銅箔基板,6213,聯茂,339.5
2026-06-25,IC設計,2379,瑞昱,814.0
2026-06-25,IC設計,2454,聯發科,4310.0
2026-06-25,IC設計,3034,聯詠,561.0
2026-06-25,IC設計,3443,創意,4850.0
2026-06-25,IC設計,3661,世芯-KY,4230.0
2026-06-25,IC設計,5269,祥碩,1435.0
2026-06-25,LED光電,2393,億光,69.1
2026-06-25,LED光電,3031,佰鴻,29.8
2026-06-25,LED光電,3596,智易,195.0
2026-06-25,LED光電,3714,富采,67.5
2026-06-25,PCB,2313,華通,233.0
2026-06-25,PCB,2367,燿華,56.8
2026-06-25,PCB,3037,欣興,1020.0
2026-06-25,PCB,3044,健鼎,532.0
2026-06-25,PCB,4958,臻鼎-KY,602.0
2026-06-25,PCB,5469,瀚宇博,86.1
2026-06-25,PCB,6191,精成科,99.3
2026-06-25,PCB,8046,南電,1045.0
2026-06-25,保險,2851,中再保,38.45
2026-06-25,保險,2867,三商壽,8.59
2026-06-25,光學鏡頭,3008,大立光,5165.0
2026-06-25,光學鏡頭,3406,玉晶光,759.0
2026-06-25,光學鏡頭,3504,揚明光,86.8
2026-06-25,光通訊,3450,聯鈞,586.0
2026-06-25,光通訊,4977,眾達-KY,177.0
2026-06-25,光通訊,6442,光聖,1865.0
2026-06-25,其他綜合,9907,統一實,15.4
2026-06-25,其他綜合,9911,櫻花,83.3
2026-06-25,其他綜合,9924,福興,40.25
2026-06-25,其他綜合,9933,中鼎,43.65
2026-06-25,半導體設備,2467,志聖,585.0
2026-06-25,半導體設備,3583,辛耘,850.0
2026-06-25,半導體設備,6196,帆宣,559.0
2026-06-25,半導體通路,2347,聯強,95.0
2026-06-25,半導體通路,3036,文曄,217.5
2026-06-25,半導體通路,3702,大聯大,107.0
2026-06-25,半導體通路,8112,至上,95.1
2026-06-25,塑化,1301,台塑,58.0
2026-06-25,塑化,1303,南亞,155.0
2026-06-25,塑化,1304,台聚,13.4
2026-06-25,塑化,1305,華夏,13.3
2026-06-25,塑化,1308,亞聚,14.05
2026-06-25,塑化,1314,中石化,8.04
2026-06-25,太陽能,3576,聯合再生,17.25
2026-06-25,太陽能,6443,元晶,36.4
2026-06-25,太陽能,6477,安集,31.1
2026-06-25,居家生活,2908,特力,21.2
2026-06-25,居家生活,8464,億豐,355.5
2026-06-25,居家生活,9934,成霖,10.2
2026-06-25,散熱,2421,建準,145.5
2026-06-25,散熱,3017,奇鋐,2505.0
2026-06-25,散熱,3653,健策,3390.0
2026-06-25,散熱,6230,尼得科超眾,129.0
2026-06-25,散裝航運,2605,新興,30.95
2026-06-25,散裝航運,2612,中航,54.0
2026-06-25,散裝航運,2617,台航,29.95
2026-06-25,散裝航運,2637,慧洋-KY,76.1
2026-06-25,機器人,1590,亞德客-KY,1390.0
2026-06-25,機器人,2049,上銀,334.5
2026-06-25,機器人,2308,台達電,1980.0
2026-06-25,機器人,2359,所羅門,133.5
2026-06-25,機器人,2464,盟立,169.5
2026-06-25,機器人,6166,凌華,147.0
2026-06-25,機能紡織,1402,遠東新,28.6
2026-06-25,機能紡織,1476,儒鴻,321.0
2026-06-25,機能紡織,1477,聚陽,221.0
2026-06-25,機能紡織,4438,廣越,59.6
2026-06-25,水泥,1101,台泥,24.6
2026-06-25,水泥,1102,亞泥,36.1
2026-06-25,水泥,1103,嘉泥,13.6
2026-06-25,水泥,1104,環泥,26.7
2026-06-25,汽車整車,2201,裕隆,27.15
2026-06-25,汽車整車,2204,中華,55.4
2026-06-25,汽車整車,2207,和泰車,480.0
2026-06-25,汽車零組件,1319,東陽,79.6
2026-06-25,汽車零組件,1521,大億,26.4
2026-06-25,汽車零組件,1536,和大,48.05
2026-06-25,汽車零組件,2227,裕日車,49.5
2026-06-25,汽車零組件,2231,為升,91.1
2026-06-25,汽車零組件,4551,智伸科,249.5
2026-06-25,營建,2501,國建,24.55
2026-06-25,營建,2520,冠德,34.25
2026-06-25,營建,2542,興富發,43.3
2026-06-25,營建,2548,華固,103.0
2026-06-25,營建,2608,嘉里大榮,29.0
2026-06-25,特用化學,1711,永光,46.3
2026-06-25,特用化學,1723,中碳,83.9
2026-06-25,特用化學,1773,勝一,172.0
2026-06-25,特用化學,4763,材料*-KY,44.5
2026-06-25,玻璃陶瓷,1802,台玻,69.6
2026-06-25,玻璃陶瓷,1806,冠軍,8.2
2026-06-25,玻璃陶瓷,1809,中釉,51.9
2026-06-25,玻璃陶瓷,1810,和成,19.9
2026-06-25,環保,8341,日友,78.6
2026-06-25,生技製藥,1707,葡萄王,96.9
2026-06-25,生技製藥,1720,生達,63.3
2026-06-25,生技製藥,1760,寶齡富錦,61.0
2026-06-25,生技製藥,1789,神隆,20.55
2026-06-25,百貨零售,2903,遠百,23.4
2026-06-25,百貨零售,2912,統一超,226.0
2026-06-25,百貨零售,5907,大洋-KY,5.02
2026-06-25,百貨零售,8454,富邦媒,338.5
2026-06-25,石化能源,1301,台塑,58.0
2026-06-25,石化能源,1303,南亞,155.0
2026-06-25,石化能源,1314,中石化,8.04
2026-06-25,石化能源,6505,台塑化,55.9
2026-06-25,石化能源,8926,台汽電,78.1
2026-06-25,系統整合,2427,三商電,22.35
2026-06-25,系統整合,2480,敦陽科,150.0
2026-06-25,系統整合,3029,零壹,97.7
2026-06-25,系統整合,6214,精誠,129.5
2026-06-25,網通,2345,智邦,2380.0
2026-06-25,網通,2412,中華電,144.0
2026-06-25,網通,4904,遠傳,108.5
2026-06-25,網通,5388,中磊,80.2
2026-06-25,網通,6285,啟碁,256.5
2026-06-25,自行車,9914,美利達,72.8
2026-06-25,自行車,9921,巨大,74.5
2026-06-25,航空,2610,華航,24.2
2026-06-25,航空,2618,長榮航,44.5
2026-06-25,航空,2646,星宇航空,21.95
2026-06-25,被動元件,2327,國巨*,1125.0
2026-06-25,被動元件,2492,華新科,599.0
2026-06-25,被動元件,3026,禾伸堂,771.0
2026-06-25,記憶體,2337,旺宏,161.5
2026-06-25,記憶體,2344,華邦電,219.5
2026-06-25,記憶體,2408,南亞科,477.0
2026-06-25,記憶體,4967,十銓,276.0
2026-06-25,記憶體,8271,宇瞻,204.5
2026-06-25,貨櫃航運,2603,長榮,185.0
2026-06-25,貨櫃航運,2609,陽明,51.4
2026-06-25,貨櫃航運,2615,萬海,77.9
2026-06-25,輪胎橡膠,2101,南港,31.6
2026-06-25,輪胎橡膠,2103,台橡,21.45
2026-06-25,輪胎橡膠,2105,正新,29.6
2026-06-25,輪胎橡膠,2106,建大,16.95
2026-06-25,造紙,1904,正隆,21.75
2026-06-25,造紙,1905,華紙,16.85
2026-06-25,造紙,1907,永豐餘,27.2
2026-06-25,運動健身,1598,岱宇,19.45
2026-06-25,運動健身,1736,喬山,119.0
2026-06-25,運動健身,8462,柏文,137.0
2026-06-25,運動健身,9904,寶成,25.95
2026-06-25,醫療器材,4104,佳醫,68.9
2026-06-25,醫療器材,4133,亞諾法,20.55
2026-06-25,醫療器材,4736,泰博,124.5
2026-06-25,醫療器材,6491,晶碩,325.0
2026-06-25,重電,1503,士電,243.5
2026-06-25,重電,1513,中興電,185.0
2026-06-25,重電,1519,華城,808.0
2026-06-25,重電,1609,大亞,36.7
2026-06-25,重電,1618,合機,41.0
2026-06-25,金控銀行,2880,華南金,38.0
2026-06-25,金控銀行,2881,富邦金,136.0
2026-06-25,金控銀行,2882,國泰金,111.5
2026-06-25,金控銀行,2884,玉山金,35.45
2026-06-25,金控銀行,2886,兆豐金,46.65
2026-06-25,鋼鐵,2002,中鋼,19.05
2026-06-25,鋼鐵,2006,東和鋼鐵,70.0
2026-06-25,鋼鐵,2014,中鴻,17.8
2026-06-25,鋼鐵,2027,大成鋼,40.2
2026-06-25,鋼鐵,2031,新光鋼,38.95
2026-06-25,雲端服務,3045,台灣大,120.0
2026-06-25,雲端服務,4994,傳奇,91.4
2026-06-25,雲端服務,8454,富邦媒,338.5
2026-06-25,電子檢測,2360,致茂,2185.0
2026-06-25,電子檢測,3130,一零四,221.5
2026-06-25,電子檢測,3563,牧德,706.0
2026-06-25,電線電纜,1605,華新,37.7
2026-06-25,電線電纜,1608,華榮,34.0
2026-06-25,電線電纜,1609,大亞,36.7
2026-06-25,電線電纜,1612,宏泰,37.65
2026-06-25,電線電纜,1618,合機,41.0
2026-06-25,面板,2409,友達,30.4
2026-06-25,面板,3481,群創,70.9
2026-06-25,面板,6116,彩晶,19.5
2026-06-25,食品製造,1201,味全,12.45
2026-06-25,食品製造,1203,味王,42.85
2026-06-25,食品製造,1210,大成,55.7
2026-06-25,食品製造,1215,卜蜂,115.0
2026-06-25,食品製造,1227,佳格,29.3
2026-06-25,食品製造,1231,聯華食,88.1
2026-06-25,飯店餐旅,2704,國賓,45.5
2026-06-25,飯店餐旅,2707,晶華,180.0
2026-06-25,飯店餐旅,2712,遠雄來,14.95
2026-06-25,飯店餐旅,2727,王品,249.0
2026-06-26,ABF載板,3037,欣興,975.0
2026-06-26,ABF載板,3189,景碩,797.0
2026-06-26,ABF載板,8046,南電,1125.0
2026-06-26,AI伺服器,2317,鴻海,248.5
2026-06-26,AI伺服器,2382,廣達,362.0
2026-06-26,AI伺服器,3017,奇鋐,2255.0
2026-06-26,AI伺服器,3231,緯創,153.0
2026-06-26,AI伺服器,6669,緯穎,4280.0
2026-06-26,CCL銅箔基板,2383,台光電,5255.0
2026-06-26,CCL銅箔基板,6213,聯茂,346.5
2026-06-26,IC設計,2379,瑞昱,740.0
2026-06-26,IC設計,2454,聯發科,3880.0
2026-06-26,IC設計,3034,聯詠,509.0
2026-06-26,IC設計,3443,創意,4420.0
2026-06-26,IC設計,3661,世芯-KY,3870.0
2026-06-26,IC設計,5269,祥碩,1365.0
2026-06-26,LED光電,2393,億光,67.6
2026-06-26,LED光電,3031,佰鴻,29.4
2026-06-26,LED光電,3596,智易,181.5
2026-06-26,LED光電,3714,富采,61.6
2026-06-26,PCB,2313,華通,222.5
2026-06-26,PCB,2367,燿華,52.8
2026-06-26,PCB,3037,欣興,975.0
2026-06-26,PCB,3044,健鼎,508.0
2026-06-26,PCB,4958,臻鼎-KY,580.0
2026-06-26,PCB,5469,瀚宇博,87.4
2026-06-26,PCB,6191,精成科,100.5
2026-06-26,PCB,8046,南電,1125.0
2026-06-26,保險,2851,中再保,37.15
2026-06-26,保險,2867,三商壽,8.4
2026-06-26,光學鏡頭,3008,大立光,4720.0
2026-06-26,光學鏡頭,3406,玉晶光,700.0
2026-06-26,光學鏡頭,3504,揚明光,82.4
2026-06-26,光通訊,3450,聯鈞,530.0
2026-06-26,光通訊,4977,眾達-KY,164.5
2026-06-26,光通訊,6442,光聖,1680.0
2026-06-26,其他綜合,9907,統一實,14.95
2026-06-26,其他綜合,9911,櫻花,82.6
2026-06-26,其他綜合,9924,福興,40.0
2026-06-26,其他綜合,9933,中鼎,41.95
2026-06-26,半導體設備,2467,志聖,560.0
2026-06-26,半導體設備,3583,辛耘,812.0
2026-06-26,半導體設備,6196,帆宣,531.0
2026-06-26,半導體通路,2347,聯強,92.8
2026-06-26,半導體通路,3036,文曄,215.5
2026-06-26,半導體通路,3702,大聯大,106.5
2026-06-26,半導體通路,8112,至上,91.2
2026-06-26,塑化,1301,台塑,52.2
2026-06-26,塑化,1303,南亞,148.0
2026-06-26,塑化,1304,台聚,13.2
2026-06-26,塑化,1305,華夏,13.0
2026-06-26,塑化,1308,亞聚,13.75
2026-06-26,塑化,1314,中石化,7.97
2026-06-26,太陽能,3576,聯合再生,16.5
2026-06-26,太陽能,6443,元晶,34.5
2026-06-26,太陽能,6477,安集,29.6
2026-06-26,居家生活,2908,特力,21.2
2026-06-26,居家生活,8464,億豐,350.5
2026-06-26,居家生活,9934,成霖,9.86
2026-06-26,散熱,2421,建準,137.0
2026-06-26,散熱,3017,奇鋐,2255.0
2026-06-26,散熱,3653,健策,3405.0
2026-06-26,散熱,6230,尼得科超眾,122.0
2026-06-26,散裝航運,2605,新興,29.3
2026-06-26,散裝航運,2612,中航,51.5
2026-06-26,散裝航運,2617,台航,29.15
2026-06-26,散裝航運,2637,慧洋-KY,71.7
2026-06-26,機器人,1590,亞德客-KY,1360.0
2026-06-26,機器人,2049,上銀,307.0
2026-06-26,機器人,2308,台達電,1810.0
2026-06-26,機器人,2359,所羅門,126.5
2026-06-26,機器人,2464,盟立,155.5
2026-06-26,機器人,6166,凌華,142.0
2026-06-26,機能紡織,1402,遠東新,28.5
2026-06-26,機能紡織,1476,儒鴻,315.5
2026-06-26,機能紡織,1477,聚陽,216.0
2026-06-26,機能紡織,4438,廣越,58.4
2026-06-26,水泥,1101,台泥,24.15
2026-06-26,水泥,1102,亞泥,35.75
2026-06-26,水泥,1103,嘉泥,13.4
2026-06-26,水泥,1104,環泥,26.55
2026-06-26,汽車整車,2201,裕隆,26.8
2026-06-26,汽車整車,2204,中華,55.0
2026-06-26,汽車整車,2207,和泰車,481.0
2026-06-26,汽車零組件,1319,東陽,77.3
2026-06-26,汽車零組件,1521,大億,25.9
2026-06-26,汽車零組件,1536,和大,47.1
2026-06-26,汽車零組件,2227,裕日車,48.75
2026-06-26,汽車零組件,2231,為升,88.2
2026-06-26,汽車零組件,4551,智伸科,225.0
2026-06-26,營建,2501,國建,24.15
2026-06-26,營建,2520,冠德,34.1
2026-06-26,營建,2542,興富發,42.9
2026-06-26,營建,2548,華固,102.5
2026-06-26,營建,2608,嘉里大榮,28.75
2026-06-26,特用化學,1711,永光,42.55
2026-06-26,特用化學,1723,中碳,83.6
2026-06-26,特用化學,1773,勝一,165.0
2026-06-26,特用化學,4763,材料*-KY,43.5
2026-06-26,玻璃陶瓷,1802,台玻,66.0
2026-06-26,玻璃陶瓷,1806,冠軍,8.06
2026-06-26,玻璃陶瓷,1809,中釉,47.85
2026-06-26,玻璃陶瓷,1810,和成,19.4
2026-06-26,環保,8341,日友,78.1
2026-06-26,生技製藥,1707,葡萄王,95.4
2026-06-26,生技製藥,1720,生達,62.7
2026-06-26,生技製藥,1760,寶齡富錦,59.6
2026-06-26,生技製藥,1789,神隆,20.0
2026-06-26,百貨零售,2903,遠百,23.15
2026-06-26,百貨零售,2912,統一超,223.0
2026-06-26,百貨零售,5907,大洋-KY,4.81
2026-06-26,百貨零售,8454,富邦媒,325.5
2026-06-26,石化能源,1301,台塑,52.2
2026-06-26,石化能源,1303,南亞,148.0
2026-06-26,石化能源,1314,中石化,7.97
2026-06-26,石化能源,6505,台塑化,53.5
2026-06-26,石化能源,8926,台汽電,76.2
2026-06-26,系統整合,2427,三商電,21.75
2026-06-26,系統整合,2480,敦陽科,153.0
2026-06-26,系統整合,3029,零壹,95.8
2026-06-26,系統整合,6214,精誠,128.0
2026-06-26,網通,2345,智邦,2380.0
2026-06-26,網通,2412,中華電,143.0
2026-06-26,網通,4904,遠傳,107.0
2026-06-26,網通,5388,中磊,76.6
2026-06-26,網通,6285,啟碁,236.0
2026-06-26,自行車,9914,美利達,73.6
2026-06-26,自行車,9921,巨大,76.5
2026-06-26,航空,2610,華航,23.2
2026-06-26,航空,2618,長榮航,43.8
2026-06-26,航空,2646,星宇航空,21.2
2026-06-26,被動元件,2327,國巨*,1015.0
2026-06-26,被動元件,2492,華新科,540.0
2026-06-26,被動元件,3026,禾伸堂,729.0
2026-06-26,記憶體,2337,旺宏,162.5
2026-06-26,記憶體,2344,華邦電,206.5
2026-06-26,記憶體,2408,南亞科,449.0
2026-06-26,記憶體,4967,十銓,265.0
2026-06-26,記憶體,8271,宇瞻,198.0
2026-06-26,貨櫃航運,2603,長榮,181.0
2026-06-26,貨櫃航運,2609,陽明,50.1
2026-06-26,貨櫃航運,2615,萬海,76.7
2026-06-26,輪胎橡膠,2101,南港,31.15
2026-06-26,輪胎橡膠,2103,台橡,20.25
2026-06-26,輪胎橡膠,2105,正新,29.4
2026-06-26,輪胎橡膠,2106,建大,16.85
2026-06-26,造紙,1904,正隆,21.25
2026-06-26,造紙,1905,華紙,16.5
2026-06-26,造紙,1907,永豐餘,27.0
2026-06-26,運動健身,1598,岱宇,19.2
2026-06-26,運動健身,1736,喬山,118.5
2026-06-26,運動健身,8462,柏文,136.0
2026-06-26,運動健身,9904,寶成,25.3
2026-06-26,醫療器材,4104,佳醫,68.7
2026-06-26,醫療器材,4133,亞諾法,20.25
2026-06-26,醫療器材,4736,泰博,123.0
2026-06-26,醫療器材,6491,晶碩,322.0
2026-06-26,重電,1503,士電,233.5
2026-06-26,重電,1513,中興電,175.5
2026-06-26,重電,1519,華城,780.0
2026-06-26,重電,1609,大亞,35.3
2026-06-26,重電,1618,合機,39.6
2026-06-26,金控銀行,2880,華南金,36.9
2026-06-26,金控銀行,2881,富邦金,134.0
2026-06-26,金控銀行,2882,國泰金,106.0
2026-06-26,金控銀行,2884,玉山金,34.55
2026-06-26,金控銀行,2886,兆豐金,46.15
2026-06-26,鋼鐵,2002,中鋼,19.0
2026-06-26,鋼鐵,2006,東和鋼鐵,69.8
2026-06-26,鋼鐵,2014,中鴻,17.5
2026-06-26,鋼鐵,2027,大成鋼,39.9
2026-06-26,鋼鐵,2031,新光鋼,38.55
2026-06-26,雲端服務,3045,台灣大,118.5
2026-06-26,雲端服務,4994,傳奇,89.1
2026-06-26,雲端服務,8454,富邦媒,325.5
2026-06-26,電子檢測,2360,致茂,2035.0
2026-06-26,電子檢測,3130,一零四,220.5
2026-06-26,電子檢測,3563,牧德,675.0
2026-06-26,電線電纜,1605,華新,35.4
2026-06-26,電線電纜,1608,華榮,32.8
2026-06-26,電線電纜,1609,大亞,35.3
2026-06-26,電線電纜,1612,宏泰,37.05
2026-06-26,電線電纜,1618,合機,39.6
2026-06-26,面板,2409,友達,27.95
2026-06-26,面板,3481,群創,65.0
2026-06-26,面板,6116,彩晶,18.25
2026-06-26,食品製造,1201,味全,12.2
2026-06-26,食品製造,1203,味王,42.5
2026-06-26,食品製造,1210,大成,55.2
2026-06-26,食品製造,1215,卜蜂,114.0
2026-06-26,食品製造,1227,佳格,29.05
2026-06-26,食品製造,1231,聯華食,87.1
2026-06-26,飯店餐旅,2704,國賓,44.0
2026-06-26,飯店餐旅,2707,晶華,178.5
2026-06-26,飯店餐旅,2712,遠雄來,15.0
2026-06-26,飯店餐旅,2727,王品,246.5
2026-06-29,ABF載板,3037,欣興,976.0
2026-06-29,ABF載板,3189,景碩,810.0
2026-06-29,ABF載板,8046,南電,1080.0
2026-06-29,AI伺服器,2317,鴻海,246.5
2026-06-29,AI伺服器,2382,廣達,367.0
2026-06-29,AI伺服器,3017,奇鋐,2300.0
2026-06-29,AI伺服器,3231,緯創,154.5
2026-06-29,AI伺服器,6669,緯穎,4580.0
2026-06-29,CCL銅箔基板,2383,台光電,5450.0
2026-06-29,CCL銅箔基板,6213,聯茂,344.0
2026-06-29,IC設計,2379,瑞昱,783.0
2026-06-29,IC設計,2454,聯發科,3910.0
2026-06-29,IC設計,3034,聯詠,523.0
2026-06-29,IC設計,3443,創意,4420.0
2026-06-29,IC設計,3661,世芯-KY,3985.0
2026-06-29,IC設計,5269,祥碩,1475.0
2026-06-29,LED光電,2393,億光,66.7
2026-06-29,LED光電,3031,佰鴻,30.65
2026-06-29,LED光電,3596,智易,188.0
2026-06-29,LED光電,3714,富采,62.4
2026-06-29,PCB,2313,華通,221.0
2026-06-29,PCB,2367,燿華,54.7
2026-06-29,PCB,3037,欣興,976.0
2026-06-29,PCB,3044,健鼎,499.5
2026-06-29,PCB,4958,臻鼎-KY,573.0
2026-06-29,PCB,5469,瀚宇博,89.3
2026-06-29,PCB,6191,精成科,106.0
2026-06-29,PCB,8046,南電,1080.0
2026-06-29,保險,2851,中再保,34.65
2026-06-29,保險,2867,三商壽,8.4
2026-06-29,光學鏡頭,3008,大立光,4380.0
2026-06-29,光學鏡頭,3406,玉晶光,657.0
2026-06-29,光學鏡頭,3504,揚明光,77.8
2026-06-29,光通訊,3450,聯鈞,505.0
2026-06-29,光通訊,4977,眾達-KY,167.0
2026-06-29,光通訊,6442,光聖,1600.0
2026-06-29,其他綜合,9907,統一實,15.2
2026-06-29,其他綜合,9911,櫻花,83.6
2026-06-29,其他綜合,9924,福興,39.9
2026-06-29,其他綜合,9933,中鼎,41.95
2026-06-29,半導體設備,2467,志聖,569.0
2026-06-29,半導體設備,3583,辛耘,861.0
2026-06-29,半導體設備,6196,帆宣,532.0
2026-06-29,半導體通路,2347,聯強,91.5
2026-06-29,半導體通路,3036,文曄,209.0
2026-06-29,半導體通路,3702,大聯大,104.5
2026-06-29,半導體通路,8112,至上,92.1
2026-06-29,塑化,1301,台塑,53.2
2026-06-29,塑化,1303,南亞,151.5
2026-06-29,塑化,1304,台聚,13.2
2026-06-29,塑化,1305,華夏,12.9
2026-06-29,塑化,1308,亞聚,13.8
2026-06-29,塑化,1314,中石化,8.11
2026-06-29,太陽能,3576,聯合再生,16.8
2026-06-29,太陽能,6443,元晶,34.65
2026-06-29,太陽能,6477,安集,30.4
2026-06-29,居家生活,2908,特力,21.45
2026-06-29,居家生活,8464,億豐,346.5
2026-06-29,居家生活,9934,成霖,9.96
2026-06-29,散熱,2421,建準,138.0
2026-06-29,散熱,3017,奇鋐,2300.0
2026-06-29,散熱,3653,健策,3320.0
2026-06-29,散熱,6230,尼得科超眾,121.0
2026-06-29,散裝航運,2605,新興,29.9
2026-06-29,散裝航運,2612,中航,52.0
2026-06-29,散裝航運,2617,台航,29.45
2026-06-29,散裝航運,2637,慧洋-KY,72.6
2026-06-29,機器人,1590,亞德客-KY,1355.0
2026-06-29,機器人,2049,上銀,318.5
2026-06-29,機器人,2308,台達電,1905.0
2026-06-29,機器人,2359,所羅門,128.5
2026-06-29,機器人,2464,盟立,160.0
2026-06-29,機器人,6166,凌華,139.5
2026-06-29,機能紡織,1402,遠東新,29.05
2026-06-29,機能紡織,1476,儒鴻,325.5
2026-06-29,機能紡織,1477,聚陽,222.0
2026-06-29,機能紡織,4438,廣越,59.3
2026-06-29,水泥,1101,台泥,24.15
2026-06-29,水泥,1102,亞泥,35.45
2026-06-29,水泥,1103,嘉泥,13.45
2026-06-29,水泥,1104,環泥,27.0
2026-06-29,汽車整車,2201,裕隆,27.4
2026-06-29,汽車整車,2204,中華,55.6
2026-06-29,汽車整車,2207,和泰車,478.5
2026-06-29,汽車零組件,1319,東陽,76.2
2026-06-29,汽車零組件,1521,大億,25.95
2026-06-29,汽車零組件,1536,和大,47.6
2026-06-29,汽車零組件,2227,裕日車,48.8
2026-06-29,汽車零組件,2231,為升,92.0
2026-06-29,汽車零組件,4551,智伸科,224.5
2026-06-29,營建,2501,國建,24.2
2026-06-29,營建,2520,冠德,34.5
2026-06-29,營建,2542,興富發,43.1
2026-06-29,營建,2548,華固,102.5
2026-06-29,營建,2608,嘉里大榮,28.7
2026-06-29,特用化學,1711,永光,43.6
2026-06-29,特用化學,1723,中碳,83.0
2026-06-29,特用化學,1773,勝一,168.0
2026-06-29,特用化學,4763,材料*-KY,47.85
2026-06-29,玻璃陶瓷,1802,台玻,68.0
2026-06-29,玻璃陶瓷,1806,冠軍,8.1
2026-06-29,玻璃陶瓷,1809,中釉,50.3
2026-06-29,玻璃陶瓷,1810,和成,19.9
2026-06-29,環保,8341,日友,75.5
2026-06-29,生技製藥,1707,葡萄王,93.8
2026-06-29,生技製藥,1720,生達,63.2
2026-06-29,生技製藥,1760,寶齡富錦,60.6
2026-06-29,生技製藥,1789,神隆,20.5
2026-06-29,百貨零售,2903,遠百,23.45
2026-06-29,百貨零售,2912,統一超,224.0
2026-06-29,百貨零售,5907,大洋-KY,4.8
2026-06-29,百貨零售,8454,富邦媒,304.0
2026-06-29,石化能源,1301,台塑,53.2
2026-06-29,石化能源,1303,南亞,151.5
2026-06-29,石化能源,1314,中石化,8.11
2026-06-29,石化能源,6505,台塑化,55.3
2026-06-29,石化能源,8926,台汽電,76.9
2026-06-29,系統整合,2427,三商電,22.2
2026-06-29,系統整合,2480,敦陽科,150.0
2026-06-29,系統整合,3029,零壹,97.4
2026-06-29,系統整合,6214,精誠,129.0
2026-06-29,網通,2345,智邦,2340.0
2026-06-29,網通,2412,中華電,142.0
2026-06-29,網通,4904,遠傳,106.0
2026-06-29,網通,5388,中磊,77.4
2026-06-29,網通,6285,啟碁,236.0
2026-06-29,自行車,9914,美利達,78.0
2026-06-29,自行車,9921,巨大,77.1
2026-06-29,航空,2610,華航,23.1
2026-06-29,航空,2618,長榮航,43.9
2026-06-29,航空,2646,星宇航空,21.05
2026-06-29,被動元件,2327,國巨*,1040.0
2026-06-29,被動元件,2492,華新科,514.0
2026-06-29,被動元件,3026,禾伸堂,766.0
2026-06-29,記憶體,2337,旺宏,158.5
2026-06-29,記憶體,2344,華邦電,203.0
2026-06-29,記憶體,2408,南亞科,453.0
2026-06-29,記憶體,4967,十銓,264.0
2026-06-29,記憶體,8271,宇瞻,193.5
2026-06-29,貨櫃航運,2603,長榮,184.0
2026-06-29,貨櫃航運,2609,陽明,51.4
2026-06-29,貨櫃航運,2615,萬海,78.6
2026-06-29,輪胎橡膠,2101,南港,31.85
2026-06-29,輪胎橡膠,2103,台橡,20.65
2026-06-29,輪胎橡膠,2105,正新,30.25
2026-06-29,輪胎橡膠,2106,建大,17.1
2026-06-29,造紙,1904,正隆,21.35
2026-06-29,造紙,1905,華紙,16.95
2026-06-29,造紙,1907,永豐餘,27.35
2026-06-29,運動健身,1598,岱宇,19.35
2026-06-29,運動健身,1736,喬山,129.5
2026-06-29,運動健身,8462,柏文,142.0
2026-06-29,運動健身,9904,寶成,25.4
2026-06-29,醫療器材,4104,佳醫,69.2
2026-06-29,醫療器材,4133,亞諾法,20.7
2026-06-29,醫療器材,4736,泰博,123.5
2026-06-29,醫療器材,6491,晶碩,331.0
2026-06-29,重電,1503,士電,237.5
2026-06-29,重電,1513,中興電,175.5
2026-06-29,重電,1519,華城,783.0
2026-06-29,重電,1609,大亞,36.85
2026-06-29,重電,1618,合機,40.55
2026-06-29,金控銀行,2880,華南金,37.3
2026-06-29,金控銀行,2881,富邦金,128.5
2026-06-29,金控銀行,2882,國泰金,101.5
2026-06-29,金控銀行,2884,玉山金,34.5
2026-06-29,金控銀行,2886,兆豐金,46.2
2026-06-29,鋼鐵,2002,中鋼,19.05
2026-06-29,鋼鐵,2006,東和鋼鐵,70.0
2026-06-29,鋼鐵,2014,中鴻,17.4
2026-06-29,鋼鐵,2027,大成鋼,40.4
2026-06-29,鋼鐵,2031,新光鋼,38.3
2026-06-29,雲端服務,3045,台灣大,118.0
2026-06-29,雲端服務,4994,傳奇,90.7
2026-06-29,雲端服務,8454,富邦媒,304.0
2026-06-29,電子檢測,2360,致茂,2080.0
2026-06-29,電子檢測,3130,一零四,221.0
2026-06-29,電子檢測,3563,牧德,660.0
2026-06-29,電線電纜,1605,華新,35.4
2026-06-29,電線電纜,1608,華榮,32.95
2026-06-29,電線電纜,1609,大亞,36.85
2026-06-29,電線電纜,1612,宏泰,37.0
2026-06-29,電線電纜,1618,合機,40.55
2026-06-29,面板,2409,友達,30.6
2026-06-29,面板,3481,群創,67.0
2026-06-29,面板,6116,彩晶,19.25
2026-06-29,食品製造,1201,味全,12.3
2026-06-29,食品製造,1203,味王,43.1
2026-06-29,食品製造,1210,大成,55.2
2026-06-29,食品製造,1215,卜蜂,115.5
2026-06-29,食品製造,1227,佳格,29.35
2026-06-29,食品製造,1231,聯華食,88.1
2026-06-29,飯店餐旅,2704,國賓,44.3
2026-06-29,飯店餐旅,2707,晶華,180.0
2026-06-29,飯店餐旅,2712,遠雄來,15.2
2026-06-29,飯店餐旅,2727,王品,249.0
2026-06-30,ABF載板,3037,欣興,1070.0
2026-06-30,ABF載板,3189,景碩,891.0
2026-06-30,ABF載板,8046,南電,1185.0
2026-06-30,AI伺服器,2317,鴻海,251.0
2026-06-30,AI伺服器,2382,廣達,368.0
2026-06-30,AI伺服器,3017,奇鋐,2525.0
2026-06-30,AI伺服器,3231,緯創,158.5
2026-06-30,AI伺服器,6669,緯穎,4635.0
2026-06-30,CCL銅箔基板,2383,台光電,5390.0
2026-06-30,CCL銅箔基板,6213,聯茂,370.5
2026-06-30,IC設計,2379,瑞昱,806.0
2026-06-30,IC設計,2454,聯發科,4245.0
2026-06-30,IC設計,3034,聯詠,535.0
2026-06-30,IC設計,3443,創意,4845.0
2026-06-30,IC設計,3661,世芯-KY,4180.0
2026-06-30,IC設計,5269,祥碩,1470.0
2026-06-30,LED光電,2393,億光,68.0
2026-06-30,LED光電,3031,佰鴻,33.5
2026-06-30,LED光電,3596,智易,192.0
2026-06-30,LED光電,3714,富采,64.8
2026-06-30,PCB,2313,華通,232.5
2026-06-30,PCB,2367,燿華,56.6
2026-06-30,PCB,3037,欣興,1070.0
2026-06-30,PCB,3044,健鼎,518.0
2026-06-30,PCB,4958,臻鼎-KY,630.0
2026-06-30,PCB,5469,瀚宇博,89.3
2026-06-30,PCB,6191,精成科,106.5
2026-06-30,PCB,8046,南電,1185.0
2026-06-30,保險,2851,中再保,36.15
2026-06-30,保險,2867,三商壽,8.34
2026-06-30,光學鏡頭,3008,大立光,4290.0
2026-06-30,光學鏡頭,3406,玉晶光,659.0
2026-06-30,光學鏡頭,3504,揚明光,80.2
2026-06-30,光通訊,3450,聯鈞,532.0
2026-06-30,光通訊,4977,眾達-KY,169.5
2026-06-30,光通訊,6442,光聖,1640.0
2026-06-30,其他綜合,9907,統一實,15.15
2026-06-30,其他綜合,9911,櫻花,82.8
2026-06-30,其他綜合,9924,福興,39.5
2026-06-30,其他綜合,9933,中鼎,41.85
2026-06-30,半導體設備,2467,志聖,620.0
2026-06-30,半導體設備,3583,辛耘,904.0
2026-06-30,半導體設備,6196,帆宣,554.0
2026-06-30,半導體通路,2347,聯強,91.1
2026-06-30,半導體通路,3036,文曄,214.0
2026-06-30,半導體通路,3702,大聯大,107.0
2026-06-30,半導體通路,8112,至上,92.4
2026-06-30,塑化,1301,台塑,54.5
2026-06-30,塑化,1303,南亞,166.5
2026-06-30,塑化,1304,台聚,13.55
2026-06-30,塑化,1305,華夏,13.1
2026-06-30,塑化,1308,亞聚,14.1
2026-06-30,塑化,1314,中石化,8.36
2026-06-30,太陽能,3576,聯合再生,17.4
2026-06-30,太陽能,6443,元晶,35.45
2026-06-30,太陽能,6477,安集,33.4
2026-06-30,居家生活,2908,特力,21.4
2026-06-30,居家生活,8464,億豐,346.0
2026-06-30,居家生活,9934,成霖,10.1
2026-06-30,散熱,2421,建準,142.0
2026-06-30,散熱,3017,奇鋐,2525.0
2026-06-30,散熱,3653,健策,3430.0
2026-06-30,散熱,6230,尼得科超眾,124.0
2026-06-30,散裝航運,2605,新興,29.5
2026-06-30,散裝航運,2612,中航,51.5
2026-06-30,散裝航運,2617,台航,29.7
2026-06-30,散裝航運,2637,慧洋-KY,72.6
2026-06-30,機器人,1590,亞德客-KY,1335.0
2026-06-30,機器人,2049,上銀,325.0
2026-06-30,機器人,2308,台達電,1950.0
2026-06-30,機器人,2359,所羅門,130.5
2026-06-30,機器人,2464,盟立,173.0
2026-06-30,機器人,6166,凌華,139.5
2026-06-30,機能紡織,1402,遠東新,28.5
2026-06-30,機能紡織,1476,儒鴻,312.5
2026-06-30,機能紡織,1477,聚陽,219.0
2026-06-30,機能紡織,4438,廣越,59.4
2026-06-30,水泥,1101,台泥,24.05
2026-06-30,水泥,1102,亞泥,35.0
2026-06-30,水泥,1103,嘉泥,13.4
2026-06-30,水泥,1104,環泥,26.8
2026-06-30,汽車整車,2201,裕隆,27.2
2026-06-30,汽車整車,2204,中華,55.4
2026-06-30,汽車整車,2207,和泰車,465.5
2026-06-30,汽車零組件,1319,東陽,77.4
2026-06-30,汽車零組件,1521,大億,25.6
2026-06-30,汽車零組件,1536,和大,47.7
2026-06-30,汽車零組件,2227,裕日車,49.5
2026-06-30,汽車零組件,2231,為升,101.0
2026-06-30,汽車零組件,4551,智伸科,225.0
2026-06-30,營建,2501,國建,24.7
2026-06-30,營建,2520,冠德,33.95
2026-06-30,營建,2542,興富發,43.05
2026-06-30,營建,2548,華固,102.0
2026-06-30,營建,2608,嘉里大榮,28.85
2026-06-30,特用化學,1711,永光,44.9
2026-06-30,特用化學,1723,中碳,82.3
2026-06-30,特用化學,1773,勝一,170.0
2026-06-30,特用化學,4763,材料*-KY,47.4
2026-06-30,玻璃陶瓷,1802,台玻,74.8
2026-06-30,玻璃陶瓷,1806,冠軍,8.11
2026-06-30,玻璃陶瓷,1809,中釉,54.2
2026-06-30,玻璃陶瓷,1810,和成,21.35
2026-06-30,環保,8341,日友,75.9
2026-06-30,生技製藥,1707,葡萄王,92.1
2026-06-30,生技製藥,1720,生達,63.3
2026-06-30,生技製藥,1760,寶齡富錦,60.9
2026-06-30,生技製藥,1789,神隆,20.65
2026-06-30,百貨零售,2903,遠百,23.0
2026-06-30,百貨零售,2912,統一超,223.0
2026-06-30,百貨零售,5907,大洋-KY,4.82
2026-06-30,百貨零售,8454,富邦媒,297.5
2026-06-30,石化能源,1301,台塑,54.5
2026-06-30,石化能源,1303,南亞,166.5
2026-06-30,石化能源,1314,中石化,8.36
2026-06-30,石化能源,6505,台塑化,55.1
2026-06-30,石化能源,8926,台汽電,76.3
2026-06-30,系統整合,2427,三商電,22.15
2026-06-30,系統整合,2480,敦陽科,156.0
2026-06-30,系統整合,3029,零壹,100.0
2026-06-30,系統整合,6214,精誠,134.0
2026-06-30,網通,2345,智邦,2495.0
2026-06-30,網通,2412,中華電,141.5
2026-06-30,網通,4904,遠傳,105.0
2026-06-30,網通,5388,中磊,80.8
2026-06-30,網通,6285,啟碁,259.5
2026-06-30,自行車,9914,美利達,78.3
2026-06-30,自行車,9921,巨大,78.7
2026-06-30,航空,2610,華航,23.7
2026-06-30,航空,2618,長榮航,44.9
2026-06-30,航空,2646,星宇航空,21.1
2026-06-30,被動元件,2327,國巨*,1140.0
2026-06-30,被動元件,2492,華新科,565.0
2026-06-30,被動元件,3026,禾伸堂,842.0
2026-06-30,記憶體,2337,旺宏,155.5
2026-06-30,記憶體,2344,華邦電,207.5
2026-06-30,記憶體,2408,南亞科,452.5
2026-06-30,記憶體,4967,十銓,263.5
2026-06-30,記憶體,8271,宇瞻,194.5
2026-06-30,貨櫃航運,2603,長榮,184.5
2026-06-30,貨櫃航運,2609,陽明,52.0
2026-06-30,貨櫃航運,2615,萬海,79.2
2026-06-30,輪胎橡膠,2101,南港,31.4
2026-06-30,輪胎橡膠,2103,台橡,20.7
2026-06-30,輪胎橡膠,2105,正新,29.95
2026-06-30,輪胎橡膠,2106,建大,16.85
2026-06-30,造紙,1904,正隆,21.4
2026-06-30,造紙,1905,華紙,16.6
2026-06-30,造紙,1907,永豐餘,27.1
2026-06-30,運動健身,1598,岱宇,18.95
2026-06-30,運動健身,1736,喬山,125.5
2026-06-30,運動健身,8462,柏文,143.0
2026-06-30,運動健身,9904,寶成,25.35
2026-06-30,醫療器材,4104,佳醫,68.7
2026-06-30,醫療器材,4133,亞諾法,20.45
2026-06-30,醫療器材,4736,泰博,124.5
2026-06-30,醫療器材,6491,晶碩,345.0
2026-06-30,重電,1503,士電,239.5
2026-06-30,重電,1513,中興電,177.0
2026-06-30,重電,1519,華城,776.0
2026-06-30,重電,1609,大亞,38.0
2026-06-30,重電,1618,合機,41.15
2026-06-30,金控銀行,2880,華南金,38.0
2026-06-30,金控銀行,2881,富邦金,129.5
2026-06-30,金控銀行,2882,國泰金,98.3
2026-06-30,金控銀行,2884,玉山金,34.45
2026-06-30,金控銀行,2886,兆豐金,46.1
2026-06-30,鋼鐵,2002,中鋼,18.8
2026-06-30,鋼鐵,2006,東和鋼鐵,67.4
2026-06-30,鋼鐵,2014,中鴻,17.25
2026-06-30,鋼鐵,2027,大成鋼,40.35
2026-06-30,鋼鐵,2031,新光鋼,37.85
2026-06-30,雲端服務,3045,台灣大,116.5
2026-06-30,雲端服務,4994,傳奇,92.1
2026-06-30,雲端服務,8454,富邦媒,297.5
2026-06-30,電子檢測,2360,致茂,2160.0
2026-06-30,電子檢測,3130,一零四,222.5
2026-06-30,電子檢測,3563,牧德,708.0
2026-06-30,電線電纜,1605,華新,37.2
2026-06-30,電線電纜,1608,華榮,33.65
2026-06-30,電線電纜,1609,大亞,38.0
2026-06-30,電線電纜,1612,宏泰,37.1
2026-06-30,電線電纜,1618,合機,41.15
2026-06-30,面板,2409,友達,32.7
2026-06-30,面板,3481,群創,68.7
2026-06-30,面板,6116,彩晶,19.6
2026-06-30,食品製造,1201,味全,12.3
2026-06-30,食品製造,1203,味王,43.5
2026-06-30,食品製造,1210,大成,55.5
2026-06-30,食品製造,1215,卜蜂,113.5
2026-06-30,食品製造,1227,佳格,29.35
2026-06-30,食品製造,1231,聯華食,87.1
2026-06-30,飯店餐旅,2704,國賓,44.65
2026-06-30,飯店餐旅,2707,晶華,178.5
2026-06-30,飯店餐旅,2712,遠雄來,15.25
2026-06-30,飯店餐旅,2727,王品,247.0
2026-07-01,ABF載板,3037,欣興,1040.0
2026-07-01,ABF載板,3189,景碩,888.0
2026-07-01,ABF載板,8046,南電,1175.0
2026-07-01,AI伺服器,2317,鴻海,248.0
2026-07-01,AI伺服器,2382,廣達,372.0
2026-07-01,AI伺服器,3017,奇鋐,2620.0
2026-07-01,AI伺服器,3231,緯創,159.5
2026-07-01,AI伺服器,6669,緯穎,5035.0
2026-07-01,CCL銅箔基板,2383,台光電,5535.0
2026-07-01,CCL銅箔基板,6213,聯茂,360.0
2026-07-01,IC設計,2379,瑞昱,829.0
2026-07-01,IC設計,2454,聯發科,4335.0
2026-07-01,IC設計,3034,聯詠,538.0
2026-07-01,IC設計,3443,創意,5045.0
2026-07-01,IC設計,3661,世芯-KY,4450.0
2026-07-01,IC設計,5269,祥碩,1470.0
2026-07-01,LED光電,2393,億光,69.6
2026-07-01,LED光電,3031,佰鴻,34.5
2026-07-01,LED光電,3596,智易,193.5
2026-07-01,LED光電,3714,富采,62.4
2026-07-01,PCB,2313,華通,220.0
2026-07-01,PCB,2367,燿華,53.7
2026-07-01,PCB,3037,欣興,1040.0
2026-07-01,PCB,3044,健鼎,506.0
2026-07-01,PCB,4958,臻鼎-KY,603.0
2026-07-01,PCB,5469,瀚宇博,86.6
2026-07-01,PCB,6191,精成科,103.5
2026-07-01,PCB,8046,南電,1175.0
2026-07-01,保險,2851,中再保,36.0
2026-07-01,保險,2867,三商壽,8.25
2026-07-01,光學鏡頭,3008,大立光,4330.0
2026-07-01,光學鏡頭,3406,玉晶光,641.0
2026-07-01,光學鏡頭,3504,揚明光,76.7
2026-07-01,光通訊,3450,聯鈞,512.0
2026-07-01,光通訊,4977,眾達-KY,157.0
2026-07-01,光通訊,6442,光聖,1575.0
2026-07-01,其他綜合,9907,統一實,15.45
2026-07-01,其他綜合,9911,櫻花,83.5
2026-07-01,其他綜合,9924,福興,39.9
2026-07-01,其他綜合,9933,中鼎,40.8
2026-07-01,半導體設備,2467,志聖,646.0
2026-07-01,半導體設備,3583,辛耘,905.0
2026-07-01,半導體設備,6196,帆宣,571.0
2026-07-01,半導體通路,2347,聯強,93.6
2026-07-01,半導體通路,3036,文曄,211.0
2026-07-01,半導體通路,3702,大聯大,110.0
2026-07-01,半導體通路,8112,至上,89.7
2026-07-01,塑化,1301,台塑,54.3
2026-07-01,塑化,1303,南亞,183.0
2026-07-01,塑化,1304,台聚,13.5
2026-07-01,塑化,1305,華夏,13.0
2026-07-01,塑化,1308,亞聚,14.05
2026-07-01,塑化,1314,中石化,8.38
2026-07-01,太陽能,3576,聯合再生,16.8
2026-07-01,太陽能,6443,元晶,34.5
2026-07-01,太陽能,6477,安集,34.25
2026-07-01,居家生活,2908,特力,21.3
2026-07-01,居家生活,8464,億豐,357.0
2026-07-01,居家生活,9934,成霖,10.05
2026-07-01,散熱,2421,建準,146.0
2026-07-01,散熱,3017,奇鋐,2620.0
2026-07-01,散熱,3653,健策,3400.0
2026-07-01,散熱,6230,尼得科超眾,125.0
2026-07-01,散裝航運,2605,新興,28.9
2026-07-01,散裝航運,2612,中航,51.4
2026-07-01,散裝航運,2617,台航,29.65
2026-07-01,散裝航運,2637,慧洋-KY,71.4
2026-07-01,機器人,1590,亞德客-KY,1375.0
2026-07-01,機器人,2049,上銀,348.5
2026-07-01,機器人,2308,台達電,1990.0
2026-07-01,機器人,2359,所羅門,133.5
2026-07-01,機器人,2464,盟立,190.0
2026-07-01,機器人,6166,凌華,129.5
2026-07-01,機能紡織,1402,遠東新,28.3
2026-07-01,機能紡織,1476,儒鴻,311.5
2026-07-01,機能紡織,1477,聚陽,224.0
2026-07-01,機能紡織,4438,廣越,59.3
2026-07-01,水泥,1101,台泥,23.0
2026-07-01,水泥,1102,亞泥,35.1
2026-07-01,水泥,1103,嘉泥,13.35
2026-07-01,水泥,1104,環泥,26.75
2026-07-01,汽車整車,2201,裕隆,26.9
2026-07-01,汽車整車,2204,中華,56.5
2026-07-01,汽車整車,2207,和泰車,465.0
2026-07-01,汽車零組件,1319,東陽,76.1
2026-07-01,汽車零組件,1521,大億,25.3
2026-07-01,汽車零組件,1536,和大,47.8
2026-07-01,汽車零組件,2227,裕日車,49.45
2026-07-01,汽車零組件,2231,為升,108.5
2026-07-01,汽車零組件,4551,智伸科,234.0
2026-07-01,營建,2501,國建,24.0
2026-07-01,營建,2520,冠德,34.3
2026-07-01,營建,2542,興富發,42.35
2026-07-01,營建,2548,華固,102.0
2026-07-01,營建,2608,嘉里大榮,28.95
2026-07-01,特用化學,1711,永光,44.0
2026-07-01,特用化學,1723,中碳,81.0
2026-07-01,特用化學,1773,勝一,169.0
2026-07-01,特用化學,4763,材料*-KY,47.9
2026-07-01,玻璃陶瓷,1802,台玻,71.1
2026-07-01,玻璃陶瓷,1806,冠軍,8.06
2026-07-01,玻璃陶瓷,1809,中釉,55.2
2026-07-01,玻璃陶瓷,1810,和成,20.85
2026-07-01,環保,8341,日友,75.8
2026-07-01,生技製藥,1707,葡萄王,91.1
2026-07-01,生技製藥,1720,生達,63.3
2026-07-01,生技製藥,1760,寶齡富錦,60.9
2026-07-01,生技製藥,1789,神隆,20.8
2026-07-01,百貨零售,2903,遠百,21.8
2026-07-01,百貨零售,2912,統一超,223.5
2026-07-01,百貨零售,5907,大洋-KY,4.83
2026-07-01,百貨零售,8454,富邦媒,276.0
2026-07-01,石化能源,1301,台塑,54.3
2026-07-01,石化能源,1303,南亞,183.0
2026-07-01,石化能源,1314,中石化,8.38
2026-07-01,石化能源,6505,台塑化,53.6
2026-07-01,石化能源,8926,台汽電,74.3
2026-07-01,系統整合,2427,三商電,22.05
2026-07-01,系統整合,2480,敦陽科,156.0
2026-07-01,系統整合,3029,零壹,99.2
2026-07-01,系統整合,6214,精誠,131.0
2026-07-01,網通,2345,智邦,2660.0
2026-07-01,網通,2412,中華電,141.5
2026-07-01,網通,4904,遠傳,103.5
2026-07-01,網通,5388,中磊,79.6
2026-07-01,網通,6285,啟碁,249.0
2026-07-01,自行車,9914,美利達,77.7
2026-07-01,自行車,9921,巨大,77.4
2026-07-01,航空,2610,華航,22.55
2026-07-01,航空,2618,長榮航,43.9
2026-07-01,航空,2646,星宇航空,21.05
2026-07-01,被動元件,2327,國巨*,1140.0
2026-07-01,被動元件,2492,華新科,603.0
2026-07-01,被動元件,3026,禾伸堂,899.0
2026-07-01,記憶體,2337,旺宏,143.5
2026-07-01,記憶體,2344,華邦電,190.0
2026-07-01,記憶體,2408,南亞科,421.0
2026-07-01,記憶體,4967,十銓,250.5
2026-07-01,記憶體,8271,宇瞻,180.0
2026-07-01,貨櫃航運,2603,長榮,185.5
2026-07-01,貨櫃航運,2609,陽明,50.7
2026-07-01,貨櫃航運,2615,萬海,78.3
2026-07-01,輪胎橡膠,2101,南港,31.2
2026-07-01,輪胎橡膠,2103,台橡,20.6
2026-07-01,輪胎橡膠,2105,正新,30.1
2026-07-01,輪胎橡膠,2106,建大,16.85
2026-07-01,造紙,1904,正隆,20.9
2026-07-01,造紙,1905,華紙,16.05
2026-07-01,造紙,1907,永豐餘,27.15
2026-07-01,運動健身,1598,岱宇,19.05
2026-07-01,運動健身,1736,喬山,132.0
2026-07-01,運動健身,8462,柏文,143.0
2026-07-01,運動健身,9904,寶成,25.0
2026-07-01,醫療器材,4104,佳醫,69.0
2026-07-01,醫療器材,4133,亞諾法,20.55
2026-07-01,醫療器材,4736,泰博,123.5
2026-07-01,醫療器材,6491,晶碩,340.0
2026-07-01,重電,1503,士電,238.5
2026-07-01,重電,1513,中興電,177.0
2026-07-01,重電,1519,華城,757.0
2026-07-01,重電,1609,大亞,38.7
2026-07-01,重電,1618,合機,40.75
2026-07-01,金控銀行,2880,華南金,36.7
2026-07-01,金控銀行,2881,富邦金,122.5
2026-07-01,金控銀行,2882,國泰金,95.0
2026-07-01,金控銀行,2884,玉山金,32.9
2026-07-01,金控銀行,2886,兆豐金,46.15
2026-07-01,鋼鐵,2002,中鋼,18.65
2026-07-01,鋼鐵,2006,東和鋼鐵,67.9
2026-07-01,鋼鐵,2014,中鴻,17.1
2026-07-01,鋼鐵,2027,大成鋼,41.5
2026-07-01,鋼鐵,2031,新光鋼,37.7
2026-07-01,雲端服務,3045,台灣大,118.0
2026-07-01,雲端服務,4994,傳奇,90.5
2026-07-01,雲端服務,8454,富邦媒,276.0
2026-07-01,電子檢測,2360,致茂,2270.0
2026-07-01,電子檢測,3130,一零四,222.5
2026-07-01,電子檢測,3563,牧德,778.0
2026-07-01,電線電纜,1605,華新,35.75
2026-07-01,電線電纜,1608,華榮,33.75
2026-07-01,電線電纜,1609,大亞,38.7
2026-07-01,電線電纜,1612,宏泰,37.1
2026-07-01,電線電纜,1618,合機,40.75
2026-07-01,面板,2409,友達,30.65
2026-07-01,面板,3481,群創,67.4
2026-07-01,面板,6116,彩晶,18.35
2026-07-01,食品製造,1201,味全,12.35
2026-07-01,食品製造,1203,味王,43.55
2026-07-01,食品製造,1210,大成,55.8
2026-07-01,食品製造,1215,卜蜂,114.0
2026-07-01,食品製造,1227,佳格,29.1
2026-07-01,食品製造,1231,聯華食,88.2
2026-07-01,飯店餐旅,2704,國賓,43.8
2026-07-01,飯店餐旅,2707,晶華,178.0
2026-07-01,飯店餐旅,2712,遠雄來,14.9
2026-07-01,飯店餐旅,2727,王品,247.5
2026-07-02,ABF載板,3037,欣興,979.0
2026-07-02,ABF載板,3189,景碩,830.0
2026-07-02,ABF載板,8046,南電,1145.0
2026-07-02,AI伺服器,2317,鴻海,239.0
2026-07-02,AI伺服器,2382,廣達,369.0
2026-07-02,AI伺服器,3017,奇鋐,2740.0
2026-07-02,AI伺服器,3231,緯創,158.5
2026-07-02,AI伺服器,6669,緯穎,5200.0
2026-07-02,CCL銅箔基板,2383,台光電,5655.0
2026-07-02,CCL銅箔基板,6213,聯茂,358.5
2026-07-02,IC設計,2379,瑞昱,811.0
2026-07-02,IC設計,2454,聯發科,4345.0
2026-07-02,IC設計,3034,聯詠,541.0
2026-07-02,IC設計,3443,創意,5330.0
2026-07-02,IC設計,3661,世芯-KY,4895.0
2026-07-02,IC設計,5269,祥碩,1520.0
2026-07-02,LED光電,2393,億光,67.8
2026-07-02,LED光電,3031,佰鴻,33.2
2026-07-02,LED光電,3596,智易,191.5
2026-07-02,LED光電,3714,富采,62.1
2026-07-02,PCB,2313,華通,228.5
2026-07-02,PCB,2367,燿華,53.9
2026-07-02,PCB,3037,欣興,979.0
2026-07-02,PCB,3044,健鼎,506.0
2026-07-02,PCB,4958,臻鼎-KY,598.0
2026-07-02,PCB,5469,瀚宇博,87.5
2026-07-02,PCB,6191,精成科,110.0
2026-07-02,PCB,8046,南電,1145.0
2026-07-02,保險,2851,中再保,37.4
2026-07-02,保險,2867,三商壽,8.5
2026-07-02,光學鏡頭,3008,大立光,4295.0
2026-07-02,光學鏡頭,3406,玉晶光,644.0
2026-07-02,光學鏡頭,3504,揚明光,78.5
2026-07-02,光通訊,3450,聯鈞,501.0
2026-07-02,光通訊,4977,眾達-KY,160.5
2026-07-02,光通訊,6442,光聖,1635.0
2026-07-02,其他綜合,9907,統一實,15.15
2026-07-02,其他綜合,9911,櫻花,84.1
2026-07-02,其他綜合,9924,福興,39.85
2026-07-02,其他綜合,9933,中鼎,40.9
2026-07-02,半導體設備,2467,志聖,658.0
2026-07-02,半導體設備,3583,辛耘,908.0
2026-07-02,半導體設備,6196,帆宣,588.0
2026-07-02,半導體通路,2347,聯強,93.0
2026-07-02,半導體通路,3036,文曄,217.5
2026-07-02,半導體通路,3702,大聯大,108.0
2026-07-02,半導體通路,8112,至上,89.0
2026-07-02,塑化,1301,台塑,59.7
2026-07-02,塑化,1303,南亞,197.0
2026-07-02,塑化,1304,台聚,14.1
2026-07-02,塑化,1305,華夏,13.7
2026-07-02,塑化,1308,亞聚,14.45
2026-07-02,塑化,1314,中石化,8.99
2026-07-02,太陽能,3576,聯合再生,17.05
2026-07-02,太陽能,6443,元晶,34.15
2026-07-02,太陽能,6477,安集,33.6
2026-07-02,居家生活,2908,特力,21.3
2026-07-02,居家生活,8464,億豐,380.5
2026-07-02,居家生活,9934,成霖,10.1
2026-07-02,散熱,2421,建準,148.0
2026-07-02,散熱,3017,奇鋐,2740.0
2026-07-02,散熱,3653,健策,3475.0
2026-07-02,散熱,6230,尼得科超眾,125.0
2026-07-02,散裝航運,2605,新興,29.05
2026-07-02,散裝航運,2612,中航,51.6
2026-07-02,散裝航運,2617,台航,29.95
2026-07-02,散裝航運,2637,慧洋-KY,71.7
2026-07-02,機器人,1590,亞德客-KY,1390.0
2026-07-02,機器人,2049,上銀,352.0
2026-07-02,機器人,2308,台達電,1970.0
2026-07-02,機器人,2359,所羅門,146.5
2026-07-02,機器人,2464,盟立,183.5
2026-07-02,機器人,6166,凌華,135.0
2026-07-02,機能紡織,1402,遠東新,28.4
2026-07-02,機能紡織,1476,儒鴻,315.0
2026-07-02,機能紡織,1477,聚陽,222.0
2026-07-02,機能紡織,4438,廣越,60.6
2026-07-02,水泥,1101,台泥,23.1
2026-07-02,水泥,1102,亞泥,36.4
2026-07-02,水泥,1103,嘉泥,13.4
2026-07-02,水泥,1104,環泥,26.95
2026-07-02,汽車整車,2201,裕隆,27.8
2026-07-02,汽車整車,2204,中華,56.4
2026-07-02,汽車整車,2207,和泰車,464.5
2026-07-02,汽車零組件,1319,東陽,75.4
2026-07-02,汽車零組件,1521,大億,25.6
2026-07-02,汽車零組件,1536,和大,50.9
2026-07-02,汽車零組件,2227,裕日車,49.0
2026-07-02,汽車零組件,2231,為升,110.0
2026-07-02,汽車零組件,4551,智伸科,241.0
2026-07-02,營建,2501,國建,24.1
2026-07-02,營建,2520,冠德,34.6
2026-07-02,營建,2542,興富發,43.1
2026-07-02,營建,2548,華固,102.0
2026-07-02,營建,2608,嘉里大榮,28.85
2026-07-02,特用化學,1711,永光,45.2
2026-07-02,特用化學,1723,中碳,82.6
2026-07-02,特用化學,1773,勝一,173.0
2026-07-02,特用化學,4763,材料*-KY,49.5
2026-07-02,玻璃陶瓷,1802,台玻,70.4
2026-07-02,玻璃陶瓷,1806,冠軍,8.23
2026-07-02,玻璃陶瓷,1809,中釉,55.4
2026-07-02,玻璃陶瓷,1810,和成,21.15
2026-07-02,環保,8341,日友,75.6
2026-07-02,生技製藥,1707,葡萄王,90.7
2026-07-02,生技製藥,1720,生達,63.3
2026-07-02,生技製藥,1760,寶齡富錦,60.9
2026-07-02,生技製藥,1789,神隆,20.3
2026-07-02,百貨零售,2903,遠百,22.05
2026-07-02,百貨零售,2912,統一超,228.5
2026-07-02,百貨零售,5907,大洋-KY,5.0
2026-07-02,百貨零售,8454,富邦媒,281.0
2026-07-02,石化能源,1301,台塑,59.7
2026-07-02,石化能源,1303,南亞,197.0
2026-07-02,石化能源,1314,中石化,8.99
2026-07-02,石化能源,6505,台塑化,57.6
2026-07-02,石化能源,8926,台汽電,73.0
2026-07-02,系統整合,2427,三商電,24.25
2026-07-02,系統整合,2480,敦陽科,161.0
2026-07-02,系統整合,3029,零壹,102.0
2026-07-02,系統整合,6214,精誠,132.0
2026-07-02,網通,2345,智邦,2750.0
2026-07-02,網通,2412,中華電,141.0
2026-07-02,網通,4904,遠傳,103.0
2026-07-02,網通,5388,中磊,80.5
2026-07-02,網通,6285,啟碁,258.0
2026-07-02,自行車,9914,美利達,74.8
2026-07-02,自行車,9921,巨大,75.5
2026-07-02,航空,2610,華航,22.85
2026-07-02,航空,2618,長榮航,43.9
2026-07-02,航空,2646,星宇航空,21.05
2026-07-02,被動元件,2327,國巨*,1055.0
2026-07-02,被動元件,2492,華新科,561.0
2026-07-02,被動元件,3026,禾伸堂,899.0
2026-07-02,記憶體,2337,旺宏,145.5
2026-07-02,記憶體,2344,華邦電,183.5
2026-07-02,記憶體,2408,南亞科,407.0
2026-07-02,記憶體,4967,十銓,256.0
2026-07-02,記憶體,8271,宇瞻,192.5
2026-07-02,貨櫃航運,2603,長榮,185.5
2026-07-02,貨櫃航運,2609,陽明,51.0
2026-07-02,貨櫃航運,2615,萬海,78.9
2026-07-02,輪胎橡膠,2101,南港,32.3
2026-07-02,輪胎橡膠,2103,台橡,21.4
2026-07-02,輪胎橡膠,2105,正新,31.7
2026-07-02,輪胎橡膠,2106,建大,17.25
2026-07-02,造紙,1904,正隆,21.95
2026-07-02,造紙,1905,華紙,16.75
2026-07-02,造紙,1907,永豐餘,27.35
2026-07-02,運動健身,1598,岱宇,19.0
2026-07-02,運動健身,1736,喬山,128.0
2026-07-02,運動健身,8462,柏文,144.5
2026-07-02,運動健身,9904,寶成,24.1
2026-07-02,醫療器材,4104,佳醫,69.0
2026-07-02,醫療器材,4133,亞諾法,20.75
2026-07-02,醫療器材,4736,泰博,123.5
2026-07-02,醫療器材,6491,晶碩,347.0
2026-07-02,重電,1503,士電,238.0
2026-07-02,重電,1513,中興電,176.5
2026-07-02,重電,1519,華城,770.0
2026-07-02,重電,1609,大亞,38.15
2026-07-02,重電,1618,合機,40.75
2026-07-02,金控銀行,2880,華南金,36.6
2026-07-02,金控銀行,2881,富邦金,119.5
2026-07-02,金控銀行,2882,國泰金,93.5
2026-07-02,金控銀行,2884,玉山金,33.7
2026-07-02,金控銀行,2886,兆豐金,46.0
2026-07-02,鋼鐵,2002,中鋼,18.6
2026-07-02,鋼鐵,2006,東和鋼鐵,69.0
2026-07-02,鋼鐵,2014,中鴻,17.2
2026-07-02,鋼鐵,2027,大成鋼,40.65
2026-07-02,鋼鐵,2031,新光鋼,38.3
2026-07-02,雲端服務,3045,台灣大,118.5
2026-07-02,雲端服務,4994,傳奇,89.9
2026-07-02,雲端服務,8454,富邦媒,281.0
2026-07-02,電子檢測,2360,致茂,2210.0
2026-07-02,電子檢測,3130,一零四,221.5
2026-07-02,電子檢測,3563,牧德,809.0
2026-07-02,電線電纜,1605,華新,35.55
2026-07-02,電線電纜,1608,華榮,33.8
2026-07-02,電線電纜,1609,大亞,38.15
2026-07-02,電線電纜,1612,宏泰,34.9
2026-07-02,電線電纜,1618,合機,40.75
2026-07-02,面板,2409,友達,30.5
2026-07-02,面板,3481,群創,67.6
2026-07-02,面板,6116,彩晶,18.5
2026-07-02,食品製造,1201,味全,12.3
2026-07-02,食品製造,1203,味王,43.1
2026-07-02,食品製造,1210,大成,57.6
2026-07-02,食品製造,1215,卜蜂,110.5
2026-07-02,食品製造,1227,佳格,29.25
2026-07-02,食品製造,1231,聯華食,87.9
2026-07-02,飯店餐旅,2704,國賓,43.85
2026-07-02,飯店餐旅,2707,晶華,178.5
2026-07-02,飯店餐旅,2712,遠雄來,14.95
2026-07-02,飯店餐旅,2727,王品,248.5
2026-07-03,ABF載板,3037,欣興,969.0
2026-07-03,ABF載板,3189,景碩,833.0
2026-07-03,ABF載板,8046,南電,1185.0
2026-07-03,AI伺服器,2317,鴻海,240.5
2026-07-03,AI伺服器,2382,廣達,377.0
2026-07-03,AI伺服器,3017,奇鋐,2760.0
2026-07-03,AI伺服器,3231,緯創,159.0
2026-07-03,AI伺服器,6669,緯穎,5265.0
2026-07-03,CCL銅箔基板,2383,台光電,6080.0
2026-07-03,CCL銅箔基板,6213,聯茂,394.0
2026-07-03,IC設計,2379,瑞昱,783.0
2026-07-03,IC設計,2454,聯發科,4195.0
2026-07-03,IC設計,3034,聯詠,538.0
2026-07-03,IC設計,3443,創意,5040.0
2026-07-03,IC設計,3661,世芯-KY,4650.0
2026-07-03,IC設計,5269,祥碩,1530.0
2026-07-03,LED光電,2393,億光,68.7
2026-07-03,LED光電,3031,佰鴻,34.0
2026-07-03,LED光電,3596,智易,197.5
2026-07-03,LED光電,3714,富采,62.3
2026-07-03,PCB,2313,華通,229.5
2026-07-03,PCB,2367,燿華,55.0
2026-07-03,PCB,3037,欣興,969.0
2026-07-03,PCB,3044,健鼎,520.0
2026-07-03,PCB,4958,臻鼎-KY,613.0
2026-07-03,PCB,5469,瀚宇博,87.5
2026-07-03,PCB,6191,精成科,108.0
2026-07-03,PCB,8046,南電,1185.0
2026-07-03,保險,2851,中再保,38.45
2026-07-03,保險,2867,三商壽,8.56
2026-07-03,光學鏡頭,3008,大立光,4230.0
2026-07-03,光學鏡頭,3406,玉晶光,636.0
2026-07-03,光學鏡頭,3504,揚明光,78.6
2026-07-03,光通訊,3450,聯鈞,530.0
2026-07-03,光通訊,4977,眾達-KY,162.0
2026-07-03,光通訊,6442,光聖,1640.0
2026-07-03,其他綜合,9907,統一實,15.55
2026-07-03,其他綜合,9911,櫻花,85.2
2026-07-03,其他綜合,9924,福興,40.5
2026-07-03,其他綜合,9933,中鼎,40.95
2026-07-03,半導體設備,2467,志聖,615.0
2026-07-03,半導體設備,3583,辛耘,851.0
2026-07-03,半導體設備,6196,帆宣,588.0
2026-07-03,半導體通路,2347,聯強,94.8
2026-07-03,半導體通路,3036,文曄,221.5
2026-07-03,半導體通路,3702,大聯大,110.0
2026-07-03,半導體通路,8112,至上,92.9
2026-07-03,塑化,1301,台塑,62.1
2026-07-03,塑化,1303,南亞,197.0
2026-07-03,塑化,1304,台聚,15.5
2026-07-03,塑化,1305,華夏,14.85
2026-07-03,塑化,1308,亞聚,15.85
2026-07-03,塑化,1314,中石化,9.88
2026-07-03,太陽能,3576,聯合再生,17.05
2026-07-03,太陽能,6443,元晶,34.45
2026-07-03,太陽能,6477,安集,36.9
2026-07-03,居家生活,2908,特力,21.45
2026-07-03,居家生活,8464,億豐,369.0
2026-07-03,居家生活,9934,成霖,10.5
2026-07-03,散熱,2421,建準,149.0
2026-07-03,散熱,3017,奇鋐,2760.0
2026-07-03,散熱,3653,健策,3420.0
2026-07-03,散熱,6230,尼得科超眾,127.5
2026-07-03,散裝航運,2605,新興,30.8
2026-07-03,散裝航運,2612,中航,53.6
2026-07-03,散裝航運,2617,台航,30.5
2026-07-03,散裝航運,2637,慧洋-KY,74.3
2026-07-03,機器人,1590,亞德客-KY,1440.0
2026-07-03,機器人,2049,上銀,350.0
2026-07-03,機器人,2308,台達電,2075.0
2026-07-03,機器人,2359,所羅門,142.0
2026-07-03,機器人,2464,盟立,172.5
2026-07-03,機器人,6166,凌華,134.0
2026-07-03,機能紡織,1402,遠東新,29.1
2026-07-03,機能紡織,1476,儒鴻,323.5
2026-07-03,機能紡織,1477,聚陽,228.5
2026-07-03,機能紡織,4438,廣越,62.0
2026-07-03,水泥,1101,台泥,23.65
2026-07-03,水泥,1102,亞泥,36.45
2026-07-03,水泥,1103,嘉泥,13.65
2026-07-03,水泥,1104,環泥,27.4
2026-07-03,汽車整車,2201,裕隆,28.8
2026-07-03,汽車整車,2204,中華,57.1
2026-07-03,汽車整車,2207,和泰車,473.0
2026-07-03,汽車零組件,1319,東陽,77.2
2026-07-03,汽車零組件,1521,大億,26.25
2026-07-03,汽車零組件,1536,和大,52.2
2026-07-03,汽車零組件,2227,裕日車,50.0
2026-07-03,汽車零組件,2231,為升,118.5
2026-07-03,汽車零組件,4551,智伸科,265.0
2026-07-03,營建,2501,國建,24.25
2026-07-03,營建,2520,冠德,34.85
2026-07-03,營建,2542,興富發,43.65
2026-07-03,營建,2548,華固,103.5
2026-07-03,營建,2608,嘉里大榮,29.2
2026-07-03,特用化學,1711,永光,45.7
2026-07-03,特用化學,1723,中碳,84.5
2026-07-03,特用化學,1773,勝一,177.5
2026-07-03,特用化學,4763,材料*-KY,51.3
2026-07-03,玻璃陶瓷,1802,台玻,68.8
2026-07-03,玻璃陶瓷,1806,冠軍,8.51
2026-07-03,玻璃陶瓷,1809,中釉,53.9
2026-07-03,玻璃陶瓷,1810,和成,23.25
2026-07-03,環保,8341,日友,77.1
2026-07-03,生技製藥,1707,葡萄王,92.9
2026-07-03,生技製藥,1720,生達,63.9
2026-07-03,生技製藥,1760,寶齡富錦,63.0
2026-07-03,生技製藥,1789,神隆,20.85
2026-07-03,百貨零售,2903,遠百,22.05
2026-07-03,百貨零售,2912,統一超,231.0
2026-07-03,百貨零售,5907,大洋-KY,5.3
2026-07-03,百貨零售,8454,富邦媒,293.0
2026-07-03,石化能源,1301,台塑,62.1
2026-07-03,石化能源,1303,南亞,197.0
2026-07-03,石化能源,1314,中石化,9.88
2026-07-03,石化能源,6505,台塑化,58.9
2026-07-03,石化能源,8926,台汽電,75.0
2026-07-03,系統整合,2427,三商電,26.65
2026-07-03,系統整合,2480,敦陽科,159.5
2026-07-03,系統整合,3029,零壹,102.5
2026-07-03,系統整合,6214,精誠,133.5
2026-07-03,網通,2345,智邦,2735.0
2026-07-03,網通,2412,中華電,141.0
2026-07-03,網通,4904,遠傳,105.0
2026-07-03,網通,5388,中磊,81.6
2026-07-03,網通,6285,啟碁,258.0
2026-07-03,自行車,9914,美利達,76.6
2026-07-03,自行車,9921,巨大,76.2
2026-07-03,航空,2610,華航,22.55
2026-07-03,航空,2618,長榮航,43.85
2026-07-03,航空,2646,星宇航空,21.3
2026-07-03,被動元件,2327,國巨*,1045.0
2026-07-03,被動元件,2492,華新科,563.0
2026-07-03,被動元件,3026,禾伸堂,988.0
2026-07-03,記憶體,2337,旺宏,142.5
2026-07-03,記憶體,2344,華邦電,184.5
2026-07-03,記憶體,2408,南亞科,409.5
2026-07-03,記憶體,4967,十銓,260.0
2026-07-03,記憶體,8271,宇瞻,193.0
2026-07-03,貨櫃航運,2603,長榮,195.0
2026-07-03,貨櫃航運,2609,陽明,52.4
2026-07-03,貨櫃航運,2615,萬海,82.8
2026-07-03,輪胎橡膠,2101,南港,33.4
2026-07-03,輪胎橡膠,2103,台橡,23.5
2026-07-03,輪胎橡膠,2105,正新,32.15
2026-07-03,輪胎橡膠,2106,建大,17.75
2026-07-03,造紙,1904,正隆,23.2
2026-07-03,造紙,1905,華紙,17.0
2026-07-03,造紙,1907,永豐餘,28.15
2026-07-03,運動健身,1598,岱宇,19.65
2026-07-03,運動健身,1736,喬山,131.5
2026-07-03,運動健身,8462,柏文,147.0
2026-07-03,運動健身,9904,寶成,24.45
2026-07-03,醫療器材,4104,佳醫,69.5
2026-07-03,醫療器材,4133,亞諾法,20.85
2026-07-03,醫療器材,4736,泰博,126.0
2026-07-03,醫療器材,6491,晶碩,372.5
2026-07-03,重電,1503,士電,238.0
2026-07-03,重電,1513,中興電,176.5
2026-07-03,重電,1519,華城,773.0
2026-07-03,重電,1609,大亞,39.8
2026-07-03,重電,1618,合機,41.7
2026-07-03,金控銀行,2880,華南金,37.65
2026-07-03,金控銀行,2881,富邦金,121.0
2026-07-03,金控銀行,2882,國泰金,93.6
2026-07-03,金控銀行,2884,玉山金,33.7
2026-07-03,金控銀行,2886,兆豐金,45.5
2026-07-03,鋼鐵,2002,中鋼,18.95
2026-07-03,鋼鐵,2006,東和鋼鐵,69.4
2026-07-03,鋼鐵,2014,中鴻,17.85
2026-07-03,鋼鐵,2027,大成鋼,41.15
2026-07-03,鋼鐵,2031,新光鋼,39.05
2026-07-03,雲端服務,3045,台灣大,116.5
2026-07-03,雲端服務,4994,傳奇,90.7
2026-07-03,雲端服務,8454,富邦媒,293.0
2026-07-03,電子檢測,2360,致茂,2265.0
2026-07-03,電子檢測,3130,一零四,221.0
2026-07-03,電子檢測,3563,牧德,787.0
2026-07-03,電線電纜,1605,華新,36.25
2026-07-03,電線電纜,1608,華榮,34.8
2026-07-03,電線電纜,1609,大亞,39.8
2026-07-03,電線電纜,1612,宏泰,35.1
2026-07-03,電線電纜,1618,合機,41.7
2026-07-03,面板,2409,友達,30.0
2026-07-03,面板,3481,群創,66.0
2026-07-03,面板,6116,彩晶,18.15
2026-07-03,食品製造,1201,味全,12.65
2026-07-03,食品製造,1203,味王,43.35
2026-07-03,食品製造,1210,大成,58.0
2026-07-03,食品製造,1215,卜蜂,112.5
2026-07-03,食品製造,1227,佳格,30.0
2026-07-03,食品製造,1231,聯華食,88.5
2026-07-03,飯店餐旅,2704,國賓,44.9
2026-07-03,飯店餐旅,2707,晶華,180.0
2026-07-03,飯店餐旅,2712,遠雄來,15.0
2026-07-03,飯店餐旅,2727,王品,245.0
2026-07-06,ABF載板,3037,欣興,917.0
2026-07-06,ABF載板,3189,景碩,763.0
2026-07-06,ABF載板,8046,南電,1075.0
2026-07-06,AI伺服器,2317,鴻海,242.0
2026-07-06,AI伺服器,2382,廣達,378.0
2026-07-06,AI伺服器,3017,奇鋐,2670.0
2026-07-06,AI伺服器,3231,緯創,158.0
2026-07-06,AI伺服器,6669,緯穎,5035.0
2026-07-06,CCL銅箔基板,2383,台光電,5475.0
2026-07-06,CCL銅箔基板,6213,聯茂,396.0
2026-07-06,IC設計,2379,瑞昱,769.0
2026-07-06,IC設計,2454,聯發科,4125.0
2026-07-06,IC設計,3034,聯詠,538.0
2026-07-06,IC設計,3443,創意,4605.0
2026-07-06,IC設計,3661,世芯-KY,4215.0
2026-07-06,IC設計,5269,祥碩,1520.0
2026-07-06,LED光電,2393,億光,70.0
2026-07-06,LED光電,3031,佰鴻,33.75
2026-07-06,LED光電,3596,智易,197.0
2026-07-06,LED光電,3714,富采,64.1
2026-07-06,PCB,2313,華通,235.0
2026-07-06,PCB,2367,燿華,53.8
2026-07-06,PCB,3037,欣興,917.0
2026-07-06,PCB,3044,健鼎,506.0
2026-07-06,PCB,4958,臻鼎-KY,579.0
2026-07-06,PCB,5469,瀚宇博,88.0
2026-07-06,PCB,6191,精成科,107.0
2026-07-06,PCB,8046,南電,1075.0
2026-07-06,保險,2851,中再保,39.1
2026-07-06,保險,2867,三商壽,8.74
2026-07-06,光學鏡頭,3008,大立光,4135.0
2026-07-06,光學鏡頭,3406,玉晶光,653.0
2026-07-06,光學鏡頭,3504,揚明光,78.2
2026-07-06,光通訊,3450,聯鈞,520.0
2026-07-06,光通訊,4977,眾達-KY,159.0
2026-07-06,光通訊,6442,光聖,1595.0
2026-07-06,其他綜合,9907,統一實,15.4
2026-07-06,其他綜合,9911,櫻花,84.5
2026-07-06,其他綜合,9924,福興,40.35
2026-07-06,其他綜合,9933,中鼎,41.5
2026-07-06,半導體設備,2467,志聖,655.0
2026-07-06,半導體設備,3583,辛耘,860.0
2026-07-06,半導體設備,6196,帆宣,570.0
2026-07-06,半導體通路,2347,聯強,93.8
2026-07-06,半導體通路,3036,文曄,219.0
2026-07-06,半導體通路,3702,大聯大,110.0
2026-07-06,半導體通路,8112,至上,89.5
2026-07-06,塑化,1301,台塑,60.4
2026-07-06,塑化,1303,南亞,185.0
2026-07-06,塑化,1304,台聚,14.7
2026-07-06,塑化,1305,華夏,14.1
2026-07-06,塑化,1308,亞聚,15.5
2026-07-06,塑化,1314,中石化,10.4
2026-07-06,太陽能,3576,聯合再生,16.85
2026-07-06,太陽能,6443,元晶,34.6
2026-07-06,太陽能,6477,安集,39.05
2026-07-06,居家生活,2908,特力,21.4
2026-07-06,居家生活,8464,億豐,370.0
2026-07-06,居家生活,9934,成霖,10.6
2026-07-06,散熱,2421,建準,148.5
2026-07-06,散熱,3017,奇鋐,2670.0
2026-07-06,散熱,3653,健策,3320.0
2026-07-06,散熱,6230,尼得科超眾,126.5
2026-07-06,散裝航運,2605,新興,30.8
2026-07-06,散裝航運,2612,中航,54.4
2026-07-06,散裝航運,2617,台航,30.8
2026-07-06,散裝航運,2637,慧洋-KY,78.4
2026-07-06,機器人,1590,亞德客-KY,1385.0
2026-07-06,機器人,2049,上銀,364.0
2026-07-06,機器人,2308,台達電,1995.0
2026-07-06,機器人,2359,所羅門,142.5
2026-07-06,機器人,2464,盟立,169.0
2026-07-06,機器人,6166,凌華,130.5
2026-07-06,機能紡織,1402,遠東新,29.1
2026-07-06,機能紡織,1476,儒鴻,323.0
2026-07-06,機能紡織,1477,聚陽,230.0
2026-07-06,機能紡織,4438,廣越,62.6
2026-07-06,水泥,1101,台泥,23.7
2026-07-06,水泥,1102,亞泥,36.55
2026-07-06,水泥,1103,嘉泥,13.75
2026-07-06,水泥,1104,環泥,27.55
2026-07-06,汽車整車,2201,裕隆,29.3
2026-07-06,汽車整車,2204,中華,57.5
2026-07-06,汽車整車,2207,和泰車,476.5
2026-07-06,汽車零組件,1319,東陽,78.0
2026-07-06,汽車零組件,1521,大億,26.25
2026-07-06,汽車零組件,1536,和大,53.1
2026-07-06,汽車零組件,2227,裕日車,50.0
2026-07-06,汽車零組件,2231,為升,123.5
2026-07-06,汽車零組件,4551,智伸科,282.0
2026-07-06,營建,2501,國建,24.75
2026-07-06,營建,2520,冠德,35.25
2026-07-06,營建,2542,興富發,45.0
2026-07-06,營建,2548,華固,103.0
2026-07-06,營建,2608,嘉里大榮,29.25
2026-07-06,特用化學,1711,永光,47.35
2026-07-06,特用化學,1723,中碳,85.1
2026-07-06,特用化學,1773,勝一,185.0
2026-07-06,特用化學,4763,材料*-KY,50.0
2026-07-06,玻璃陶瓷,1802,台玻,67.9
2026-07-06,玻璃陶瓷,1806,冠軍,8.52
2026-07-06,玻璃陶瓷,1809,中釉,52.0
2026-07-06,玻璃陶瓷,1810,和成,23.7
2026-07-06,環保,8341,日友,77.0
2026-07-06,生技製藥,1707,葡萄王,93.2
2026-07-06,生技製藥,1720,生達,63.9
2026-07-06,生技製藥,1760,寶齡富錦,65.9
2026-07-06,生技製藥,1789,神隆,21.05
2026-07-06,百貨零售,2903,遠百,22.55
2026-07-06,百貨零售,2912,統一超,240.0
2026-07-06,百貨零售,5907,大洋-KY,5.18
2026-07-06,百貨零售,8454,富邦媒,281.0
2026-07-06,石化能源,1301,台塑,60.4
2026-07-06,石化能源,1303,南亞,185.0
2026-07-06,石化能源,1314,中石化,10.4
2026-07-06,石化能源,6505,台塑化,59.5
2026-07-06,石化能源,8926,台汽電,81.0
2026-07-06,系統整合,2427,三商電,25.9
2026-07-06,系統整合,2480,敦陽科,162.0
2026-07-06,系統整合,3029,零壹,103.5
2026-07-06,系統整合,6214,精誠,136.5
2026-07-06,網通,2345,智邦,2645.0
2026-07-06,網通,2412,中華電,141.5
2026-07-06,網通,4904,遠傳,103.0
2026-07-06,網通,5388,中磊,81.4
2026-07-06,網通,6285,啟碁,258.5
2026-07-06,自行車,9914,美利達,75.9
2026-07-06,自行車,9921,巨大,77.1
2026-07-06,航空,2610,華航,22.45
2026-07-06,航空,2618,長榮航,43.55
2026-07-06,航空,2646,星宇航空,21.35
2026-07-06,被動元件,2327,國巨*,1005.0
2026-07-06,被動元件,2492,華新科,557.0
2026-07-06,被動元件,3026,禾伸堂,963.0
2026-07-06,記憶體,2337,旺宏,144.5
2026-07-06,記憶體,2344,華邦電,183.0
2026-07-06,記憶體,2408,南亞科,420.5
2026-07-06,記憶體,4967,十銓,261.0
2026-07-06,記憶體,8271,宇瞻,196.0
2026-07-06,貨櫃航運,2603,長榮,195.5
2026-07-06,貨櫃航運,2609,陽明,53.0
2026-07-06,貨櫃航運,2615,萬海,80.0
2026-07-06,輪胎橡膠,2101,南港,34.15
2026-07-06,輪胎橡膠,2103,台橡,24.2
2026-07-06,輪胎橡膠,2105,正新,32.55
2026-07-06,輪胎橡膠,2106,建大,17.9
2026-07-06,造紙,1904,正隆,23.9
2026-07-06,造紙,1905,華紙,16.85
2026-07-06,造紙,1907,永豐餘,28.7
2026-07-06,運動健身,1598,岱宇,19.5
2026-07-06,運動健身,1736,喬山,131.5
2026-07-06,運動健身,8462,柏文,151.0
2026-07-06,運動健身,9904,寶成,24.35
2026-07-06,醫療器材,4104,佳醫,69.7
2026-07-06,醫療器材,4133,亞諾法,21.2
2026-07-06,醫療器材,4736,泰博,125.5
2026-07-06,醫療器材,6491,晶碩,374.0
2026-07-06,重電,1503,士電,241.5
2026-07-06,重電,1513,中興電,178.5
2026-07-06,重電,1519,華城,773.0
2026-07-06,重電,1609,大亞,43.75
2026-07-06,重電,1618,合機,42.2
2026-07-06,金控銀行,2880,華南金,38.25
2026-07-06,金控銀行,2881,富邦金,121.5
2026-07-06,金控銀行,2882,國泰金,93.4
2026-07-06,金控銀行,2884,玉山金,34.45
2026-07-06,金控銀行,2886,兆豐金,46.3
2026-07-06,鋼鐵,2002,中鋼,19.0
2026-07-06,鋼鐵,2006,東和鋼鐵,68.6
2026-07-06,鋼鐵,2014,中鴻,17.6
2026-07-06,鋼鐵,2027,大成鋼,41.3
2026-07-06,鋼鐵,2031,新光鋼,38.9
2026-07-06,雲端服務,3045,台灣大,117.5
2026-07-06,雲端服務,4994,傳奇,91.0
2026-07-06,雲端服務,8454,富邦媒,281.0
2026-07-06,電子檢測,2360,致茂,2180.0
2026-07-06,電子檢測,3130,一零四,221.0
2026-07-06,電子檢測,3563,牧德,777.0
2026-07-06,電線電纜,1605,華新,36.55
2026-07-06,電線電纜,1608,華榮,35.4
2026-07-06,電線電纜,1609,大亞,43.75
2026-07-06,電線電纜,1612,宏泰,35.1
2026-07-06,電線電纜,1618,合機,42.2
2026-07-06,面板,2409,友達,31.7
2026-07-06,面板,3481,群創,69.2
2026-07-06,面板,6116,彩晶,18.2
2026-07-06,食品製造,1201,味全,12.7
2026-07-06,食品製造,1203,味王,42.9
2026-07-06,食品製造,1210,大成,58.8
2026-07-06,食品製造,1215,卜蜂,113.0
2026-07-06,食品製造,1227,佳格,30.65
2026-07-06,食品製造,1231,聯華食,89.1
2026-07-06,飯店餐旅,2704,國賓,45.1
2026-07-06,飯店餐旅,2707,晶華,182.0
2026-07-06,飯店餐旅,2712,遠雄來,14.75
2026-07-06,飯店餐旅,2727,王品,245.5
2026-07-07,ABF載板,3037,欣興,840.0
2026-07-07,ABF載板,3189,景碩,687.0
2026-07-07,ABF載板,8046,南電,1030.0
2026-07-07,AI伺服器,2317,鴻海,237.0
2026-07-07,AI伺服器,2382,廣達,373.0
2026-07-07,AI伺服器,3017,奇鋐,2450.0
2026-07-07,AI伺服器,3231,緯創,155.5
2026-07-07,AI伺服器,6669,緯穎,5015.0
2026-07-07,CCL銅箔基板,2383,台光電,5220.0
2026-07-07,CCL銅箔基板,6213,聯茂,379.0
2026-07-07,IC設計,2379,瑞昱,776.0
2026-07-07,IC設計,2454,聯發科,4030.0
2026-07-07,IC設計,3034,聯詠,531.0
2026-07-07,IC設計,3443,創意,4480.0
2026-07-07,IC設計,3661,世芯-KY,4035.0
2026-07-07,IC設計,5269,祥碩,1500.0
2026-07-07,LED光電,2393,億光,69.6
2026-07-07,LED光電,3031,佰鴻,32.65
2026-07-07,LED光電,3596,智易,193.5
2026-07-07,LED光電,3714,富采,61.3
2026-07-07,PCB,2313,華通,218.0
2026-07-07,PCB,2367,燿華,51.0
2026-07-07,PCB,3037,欣興,840.0
2026-07-07,PCB,3044,健鼎,475.5
2026-07-07,PCB,4958,臻鼎-KY,548.0
2026-07-07,PCB,5469,瀚宇博,83.1
2026-07-07,PCB,6191,精成科,103.5
2026-07-07,PCB,8046,南電,1030.0
2026-07-07,保險,2851,中再保,38.5
2026-07-07,保險,2867,三商壽,8.73
2026-07-07,光學鏡頭,3008,大立光,3890.0
2026-07-07,光學鏡頭,3406,玉晶光,609.0
2026-07-07,光學鏡頭,3504,揚明光,73.4
2026-07-07,光通訊,3450,聯鈞,495.0
2026-07-07,光通訊,4977,眾達-KY,150.0
2026-07-07,光通訊,6442,光聖,1540.0
2026-07-07,其他綜合,9907,統一實,15.4
2026-07-07,其他綜合,9911,櫻花,84.2
2026-07-07,其他綜合,9924,福興,40.1
2026-07-07,其他綜合,9933,中鼎,41.6
2026-07-07,半導體設備,2467,志聖,613.0
2026-07-07,半導體設備,3583,辛耘,808.0
2026-07-07,半導體設備,6196,帆宣,562.0
2026-07-07,半導體通路,2347,聯強,91.3
2026-07-07,半導體通路,3036,文曄,214.0
2026-07-07,半導體通路,3702,大聯大,109.0
2026-07-07,半導體通路,8112,至上,90.2
2026-07-07,塑化,1301,台塑,57.3
2026-07-07,塑化,1303,南亞,166.5
2026-07-07,塑化,1304,台聚,14.2
2026-07-07,塑化,1305,華夏,13.65
2026-07-07,塑化,1308,亞聚,15.1
2026-07-07,塑化,1314,中石化,9.77
2026-07-07,太陽能,3576,聯合再生,16.1
2026-07-07,太陽能,6443,元晶,31.75
2026-07-07,太陽能,6477,安集,35.2
2026-07-07,居家生活,2908,特力,21.2
2026-07-07,居家生活,8464,億豐,370.0
2026-07-07,居家生活,9934,成霖,10.4
2026-07-07,散熱,2421,建準,144.0
2026-07-07,散熱,3017,奇鋐,2450.0
2026-07-07,散熱,3653,健策,3195.0
2026-07-07,散熱,6230,尼得科超眾,122.5
2026-07-07,散裝航運,2605,新興,29.85
2026-07-07,散裝航運,2612,中航,54.0
2026-07-07,散裝航運,2617,台航,30.5
2026-07-07,散裝航運,2637,慧洋-KY,79.0
2026-07-07,機器人,1590,亞德客-KY,1380.0
2026-07-07,機器人,2049,上銀,344.5
2026-07-07,機器人,2308,台達電,1890.0
2026-07-07,機器人,2359,所羅門,134.5
2026-07-07,機器人,2464,盟立,161.0
2026-07-07,機器人,6166,凌華,128.5
2026-07-07,機能紡織,1402,遠東新,28.35
2026-07-07,機能紡織,1476,儒鴻,340.5
2026-07-07,機能紡織,1477,聚陽,231.5
2026-07-07,機能紡織,4438,廣越,62.5
2026-07-07,水泥,1101,台泥,23.4
2026-07-07,水泥,1102,亞泥,36.3
2026-07-07,水泥,1103,嘉泥,13.5
2026-07-07,水泥,1104,環泥,27.55
2026-07-07,汽車整車,2201,裕隆,28.95
2026-07-07,汽車整車,2204,中華,57.0
2026-07-07,汽車整車,2207,和泰車,471.0
2026-07-07,汽車零組件,1319,東陽,77.6
2026-07-07,汽車零組件,1521,大億,26.1
2026-07-07,汽車零組件,1536,和大,51.2
2026-07-07,汽車零組件,2227,裕日車,49.7
2026-07-07,汽車零組件,2231,為升,116.0
2026-07-07,汽車零組件,4551,智伸科,254.0
2026-07-07,營建,2501,國建,24.2
2026-07-07,營建,2520,冠德,34.7
2026-07-07,營建,2542,興富發,44.0
2026-07-07,營建,2548,華固,101.5
2026-07-07,營建,2608,嘉里大榮,29.2
2026-07-07,特用化學,1711,永光,43.3
2026-07-07,特用化學,1723,中碳,83.1
2026-07-07,特用化學,1773,勝一,175.5
2026-07-07,特用化學,4763,材料*-KY,49.2
2026-07-07,玻璃陶瓷,1802,台玻,64.6
2026-07-07,玻璃陶瓷,1806,冠軍,8.44
2026-07-07,玻璃陶瓷,1809,中釉,48.8
2026-07-07,玻璃陶瓷,1810,和成,24.1
2026-07-07,環保,8341,日友,76.7
2026-07-07,生技製藥,1707,葡萄王,91.1
2026-07-07,生技製藥,1720,生達,63.6
2026-07-07,生技製藥,1760,寶齡富錦,65.0
2026-07-07,生技製藥,1789,神隆,20.8
2026-07-07,百貨零售,2903,遠百,22.4
2026-07-07,百貨零售,2912,統一超,240.0
2026-07-07,百貨零售,5907,大洋-KY,5.0
2026-07-07,百貨零售,8454,富邦媒,271.5
2026-07-07,石化能源,1301,台塑,57.3
2026-07-07,石化能源,1303,南亞,166.5
2026-07-07,石化能源,1314,中石化,9.77
2026-07-07,石化能源,6505,台塑化,58.0
2026-07-07,石化能源,8926,台汽電,78.5
2026-07-07,系統整合,2427,三商電,24.9
2026-07-07,系統整合,2480,敦陽科,162.0
2026-07-07,系統整合,3029,零壹,103.0
2026-07-07,系統整合,6214,精誠,133.0
2026-07-07,網通,2345,智邦,2455.0
2026-07-07,網通,2412,中華電,141.0
2026-07-07,網通,4904,遠傳,103.0
2026-07-07,網通,5388,中磊,83.4
2026-07-07,網通,6285,啟碁,243.5
2026-07-07,自行車,9914,美利達,75.0
2026-07-07,自行車,9921,巨大,75.7
2026-07-07,航空,2610,華航,22.0
2026-07-07,航空,2618,長榮航,42.4
2026-07-07,航空,2646,星宇航空,21.3
2026-07-07,被動元件,2327,國巨*,905.0
2026-07-07,被動元件,2492,華新科,502.0
2026-07-07,被動元件,3026,禾伸堂,867.0
2026-07-07,記憶體,2337,旺宏,139.0
2026-07-07,記憶體,2344,華邦電,174.0
2026-07-07,記憶體,2408,南亞科,403.0
2026-07-07,記憶體,4967,十銓,249.5
2026-07-07,記憶體,8271,宇瞻,185.5
2026-07-07,貨櫃航運,2603,長榮,188.0
2026-07-07,貨櫃航運,2609,陽明,51.1
2026-07-07,貨櫃航運,2615,萬海,77.0
2026-07-07,輪胎橡膠,2101,南港,34.1
2026-07-07,輪胎橡膠,2103,台橡,24.65
2026-07-07,輪胎橡膠,2105,正新,32.45
2026-07-07,輪胎橡膠,2106,建大,17.8
2026-07-07,造紙,1904,正隆,23.65
2026-07-07,造紙,1905,華紙,16.15
2026-07-07,造紙,1907,永豐餘,28.35
2026-07-07,運動健身,1598,岱宇,19.1
2026-07-07,運動健身,1736,喬山,129.0
2026-07-07,運動健身,8462,柏文,155.0
2026-07-07,運動健身,9904,寶成,24.35
2026-07-07,醫療器材,4104,佳醫,69.5
2026-07-07,醫療器材,4133,亞諾法,21.2
2026-07-07,醫療器材,4736,泰博,126.5
2026-07-07,醫療器材,6491,晶碩,378.0
2026-07-07,重電,1503,士電,230.0
2026-07-07,重電,1513,中興電,175.0
2026-07-07,重電,1519,華城,748.0
2026-07-07,重電,1609,大亞,41.95
2026-07-07,重電,1618,合機,40.95
2026-07-07,金控銀行,2880,華南金,38.95
2026-07-07,金控銀行,2881,富邦金,123.0
2026-07-07,金控銀行,2882,國泰金,97.0
2026-07-07,金控銀行,2884,玉山金,34.5
2026-07-07,金控銀行,2886,兆豐金,46.8
2026-07-07,鋼鐵,2002,中鋼,18.6
2026-07-07,鋼鐵,2006,東和鋼鐵,68.9
2026-07-07,鋼鐵,2014,中鴻,17.2
2026-07-07,鋼鐵,2027,大成鋼,40.9
2026-07-07,鋼鐵,2031,新光鋼,38.45
2026-07-07,雲端服務,3045,台灣大,116.5
2026-07-07,雲端服務,4994,傳奇,90.2
2026-07-07,雲端服務,8454,富邦媒,271.5
2026-07-07,電子檢測,2360,致茂,1965.0
2026-07-07,電子檢測,3130,一零四,220.5
2026-07-07,電子檢測,3563,牧德,726.0
2026-07-07,電線電纜,1605,華新,35.05
2026-07-07,電線電纜,1608,華榮,34.5
2026-07-07,電線電纜,1609,大亞,41.95
2026-07-07,電線電纜,1612,宏泰,34.35
2026-07-07,電線電纜,1618,合機,40.95
2026-07-07,面板,2409,友達,29.35
2026-07-07,面板,3481,群創,64.2
2026-07-07,面板,6116,彩晶,17.15
2026-07-07,食品製造,1201,味全,12.45
2026-07-07,食品製造,1203,味王,42.9
2026-07-07,食品製造,1210,大成,58.3
2026-07-07,食品製造,1215,卜蜂,111.5
2026-07-07,食品製造,1227,佳格,30.1
2026-07-07,食品製造,1231,聯華食,88.3
2026-07-07,飯店餐旅,2704,國賓,44.8
2026-07-07,飯店餐旅,2707,晶華,179.5
2026-07-07,飯店餐旅,2712,遠雄來,14.75
2026-07-07,飯店餐旅,2727,王品,245.0
2026-07-08,ABF載板,3037,欣興,863.0
2026-07-08,ABF載板,3189,景碩,755.0
2026-07-08,ABF載板,8046,南電,1105.0
2026-07-08,AI伺服器,2317,鴻海,237.5
2026-07-08,AI伺服器,2382,廣達,377.0
2026-07-08,AI伺服器,3017,奇鋐,2325.0
2026-07-08,AI伺服器,3231,緯創,146.5
2026-07-08,AI伺服器,6669,緯穎,5050.0
2026-07-08,CCL銅箔基板,2383,台光電,5315.0
2026-07-08,CCL銅箔基板,6213,聯茂,393.5
2026-07-08,IC設計,2379,瑞昱,817.0
2026-07-08,IC設計,2454,聯發科,3995.0
2026-07-08,IC設計,3034,聯詠,544.0
2026-07-08,IC設計,3443,創意,4400.0
2026-07-08,IC設計,3661,世芯-KY,4065.0
2026-07-08,IC設計,5269,祥碩,1525.0
2026-07-08,LED光電,2393,億光,70.6
2026-07-08,LED光電,3031,佰鴻,31.8
2026-07-08,LED光電,3596,智易,195.5
2026-07-08,LED光電,3714,富采,61.9
2026-07-08,PCB,2313,華通,224.0
2026-07-08,PCB,2367,燿華,52.4
2026-07-08,PCB,3037,欣興,863.0
2026-07-08,PCB,3044,健鼎,472.0
2026-07-08,PCB,4958,臻鼎-KY,565.0
2026-07-08,PCB,5469,瀚宇博,83.5
2026-07-08,PCB,6191,精成科,105.5
2026-07-08,PCB,8046,南電,1105.0
2026-07-08,保險,2851,中再保,38.35
2026-07-08,保險,2867,三商壽,8.86
2026-07-08,光學鏡頭,3008,大立光,3950.0
2026-07-08,光學鏡頭,3406,玉晶光,612.0
2026-07-08,光學鏡頭,3504,揚明光,74.4
2026-07-08,光通訊,3450,聯鈞,510.0
2026-07-08,光通訊,4977,眾達-KY,153.5
2026-07-08,光通訊,6442,光聖,1485.0
2026-07-08,其他綜合,9907,統一實,15.3
2026-07-08,其他綜合,9911,櫻花,83.3
2026-07-08,其他綜合,9924,福興,40.05
2026-07-08,其他綜合,9933,中鼎,40.65
2026-07-08,半導體設備,2467,志聖,552.0
2026-07-08,半導體設備,3583,辛耘,785.0
2026-07-08,半導體設備,6196,帆宣,546.0
2026-07-08,半導體通路,2347,聯強,89.1
2026-07-08,半導體通路,3036,文曄,210.5
2026-07-08,半導體通路,3702,大聯大,105.5
2026-07-08,半導體通路,8112,至上,85.4
2026-07-08,塑化,1301,台塑,58.0
2026-07-08,塑化,1303,南亞,182.0
2026-07-08,塑化,1304,台聚,13.8
2026-07-08,塑化,1305,華夏,13.2
2026-07-08,塑化,1308,亞聚,15.0
2026-07-08,塑化,1314,中石化,9.7
2026-07-08,太陽能,3576,聯合再生,16.05
2026-07-08,太陽能,6443,元晶,31.5
2026-07-08,太陽能,6477,安集,38.05
2026-07-08,居家生活,2908,特力,21.7
2026-07-08,居家生活,8464,億豐,359.0
2026-07-08,居家生活,9934,成霖,10.25
2026-07-08,散熱,2421,建準,143.5
2026-07-08,散熱,3017,奇鋐,2325.0
2026-07-08,散熱,3653,健策,3200.0
2026-07-08,散熱,6230,尼得科超眾,121.5
2026-07-08,散裝航運,2605,新興,31.0
2026-07-08,散裝航運,2612,中航,54.4
2026-07-08,散裝航運,2617,台航,30.45
2026-07-08,散裝航運,2637,慧洋-KY,80.0
2026-07-08,機器人,1590,亞德客-KY,1345.0
2026-07-08,機器人,2049,上銀,340.0
2026-07-08,機器人,2308,台達電,1885.0
2026-07-08,機器人,2359,所羅門,135.5
2026-07-08,機器人,2464,盟立,159.5
2026-07-08,機器人,6166,凌華,135.5
2026-07-08,機能紡織,1402,遠東新,27.85
2026-07-08,機能紡織,1476,儒鴻,336.0
2026-07-08,機能紡織,1477,聚陽,224.0
2026-07-08,機能紡織,4438,廣越,61.2
2026-07-08,水泥,1101,台泥,23.1
2026-07-08,水泥,1102,亞泥,35.8
2026-07-08,水泥,1103,嘉泥,13.45
2026-07-08,水泥,1104,環泥,27.1
2026-07-08,汽車整車,2201,裕隆,28.5
2026-07-08,汽車整車,2204,中華,57.6
2026-07-08,汽車整車,2207,和泰車,480.5
2026-07-08,汽車零組件,1319,東陽,76.2
2026-07-08,汽車零組件,1521,大億,26.1
2026-07-08,汽車零組件,1536,和大,50.0
2026-07-08,汽車零組件,2227,裕日車,49.25
2026-07-08,汽車零組件,2231,為升,115.5
2026-07-08,汽車零組件,4551,智伸科,246.0
2026-07-08,營建,2501,國建,23.85
2026-07-08,營建,2520,冠德,34.95
2026-07-08,營建,2542,興富發,43.5
2026-07-08,營建,2548,華固,100.5
2026-07-08,營建,2608,嘉里大榮,29.4
2026-07-08,特用化學,1711,永光,43.2
2026-07-08,特用化學,1723,中碳,82.6
2026-07-08,特用化學,1773,勝一,175.0
2026-07-08,特用化學,4763,材料*-KY,48.9
2026-07-08,玻璃陶瓷,1802,台玻,66.0
2026-07-08,玻璃陶瓷,1806,冠軍,8.45
2026-07-08,玻璃陶瓷,1809,中釉,49.55
2026-07-08,玻璃陶瓷,1810,和成,24.45
2026-07-08,環保,8341,日友,76.9
2026-07-08,生技製藥,1707,葡萄王,91.0
2026-07-08,生技製藥,1720,生達,63.6
2026-07-08,生技製藥,1760,寶齡富錦,63.9
2026-07-08,生技製藥,1789,神隆,20.9
2026-07-08,百貨零售,2903,遠百,22.1
2026-07-08,百貨零售,2912,統一超,241.0
2026-07-08,百貨零售,5907,大洋-KY,5.02
2026-07-08,百貨零售,8454,富邦媒,271.0
2026-07-08,石化能源,1301,台塑,58.0
2026-07-08,石化能源,1303,南亞,182.0
2026-07-08,石化能源,1314,中石化,9.7
2026-07-08,石化能源,6505,台塑化,59.4
2026-07-08,石化能源,8926,台汽電,77.7
2026-07-08,系統整合,2427,三商電,25.55
2026-07-08,系統整合,2480,敦陽科,159.5
2026-07-08,系統整合,3029,零壹,103.5
2026-07-08,系統整合,6214,精誠,135.0
2026-07-08,網通,2345,智邦,2415.0
2026-07-08,網通,2412,中華電,139.5
2026-07-08,網通,4904,遠傳,93.2
2026-07-08,網通,5388,中磊,83.1
2026-07-08,網通,6285,啟碁,251.5
2026-07-08,自行車,9914,美利達,74.2
2026-07-08,自行車,9921,巨大,74.1
2026-07-08,航空,2610,華航,22.05
2026-07-08,航空,2618,長榮航,39.85
2026-07-08,航空,2646,星宇航空,21.2
2026-07-08,被動元件,2327,國巨*,891.0
2026-07-08,被動元件,2492,華新科,474.0
2026-07-08,被動元件,3026,禾伸堂,953.0
2026-07-08,記憶體,2337,旺宏,138.5
2026-07-08,記憶體,2344,華邦電,168.5
2026-07-08,記憶體,2408,南亞科,396.0
2026-07-08,記憶體,4967,十銓,233.0
2026-07-08,記憶體,8271,宇瞻,181.0
2026-07-08,貨櫃航運,2603,長榮,196.0
2026-07-08,貨櫃航運,2609,陽明,52.3
2026-07-08,貨櫃航運,2615,萬海,79.4
2026-07-08,輪胎橡膠,2101,南港,33.7
2026-07-08,輪胎橡膠,2103,台橡,23.8
2026-07-08,輪胎橡膠,2105,正新,32.2
2026-07-08,輪胎橡膠,2106,建大,17.7
2026-07-08,造紙,1904,正隆,23.4
2026-07-08,造紙,1905,華紙,15.7
2026-07-08,造紙,1907,永豐餘,27.85
2026-07-08,運動健身,1598,岱宇,19.0
2026-07-08,運動健身,1736,喬山,132.0
2026-07-08,運動健身,8462,柏文,156.0
2026-07-08,運動健身,9904,寶成,24.3
2026-07-08,醫療器材,4104,佳醫,69.3
2026-07-08,醫療器材,4133,亞諾法,20.95
2026-07-08,醫療器材,4736,泰博,126.0
2026-07-08,醫療器材,6491,晶碩,375.0
2026-07-08,重電,1503,士電,225.5
2026-07-08,重電,1513,中興電,171.5
2026-07-08,重電,1519,華城,740.0
2026-07-08,重電,1609,大亞,39.5
2026-07-08,重電,1618,合機,40.5
2026-07-08,金控銀行,2880,華南金,39.7
2026-07-08,金控銀行,2881,富邦金,126.0
2026-07-08,金控銀行,2882,國泰金,98.0
2026-07-08,金控銀行,2884,玉山金,34.75
2026-07-08,金控銀行,2886,兆豐金,46.8
2026-07-08,鋼鐵,2002,中鋼,18.7
2026-07-08,鋼鐵,2006,東和鋼鐵,68.8
2026-07-08,鋼鐵,2014,中鴻,17.2
2026-07-08,鋼鐵,2027,大成鋼,40.55
2026-07-08,鋼鐵,2031,新光鋼,38.2
2026-07-08,雲端服務,3045,台灣大,113.0
2026-07-08,雲端服務,4994,傳奇,91.0
2026-07-08,雲端服務,8454,富邦媒,271.0
2026-07-08,電子檢測,2360,致茂,1855.0
2026-07-08,電子檢測,3130,一零四,220.5
2026-07-08,電子檢測,3563,牧德,713.0
2026-07-08,電線電纜,1605,華新,34.85
2026-07-08,電線電纜,1608,華榮,33.95
2026-07-08,電線電纜,1609,大亞,39.5
2026-07-08,電線電纜,1612,宏泰,33.65
2026-07-08,電線電纜,1618,合機,40.5
2026-07-08,面板,2409,友達,29.55
2026-07-08,面板,3481,群創,65.2
2026-07-08,面板,6116,彩晶,17.25
2026-07-08,食品製造,1201,味全,12.5
2026-07-08,食品製造,1203,味王,43.4
2026-07-08,食品製造,1210,大成,56.9
2026-07-08,食品製造,1215,卜蜂,111.5
2026-07-08,食品製造,1227,佳格,29.8
2026-07-08,食品製造,1231,聯華食,86.7
2026-07-08,飯店餐旅,2704,國賓,44.8
2026-07-08,飯店餐旅,2707,晶華,179.5
2026-07-08,飯店餐旅,2712,遠雄來,14.85
2026-07-08,飯店餐旅,2727,王品,241.5
2026-07-09,ABF載板,3037,欣興,875.0
2026-07-09,ABF載板,3189,景碩,795.0
2026-07-09,ABF載板,8046,南電,1215.0
2026-07-09,AI伺服器,2317,鴻海,237.5
2026-07-09,AI伺服器,2382,廣達,373.5
2026-07-09,AI伺服器,3017,奇鋐,2350.0
2026-07-09,AI伺服器,3231,緯創,144.5
2026-07-09,AI伺服器,6669,緯穎,5040.0
2026-07-09,CCL銅箔基板,2383,台光電,5295.0
2026-07-09,CCL銅箔基板,6213,聯茂,385.0
2026-07-09,IC設計,2379,瑞昱,840.0
2026-07-09,IC設計,2454,聯發科,3925.0
2026-07-09,IC設計,3034,聯詠,542.0
2026-07-09,IC設計,3443,創意,4340.0
2026-07-09,IC設計,3661,世芯-KY,4210.0
2026-07-09,IC設計,5269,祥碩,1480.0
2026-07-09,LED光電,2393,億光,71.0
2026-07-09,LED光電,3031,佰鴻,30.85
2026-07-09,LED光電,3596,智易,194.0
2026-07-09,LED光電,3714,富采,63.7
2026-07-09,PCB,2313,華通,223.0
2026-07-09,PCB,2367,燿華,51.5
2026-07-09,PCB,3037,欣興,875.0
2026-07-09,PCB,3044,健鼎,448.5
2026-07-09,PCB,4958,臻鼎-KY,588.0
2026-07-09,PCB,5469,瀚宇博,80.6
2026-07-09,PCB,6191,精成科,101.0
2026-07-09,PCB,8046,南電,1215.0
2026-07-09,保險,2851,中再保,37.85
2026-07-09,保險,2867,三商壽,8.86
2026-07-09,光學鏡頭,3008,大立光,3950.0
2026-07-09,光學鏡頭,3406,玉晶光,616.0
2026-07-09,光學鏡頭,3504,揚明光,81.8
2026-07-09,光通訊,3450,聯鈞,502.0
2026-07-09,光通訊,4977,眾達-KY,152.5
2026-07-09,光通訊,6442,光聖,1480.0
2026-07-09,其他綜合,9907,統一實,15.1
2026-07-09,其他綜合,9911,櫻花,83.5
2026-07-09,其他綜合,9924,福興,39.9
2026-07-09,其他綜合,9933,中鼎,41.1
2026-07-09,半導體設備,2467,志聖,556.0
2026-07-09,半導體設備,3583,辛耘,817.0
2026-07-09,半導體設備,6196,帆宣,549.0
2026-07-09,半導體通路,2347,聯強,88.5
2026-07-09,半導體通路,3036,文曄,211.5
2026-07-09,半導體通路,3702,大聯大,106.5
2026-07-09,半導體通路,8112,至上,85.0
2026-07-09,塑化,1301,台塑,54.8
2026-07-09,塑化,1303,南亞,181.5
2026-07-09,塑化,1304,台聚,13.4
2026-07-09,塑化,1305,華夏,12.8
2026-07-09,塑化,1308,亞聚,14.65
2026-07-09,塑化,1314,中石化,8.9
2026-07-09,太陽能,3576,聯合再生,16.4
2026-07-09,太陽能,6443,元晶,31.25
2026-07-09,太陽能,6477,安集,39.85
2026-07-09,居家生活,2908,特力,21.85
2026-07-09,居家生活,8464,億豐,360.0
2026-07-09,居家生活,9934,成霖,10.3
2026-07-09,散熱,2421,建準,142.5
2026-07-09,散熱,3017,奇鋐,2350.0
2026-07-09,散熱,3653,健策,3205.0
2026-07-09,散熱,6230,尼得科超眾,124.0
2026-07-09,散裝航運,2605,新興,30.45
2026-07-09,散裝航運,2612,中航,54.4
2026-07-09,散裝航運,2617,台航,30.5
2026-07-09,散裝航運,2637,慧洋-KY,83.0
2026-07-09,機器人,1590,亞德客-KY,1280.0
2026-07-09,機器人,2049,上銀,331.5
2026-07-09,機器人,2308,台達電,1880.0
2026-07-09,機器人,2359,所羅門,139.0
2026-07-09,機器人,2464,盟立,161.5
2026-07-09,機器人,6166,凌華,134.5
2026-07-09,機能紡織,1402,遠東新,27.45
2026-07-09,機能紡織,1476,儒鴻,335.0
2026-07-09,機能紡織,1477,聚陽,222.5
2026-07-09,機能紡織,4438,廣越,61.5
2026-07-09,水泥,1101,台泥,22.7
2026-07-09,水泥,1102,亞泥,35.7
2026-07-09,水泥,1103,嘉泥,13.4
2026-07-09,水泥,1104,環泥,27.1
2026-07-09,汽車整車,2201,裕隆,28.45
2026-07-09,汽車整車,2204,中華,57.0
2026-07-09,汽車整車,2207,和泰車,476.5
2026-07-09,汽車零組件,1319,東陽,75.8
2026-07-09,汽車零組件,1521,大億,25.8
2026-07-09,汽車零組件,1536,和大,55.0
2026-07-09,汽車零組件,2227,裕日車,49.95
2026-07-09,汽車零組件,2231,為升,111.0
2026-07-09,汽車零組件,4551,智伸科,229.5
2026-07-09,營建,2501,國建,23.9
2026-07-09,營建,2520,冠德,35.1
2026-07-09,營建,2542,興富發,43.6
2026-07-09,營建,2548,華固,101.0
2026-07-09,營建,2608,嘉里大榮,29.45
2026-07-09,特用化學,1711,永光,42.8
2026-07-09,特用化學,1723,中碳,84.4
2026-07-09,特用化學,1773,勝一,174.5
2026-07-09,特用化學,4763,材料*-KY,47.6
2026-07-09,玻璃陶瓷,1802,台玻,65.0
2026-07-09,玻璃陶瓷,1806,冠軍,8.41
2026-07-09,玻璃陶瓷,1809,中釉,48.6
2026-07-09,玻璃陶瓷,1810,和成,23.85
2026-07-09,環保,8341,日友,76.6
2026-07-09,生技製藥,1707,葡萄王,91.6
2026-07-09,生技製藥,1720,生達,63.9
2026-07-09,生技製藥,1760,寶齡富錦,62.2
2026-07-09,生技製藥,1789,神隆,20.55
2026-07-09,百貨零售,2903,遠百,22.25
2026-07-09,百貨零售,2912,統一超,241.0
2026-07-09,百貨零售,5907,大洋-KY,5.0
2026-07-09,百貨零售,8454,富邦媒,268.0
2026-07-09,石化能源,1301,台塑,54.8
2026-07-09,石化能源,1303,南亞,181.5
2026-07-09,石化能源,1314,中石化,8.9
2026-07-09,石化能源,6505,台塑化,58.8
2026-07-09,石化能源,8926,台汽電,76.0
2026-07-09,系統整合,2427,三商電,25.25
2026-07-09,系統整合,2480,敦陽科,160.5
2026-07-09,系統整合,3029,零壹,103.0
2026-07-09,系統整合,6214,精誠,143.5
2026-07-09,網通,2345,智邦,2470.0
2026-07-09,網通,2412,中華電,133.5
2026-07-09,網通,4904,遠傳,95.0
2026-07-09,網通,5388,中磊,84.6
2026-07-09,網通,6285,啟碁,260.5
2026-07-09,自行車,9914,美利達,72.8
2026-07-09,自行車,9921,巨大,72.7
2026-07-09,航空,2610,華航,21.4
2026-07-09,航空,2618,長榮航,39.6
2026-07-09,航空,2646,星宇航空,21.15
2026-07-09,被動元件,2327,國巨*,900.0
2026-07-09,被動元件,2492,華新科,465.5
2026-07-09,被動元件,3026,禾伸堂,1005.0
2026-07-09,記憶體,2337,旺宏,143.5
2026-07-09,記憶體,2344,華邦電,176.5
2026-07-09,記憶體,2408,南亞科,435.5
2026-07-09,記憶體,4967,十銓,233.0
2026-07-09,記憶體,8271,宇瞻,181.0
2026-07-09,貨櫃航運,2603,長榮,194.5
2026-07-09,貨櫃航運,2609,陽明,51.6
2026-07-09,貨櫃航運,2615,萬海,80.4
2026-07-09,輪胎橡膠,2101,南港,34.0
2026-07-09,輪胎橡膠,2103,台橡,23.05
2026-07-09,輪胎橡膠,2105,正新,32.4
2026-07-09,輪胎橡膠,2106,建大,17.4
2026-07-09,造紙,1904,正隆,23.4
2026-07-09,造紙,1905,華紙,15.75
2026-07-09,造紙,1907,永豐餘,27.75
2026-07-09,運動健身,1598,岱宇,19.1
2026-07-09,運動健身,1736,喬山,131.5
2026-07-09,運動健身,8462,柏文,159.0
2026-07-09,運動健身,9904,寶成,24.25
2026-07-09,醫療器材,4104,佳醫,69.8
2026-07-09,醫療器材,4133,亞諾法,20.8
2026-07-09,醫療器材,4736,泰博,126.0
2026-07-09,醫療器材,6491,晶碩,375.0
2026-07-09,重電,1503,士電,221.5
2026-07-09,重電,1513,中興電,168.5
2026-07-09,重電,1519,華城,721.0
2026-07-09,重電,1609,大亞,39.1
2026-07-09,重電,1618,合機,38.8
2026-07-09,金控銀行,2880,華南金,38.85
2026-07-09,金控銀行,2881,富邦金,124.5
2026-07-09,金控銀行,2882,國泰金,96.3
2026-07-09,金控銀行,2884,玉山金,34.75
2026-07-09,金控銀行,2886,兆豐金,46.7
2026-07-09,鋼鐵,2002,中鋼,18.55
2026-07-09,鋼鐵,2006,東和鋼鐵,70.2
2026-07-09,鋼鐵,2014,中鴻,17.15
2026-07-09,鋼鐵,2027,大成鋼,40.0
2026-07-09,鋼鐵,2031,新光鋼,38.35
2026-07-09,雲端服務,3045,台灣大,108.5
2026-07-09,雲端服務,4994,傳奇,91.0
2026-07-09,雲端服務,8454,富邦媒,268.0
2026-07-09,電子檢測,2360,致茂,1820.0
2026-07-09,電子檢測,3130,一零四,220.5
2026-07-09,電子檢測,3563,牧德,721.0
2026-07-09,電線電纜,1605,華新,34.4
2026-07-09,電線電纜,1608,華榮,34.05
2026-07-09,電線電纜,1609,大亞,39.1
2026-07-09,電線電纜,1612,宏泰,33.55
2026-07-09,電線電纜,1618,合機,38.8
2026-07-09,面板,2409,友達,31.45
2026-07-09,面板,3481,群創,65.3
2026-07-09,面板,6116,彩晶,17.2
2026-07-09,食品製造,1201,味全,12.45
2026-07-09,食品製造,1203,味王,43.15
2026-07-09,食品製造,1210,大成,57.0
2026-07-09,食品製造,1215,卜蜂,112.0
2026-07-09,食品製造,1227,佳格,29.75
2026-07-09,食品製造,1231,聯華食,86.4
2026-07-09,飯店餐旅,2704,國賓,45.4
2026-07-09,飯店餐旅,2707,晶華,180.0
2026-07-09,飯店餐旅,2712,遠雄來,14.75
2026-07-09,飯店餐旅,2727,王品,240.5
2026-07-13,ABF載板,3037,欣興,903.0
2026-07-13,ABF載板,3189,景碩,819.0
2026-07-13,ABF載板,8046,南電,1270.0
2026-07-13,AI伺服器,2317,鴻海,236.5
2026-07-13,AI伺服器,2382,廣達,378.0
2026-07-13,AI伺服器,3017,奇鋐,2225.0
2026-07-13,AI伺服器,3231,緯創,143.5
2026-07-13,AI伺服器,6669,緯穎,4960.0
2026-07-13,CCL銅箔基板,2383,台光電,5125.0
2026-07-13,CCL銅箔基板,6213,聯茂,359.5
2026-07-13,IC設計,2379,瑞昱,756.0
2026-07-13,IC設計,2454,聯發科,3825.0
2026-07-13,IC設計,3034,聯詠,467.5
2026-07-13,IC設計,3443,創意,4270.0
2026-07-13,IC設計,3661,世芯-KY,4135.0
2026-07-13,IC設計,5269,祥碩,1510.0
2026-07-13,LED光電,2393,億光,69.1
2026-07-13,LED光電,3031,佰鴻,29.05
2026-07-13,LED光電,3596,智易,197.0
2026-07-13,LED光電,3714,富采,60.9
2026-07-13,PCB,2313,華通,235.0
2026-07-13,PCB,2367,燿華,50.5
2026-07-13,PCB,3037,欣興,903.0
2026-07-13,PCB,3044,健鼎,439.0
2026-07-13,PCB,4958,臻鼎-KY,646.0
2026-07-13,PCB,5469,瀚宇博,80.1
2026-07-13,PCB,6191,精成科,101.5
2026-07-13,PCB,8046,南電,1270.0
2026-07-13,保險,2851,中再保,38.05
2026-07-13,保險,2867,三商壽,8.83
2026-07-13,光學鏡頭,3008,大立光,4345.0
2026-07-13,光學鏡頭,3406,玉晶光,609.0
2026-07-13,光學鏡頭,3504,揚明光,76.4
2026-07-13,光通訊,3450,聯鈞,515.0
2026-07-13,光通訊,4977,眾達-KY,151.5
2026-07-13,光通訊,6442,光聖,1375.0
2026-07-13,其他綜合,9907,統一實,15.2
2026-07-13,其他綜合,9911,櫻花,84.5
2026-07-13,其他綜合,9924,福興,40.1
2026-07-13,其他綜合,9933,中鼎,40.6
2026-07-13,半導體設備,2467,志聖,595.0
2026-07-13,半導體設備,3583,辛耘,794.0
2026-07-13,半導體設備,6196,帆宣,551.0
2026-07-13,半導體通路,2347,聯強,82.5
2026-07-13,半導體通路,3036,文曄,211.0
2026-07-13,半導體通路,3702,大聯大,117.0
2026-07-13,半導體通路,8112,至上,87.5
2026-07-13,塑化,1301,台塑,60.2
2026-07-13,塑化,1303,南亞,199.5
2026-07-13,塑化,1304,台聚,13.55
2026-07-13,塑化,1305,華夏,12.95
2026-07-13,塑化,1308,亞聚,14.8
2026-07-13,塑化,1314,中石化,8.85
2026-07-13,太陽能,3576,聯合再生,16.7
2026-07-13,太陽能,6443,元晶,30.4
2026-07-13,太陽能,6477,安集,40.55
2026-07-13,居家生活,2908,特力,21.8
2026-07-13,居家生活,8464,億豐,368.0
2026-07-13,居家生活,9934,成霖,10.95
2026-07-13,散熱,2421,建準,138.0
2026-07-13,散熱,3017,奇鋐,2225.0
2026-07-13,散熱,3653,健策,3195.0
2026-07-13,散熱,6230,尼得科超眾,120.0
2026-07-13,散裝航運,2605,新興,30.6
2026-07-13,散裝航運,2612,中航,54.6
2026-07-13,散裝航運,2617,台航,30.1
2026-07-13,散裝航運,2637,慧洋-KY,84.7
2026-07-13,機器人,1590,亞德客-KY,1320.0
2026-07-13,機器人,2049,上銀,332.0
2026-07-13,機器人,2308,台達電,1890.0
2026-07-13,機器人,2359,所羅門,148.0
2026-07-13,機器人,2464,盟立,166.0
2026-07-13,機器人,6166,凌華,134.5
2026-07-13,機能紡織,1402,遠東新,26.85
2026-07-13,機能紡織,1476,儒鴻,341.0
2026-07-13,機能紡織,1477,聚陽,226.0
2026-07-13,機能紡織,4438,廣越,61.0
2026-07-13,水泥,1101,台泥,22.85
2026-07-13,水泥,1102,亞泥,34.9
2026-07-13,水泥,1103,嘉泥,13.55
2026-07-13,水泥,1104,環泥,27.1
2026-07-13,汽車整車,2201,裕隆,28.25
2026-07-13,汽車整車,2204,中華,57.1
2026-07-13,汽車整車,2207,和泰車,475.0
2026-07-13,汽車零組件,1319,東陽,75.2
2026-07-13,汽車零組件,1521,大億,25.7
2026-07-13,汽車零組件,1536,和大,56.1
2026-07-13,汽車零組件,2227,裕日車,49.9
2026-07-13,汽車零組件,2231,為升,114.0
2026-07-13,汽車零組件,4551,智伸科,214.0
2026-07-13,營建,2501,國建,23.5
2026-07-13,營建,2520,冠德,35.35
2026-07-13,營建,2542,興富發,43.25
2026-07-13,營建,2548,華固,100.0
2026-07-13,營建,2608,嘉里大榮,29.35
2026-07-13,特用化學,1711,永光,41.9
2026-07-13,特用化學,1723,中碳,86.5
2026-07-13,特用化學,1773,勝一,176.5
2026-07-13,特用化學,4763,材料*-KY,47.25
2026-07-13,玻璃陶瓷,1802,台玻,64.2
2026-07-13,玻璃陶瓷,1806,冠軍,8.26
2026-07-13,玻璃陶瓷,1809,中釉,47.65
2026-07-13,玻璃陶瓷,1810,和成,26.2
2026-07-13,環保,8341,日友,76.2
2026-07-13,生技製藥,1707,葡萄王,91.5
2026-07-13,生技製藥,1720,生達,64.2
2026-07-13,生技製藥,1760,寶齡富錦,60.9
2026-07-13,生技製藥,1789,神隆,20.0
2026-07-13,百貨零售,2903,遠百,22.0
2026-07-13,百貨零售,2912,統一超,239.5
2026-07-13,百貨零售,5907,大洋-KY,4.9
2026-07-13,百貨零售,8454,富邦媒,262.0
2026-07-13,石化能源,1301,台塑,60.2
2026-07-13,石化能源,1303,南亞,199.5
2026-07-13,石化能源,1314,中石化,8.85
2026-07-13,石化能源,6505,台塑化,63.1
2026-07-13,石化能源,8926,台汽電,69.3
2026-07-13,系統整合,2427,三商電,25.4
2026-07-13,系統整合,2480,敦陽科,163.5
2026-07-13,系統整合,3029,零壹,102.0
2026-07-13,系統整合,6214,精誠,141.0
2026-07-13,網通,2345,智邦,2405.0
2026-07-13,網通,2412,中華電,133.5
2026-07-13,網通,4904,遠傳,96.1
2026-07-13,網通,5388,中磊,85.4
2026-07-13,網通,6285,啟碁,259.0
2026-07-13,自行車,9914,美利達,75.4
2026-07-13,自行車,9921,巨大,79.9
2026-07-13,航空,2610,華航,21.05
2026-07-13,航空,2618,長榮航,40.75
2026-07-13,航空,2646,星宇航空,21.2
2026-07-13,被動元件,2327,國巨*,816.0
2026-07-13,被動元件,2492,華新科,419.0
2026-07-13,被動元件,3026,禾伸堂,905.0
2026-07-13,記憶體,2337,旺宏,138.0
2026-07-13,記憶體,2344,華邦電,167.0
2026-07-13,記憶體,2408,南亞科,423.0
2026-07-13,記憶體,4967,十銓,229.5
2026-07-13,記憶體,8271,宇瞻,183.0
2026-07-13,貨櫃航運,2603,長榮,195.0
2026-07-13,貨櫃航運,2609,陽明,50.1
2026-07-13,貨櫃航運,2615,萬海,79.2
2026-07-13,輪胎橡膠,2101,南港,34.55
2026-07-13,輪胎橡膠,2103,台橡,23.3
2026-07-13,輪胎橡膠,2105,正新,32.85
2026-07-13,輪胎橡膠,2106,建大,17.5
2026-07-13,造紙,1904,正隆,21.9
2026-07-13,造紙,1905,華紙,15.1
2026-07-13,造紙,1907,永豐餘,27.05
2026-07-13,運動健身,1598,岱宇,19.2
2026-07-13,運動健身,1736,喬山,128.0
2026-07-13,運動健身,8462,柏文,160.0
2026-07-13,運動健身,9904,寶成,24.25
2026-07-13,醫療器材,4104,佳醫,70.7
2026-07-13,醫療器材,4133,亞諾法,20.5
2026-07-13,醫療器材,4736,泰博,126.5
2026-07-13,醫療器材,6491,晶碩,365.5
2026-07-13,重電,1503,士電,220.0
2026-07-13,重電,1513,中興電,168.0
2026-07-13,重電,1519,華城,727.0
2026-07-13,重電,1609,大亞,40.1
2026-07-13,重電,1618,合機,38.65
2026-07-13,金控銀行,2880,華南金,39.0
2026-07-13,金控銀行,2881,富邦金,127.0
2026-07-13,金控銀行,2882,國泰金,96.7
2026-07-13,金控銀行,2884,玉山金,34.6
2026-07-13,金控銀行,2886,兆豐金,47.0
2026-07-13,鋼鐵,2002,中鋼,18.4
2026-07-13,鋼鐵,2006,東和鋼鐵,70.2
2026-07-13,鋼鐵,2014,中鴻,17.05
2026-07-13,鋼鐵,2027,大成鋼,39.5
2026-07-13,鋼鐵,2031,新光鋼,39.6
2026-07-13,雲端服務,3045,台灣大,109.5
2026-07-13,雲端服務,4994,傳奇,89.8
2026-07-13,雲端服務,8454,富邦媒,262.0
2026-07-13,電子檢測,2360,致茂,1850.0
2026-07-13,電子檢測,3130,一零四,221.0
2026-07-13,電子檢測,3563,牧德,691.0
2026-07-13,電線電纜,1605,華新,33.9
2026-07-13,電線電纜,1608,華榮,33.6
2026-07-13,電線電纜,1609,大亞,40.1
2026-07-13,電線電纜,1612,宏泰,32.8
2026-07-13,電線電纜,1618,合機,38.65
2026-07-13,面板,2409,友達,29.25
2026-07-13,面板,3481,群創,61.0
2026-07-13,面板,6116,彩晶,16.6
2026-07-13,食品製造,1201,味全,12.55
2026-07-13,食品製造,1203,味王,42.85
2026-07-13,食品製造,1210,大成,57.9
2026-07-13,食品製造,1215,卜蜂,113.5
2026-07-13,食品製造,1227,佳格,30.1
2026-07-13,食品製造,1231,聯華食,86.5
2026-07-13,飯店餐旅,2704,國賓,45.6
2026-07-13,飯店餐旅,2707,晶華,180.5
2026-07-13,飯店餐旅,2712,遠雄來,14.95
2026-07-13,飯店餐旅,2727,王品,239.0
2026-07-14,ABF載板,3037,欣興,874.0
2026-07-14,ABF載板,3189,景碩,805.0
2026-07-14,ABF載板,8046,南電,1290.0
2026-07-14,AI伺服器,2317,鴻海,235.5
2026-07-14,AI伺服器,2382,廣達,380.0
2026-07-14,AI伺服器,3017,奇鋐,2120.0
2026-07-14,AI伺服器,3231,緯創,142.5
2026-07-14,AI伺服器,6669,緯穎,4905.0
2026-07-14,CCL銅箔基板,2383,台光電,4970.0
2026-07-14,CCL銅箔基板,6213,聯茂,348.5
2026-07-14,IC設計,2379,瑞昱,754.0
2026-07-14,IC設計,2454,聯發科,3660.0
2026-07-14,IC設計,3034,聯詠,468.0
2026-07-14,IC設計,3443,創意,4020.0
2026-07-14,IC設計,3661,世芯-KY,3725.0
2026-07-14,IC設計,5269,祥碩,1525.0
2026-07-14,LED光電,2393,億光,67.6
2026-07-14,LED光電,3031,佰鴻,28.4
2026-07-14,LED光電,3596,智易,189.5
2026-07-14,LED光電,3714,富采,59.3
2026-07-14,PCB,2313,華通,225.5
2026-07-14,PCB,2367,燿華,48.3
2026-07-14,PCB,3037,欣興,874.0
2026-07-14,PCB,3044,健鼎,421.5
2026-07-14,PCB,4958,臻鼎-KY,629.0
2026-07-14,PCB,5469,瀚宇博,74.8
2026-07-14,PCB,6191,精成科,96.2
2026-07-14,PCB,8046,南電,1290.0
2026-07-14,保險,2851,中再保,37.65
2026-07-14,保險,2867,三商壽,8.83
2026-07-14,光學鏡頭,3008,大立光,4265.0
2026-07-14,光學鏡頭,3406,玉晶光,587.0
2026-07-14,光學鏡頭,3504,揚明光,71.2
2026-07-14,光通訊,3450,聯鈞,476.0
2026-07-14,光通訊,4977,眾達-KY,147.0
2026-07-14,光通訊,6442,光聖,1315.0
2026-07-14,其他綜合,9907,統一實,15.2
2026-07-14,其他綜合,9911,櫻花,83.8
2026-07-14,其他綜合,9924,福興,40.25
2026-07-14,其他綜合,9933,中鼎,40.1
2026-07-14,半導體設備,2467,志聖,536.0
2026-07-14,半導體設備,3583,辛耘,766.0
2026-07-14,半導體設備,6196,帆宣,539.0
2026-07-14,半導體通路,2347,聯強,83.1
2026-07-14,半導體通路,3036,文曄,203.5
2026-07-14,半導體通路,3702,大聯大,119.5
2026-07-14,半導體通路,8112,至上,85.4
2026-07-14,塑化,1301,台塑,63.6
2026-07-14,塑化,1303,南亞,210.0
2026-07-14,塑化,1304,台聚,13.55
2026-07-14,塑化,1305,華夏,12.7
2026-07-14,塑化,1308,亞聚,14.55
2026-07-14,塑化,1314,中石化,8.74
2026-07-14,太陽能,3576,聯合再生,17.5
2026-07-14,太陽能,6443,元晶,29.9
2026-07-14,太陽能,6477,安集,41.5
2026-07-14,居家生活,2908,特力,21.8
2026-07-14,居家生活,8464,億豐,364.0
2026-07-14,居家生活,9934,成霖,10.7
2026-07-14,散熱,2421,建準,133.5
2026-07-14,散熱,3017,奇鋐,2120.0
2026-07-14,散熱,3653,健策,3070.0
2026-07-14,散熱,6230,尼得科超眾,117.0
2026-07-14,散裝航運,2605,新興,30.15
2026-07-14,散裝航運,2612,中航,53.7
2026-07-14,散裝航運,2617,台航,30.0
2026-07-14,散裝航運,2637,慧洋-KY,83.8
2026-07-14,機器人,1590,亞德客-KY,1290.0
2026-07-14,機器人,2049,上銀,317.0
2026-07-14,機器人,2308,台達電,1855.0
2026-07-14,機器人,2359,所羅門,142.5
2026-07-14,機器人,2464,盟立,159.0
2026-07-14,機器人,6166,凌華,132.5
2026-07-14,機能紡織,1402,遠東新,26.35
2026-07-14,機能紡織,1476,儒鴻,343.5
2026-07-14,機能紡織,1477,聚陽,220.0
2026-07-14,機能紡織,4438,廣越,60.9
2026-07-14,水泥,1101,台泥,22.7
2026-07-14,水泥,1102,亞泥,34.2
2026-07-14,水泥,1103,嘉泥,13.4
2026-07-14,水泥,1104,環泥,26.75
2026-07-14,汽車整車,2201,裕隆,27.85
2026-07-14,汽車整車,2204,中華,57.4
2026-07-14,汽車整車,2207,和泰車,480.0
2026-07-14,汽車零組件,1319,東陽,75.4
2026-07-14,汽車零組件,1521,大億,25.5
2026-07-14,汽車零組件,1536,和大,53.2
2026-07-14,汽車零組件,2227,裕日車,49.85
2026-07-14,汽車零組件,2231,為升,116.5
2026-07-14,汽車零組件,4551,智伸科,208.0
2026-07-14,營建,2501,國建,21.6
2026-07-14,營建,2520,冠德,35.0
2026-07-14,營建,2542,興富發,43.4
2026-07-14,營建,2548,華固,99.3
2026-07-14,營建,2608,嘉里大榮,29.1
2026-07-14,特用化學,1711,永光,41.85
2026-07-14,特用化學,1723,中碳,85.4
2026-07-14,特用化學,1773,勝一,174.0
2026-07-14,特用化學,4763,材料*-KY,45.75
2026-07-14,玻璃陶瓷,1802,台玻,62.3
2026-07-14,玻璃陶瓷,1806,冠軍,8.26
2026-07-14,玻璃陶瓷,1809,中釉,46.2
2026-07-14,玻璃陶瓷,1810,和成,28.8
2026-07-14,環保,8341,日友,75.2
2026-07-14,生技製藥,1707,葡萄王,91.5
2026-07-14,生技製藥,1720,生達,63.8
2026-07-14,生技製藥,1760,寶齡富錦,60.8
2026-07-14,生技製藥,1789,神隆,19.9
2026-07-14,百貨零售,2903,遠百,21.85
2026-07-14,百貨零售,2912,統一超,242.0
2026-07-14,百貨零售,5907,大洋-KY,4.88
2026-07-14,百貨零售,8454,富邦媒,262.5
2026-07-14,石化能源,1301,台塑,63.6
2026-07-14,石化能源,1303,南亞,210.0
2026-07-14,石化能源,1314,中石化,8.74
2026-07-14,石化能源,6505,台塑化,66.2
2026-07-14,石化能源,8926,台汽電,67.3
2026-07-14,系統整合,2427,三商電,25.75
2026-07-14,系統整合,2480,敦陽科,158.5
2026-07-14,系統整合,3029,零壹,101.5
2026-07-14,系統整合,6214,精誠,140.5
2026-07-14,網通,2345,智邦,2280.0
2026-07-14,網通,2412,中華電,133.0
2026-07-14,網通,4904,遠傳,95.1
2026-07-14,網通,5388,中磊,85.7
2026-07-14,網通,6285,啟碁,247.5
2026-07-14,自行車,9914,美利達,76.1
2026-07-14,自行車,9921,巨大,81.3
2026-07-14,航空,2610,華航,20.4
2026-07-14,航空,2618,長榮航,40.8
2026-07-14,航空,2646,星宇航空,21.15
2026-07-14,被動元件,2327,國巨*,778.0
2026-07-14,被動元件,2492,華新科,390.0
2026-07-14,被動元件,3026,禾伸堂,815.0
2026-07-14,記憶體,2337,旺宏,139.5
2026-07-14,記憶體,2344,華邦電,164.5
2026-07-14,記憶體,2408,南亞科,448.0
2026-07-14,記憶體,4967,十銓,224.5
2026-07-14,記憶體,8271,宇瞻,173.5
2026-07-14,貨櫃航運,2603,長榮,194.5
2026-07-14,貨櫃航運,2609,陽明,48.0
2026-07-14,貨櫃航運,2615,萬海,79.4
2026-07-14,輪胎橡膠,2101,南港,34.2
2026-07-14,輪胎橡膠,2103,台橡,25.0
2026-07-14,輪胎橡膠,2105,正新,32.65
2026-07-14,輪胎橡膠,2106,建大,17.5
2026-07-14,造紙,1904,正隆,22.3
2026-07-14,造紙,1905,華紙,14.75
2026-07-14,造紙,1907,永豐餘,27.65
2026-07-14,運動健身,1598,岱宇,19.25
2026-07-14,運動健身,1736,喬山,128.5
2026-07-14,運動健身,8462,柏文,167.0
2026-07-14,運動健身,9904,寶成,24.05
2026-07-14,醫療器材,4104,佳醫,71.3
2026-07-14,醫療器材,4133,亞諾法,20.15
2026-07-14,醫療器材,4736,泰博,127.0
2026-07-14,醫療器材,6491,晶碩,357.5
2026-07-14,重電,1503,士電,205.0
2026-07-14,重電,1513,中興電,164.0
2026-07-14,重電,1519,華城,692.0
2026-07-14,重電,1609,大亞,38.65
2026-07-14,重電,1618,合機,37.9
2026-07-14,金控銀行,2880,華南金,39.25
2026-07-14,金控銀行,2881,富邦金,125.0
2026-07-14,金控銀行,2882,國泰金,96.1
2026-07-14,金控銀行,2884,玉山金,34.5
2026-07-14,金控銀行,2886,兆豐金,47.0
2026-07-14,鋼鐵,2002,中鋼,18.5
2026-07-14,鋼鐵,2006,東和鋼鐵,70.2
2026-07-14,鋼鐵,2014,中鴻,17.0
2026-07-14,鋼鐵,2027,大成鋼,39.1
2026-07-14,鋼鐵,2031,新光鋼,39.4
2026-07-14,雲端服務,3045,台灣大,109.0
2026-07-14,雲端服務,4994,傳奇,89.3
2026-07-14,雲端服務,8454,富邦媒,262.5
2026-07-14,電子檢測,2360,致茂,1820.0
2026-07-14,電子檢測,3130,一零四,204.0
2026-07-14,電子檢測,3563,牧德,668.0
2026-07-14,電線電纜,1605,華新,33.25
2026-07-14,電線電纜,1608,華榮,32.7
2026-07-14,電線電纜,1609,大亞,38.65
2026-07-14,電線電纜,1612,宏泰,31.5
2026-07-14,電線電纜,1618,合機,37.9
2026-07-14,面板,2409,友達,27.55
2026-07-14,面板,3481,群創,57.2
2026-07-14,面板,6116,彩晶,15.7
2026-07-14,食品製造,1201,味全,12.55
2026-07-14,食品製造,1203,味王,44.2
2026-07-14,食品製造,1210,大成,57.1
2026-07-14,食品製造,1215,卜蜂,113.0
2026-07-14,食品製造,1227,佳格,29.85
2026-07-14,食品製造,1231,聯華食,85.8
2026-07-14,飯店餐旅,2704,國賓,45.55
2026-07-14,飯店餐旅,2707,晶華,180.0
2026-07-14,飯店餐旅,2712,遠雄來,15.15
2026-07-14,飯店餐旅,2727,王品,232.5
2026-07-15,ABF載板,3037,欣興,936.0
2026-07-15,ABF載板,3189,景碩,845.0
2026-07-15,ABF載板,8046,南電,1415.0
2026-07-15,AI伺服器,2317,鴻海,239.0
2026-07-15,AI伺服器,2382,廣達,381.0
2026-07-15,AI伺服器,3017,奇鋐,2165.0
2026-07-15,AI伺服器,3231,緯創,145.5
2026-07-15,AI伺服器,6669,緯穎,5095.0
2026-07-15,CCL銅箔基板,2383,台光電,5080.0
2026-07-15,CCL銅箔基板,6213,聯茂,335.0
2026-07-15,IC設計,2379,瑞昱,753.0
2026-07-15,IC設計,2454,聯發科,3740.0
2026-07-15,IC設計,3034,聯詠,472.0
2026-07-15,IC設計,3443,創意,4120.0
2026-07-15,IC設計,3661,世芯-KY,3735.0
2026-07-15,IC設計,5269,祥碩,1515.0
2026-07-15,LED光電,2393,億光,68.7
2026-07-15,LED光電,3031,佰鴻,28.5
2026-07-15,LED光電,3596,智易,191.0
2026-07-15,LED光電,3714,富采,60.5
2026-07-15,PCB,2313,華通,248.0
2026-07-15,PCB,2367,燿華,51.6
2026-07-15,PCB,3037,欣興,936.0
2026-07-15,PCB,3044,健鼎,426.0
2026-07-15,PCB,4958,臻鼎-KY,618.0
2026-07-15,PCB,5469,瀚宇博,76.7
2026-07-15,PCB,6191,精成科,96.9
2026-07-15,PCB,8046,南電,1415.0
2026-07-15,保險,2851,中再保,38.5
2026-07-15,保險,2867,三商壽,8.85
2026-07-15,光學鏡頭,3008,大立光,4040.0
2026-07-15,光學鏡頭,3406,玉晶光,554.0
2026-07-15,光學鏡頭,3504,揚明光,69.2
2026-07-15,光通訊,3450,聯鈞,480.0
2026-07-15,光通訊,4977,眾達-KY,149.0
2026-07-15,光通訊,6442,光聖,1430.0
2026-07-15,其他綜合,9907,統一實,15.3
2026-07-15,其他綜合,9911,櫻花,83.9
2026-07-15,其他綜合,9924,福興,40.8
2026-07-15,其他綜合,9933,中鼎,40.7
2026-07-15,半導體設備,2467,志聖,589.0
2026-07-15,半導體設備,3583,辛耘,842.0
2026-07-15,半導體設備,6196,帆宣,585.0
2026-07-15,半導體通路,2347,聯強,87.2
2026-07-15,半導體通路,3036,文曄,200.0
2026-07-15,半導體通路,3702,大聯大,116.5
2026-07-15,半導體通路,8112,至上,87.6
2026-07-15,塑化,1301,台塑,65.7
2026-07-15,塑化,1303,南亞,227.5
2026-07-15,塑化,1304,台聚,13.8
2026-07-15,塑化,1305,華夏,13.0
2026-07-15,塑化,1308,亞聚,14.95
2026-07-15,塑化,1314,中石化,8.86
2026-07-15,太陽能,3576,聯合再生,17.7
2026-07-15,太陽能,6443,元晶,30.4
2026-07-15,太陽能,6477,安集,42.2
2026-07-15,居家生活,2908,特力,21.85
2026-07-15,居家生活,8464,億豐,352.0
2026-07-15,居家生活,9934,成霖,10.8
2026-07-15,散熱,2421,建準,139.0
2026-07-15,散熱,3017,奇鋐,2165.0
2026-07-15,散熱,3653,健策,3280.0
2026-07-15,散熱,6230,尼得科超眾,121.0
2026-07-15,散裝航運,2605,新興,31.65
2026-07-15,散裝航運,2612,中航,54.7
2026-07-15,散裝航運,2617,台航,28.95
2026-07-15,散裝航運,2637,慧洋-KY,83.9
2026-07-15,機器人,1590,亞德客-KY,1365.0
2026-07-15,機器人,2049,上銀,321.5
2026-07-15,機器人,2308,台達電,1890.0
2026-07-15,機器人,2359,所羅門,144.0
2026-07-15,機器人,2464,盟立,159.5
2026-07-15,機器人,6166,凌華,129.5
2026-07-15,機能紡織,1402,遠東新,27.55
2026-07-15,機能紡織,1476,儒鴻,331.0
2026-07-15,機能紡織,1477,聚陽,217.0
2026-07-15,機能紡織,4438,廣越,61.8
2026-07-15,水泥,1101,台泥,23.55
2026-07-15,水泥,1102,亞泥,34.8
2026-07-15,水泥,1103,嘉泥,13.6
2026-07-15,水泥,1104,環泥,26.85
2026-07-15,汽車整車,2201,裕隆,28.3
2026-07-15,汽車整車,2204,中華,57.6
2026-07-15,汽車整車,2207,和泰車,480.0
2026-07-15,汽車零組件,1319,東陽,75.6
2026-07-15,汽車零組件,1521,大億,26.0
2026-07-15,汽車零組件,1536,和大,53.2
2026-07-15,汽車零組件,2227,裕日車,50.4
2026-07-15,汽車零組件,2231,為升,126.5
2026-07-15,汽車零組件,4551,智伸科,201.5
2026-07-15,營建,2501,國建,22.45
2026-07-15,營建,2520,冠德,36.35
2026-07-15,營建,2542,興富發,43.45
2026-07-15,營建,2548,華固,101.5
2026-07-15,營建,2608,嘉里大榮,29.4
2026-07-15,特用化學,1711,永光,43.75
2026-07-15,特用化學,1723,中碳,85.6
2026-07-15,特用化學,1773,勝一,184.5
2026-07-15,特用化學,4763,材料*-KY,46.95
2026-07-15,玻璃陶瓷,1802,台玻,63.2
2026-07-15,玻璃陶瓷,1806,冠軍,8.37
2026-07-15,玻璃陶瓷,1809,中釉,45.35
2026-07-15,玻璃陶瓷,1810,和成,31.1
2026-07-15,環保,8341,日友,76.2
2026-07-15,生技製藥,1707,葡萄王,91.9
2026-07-15,生技製藥,1720,生達,64.3
2026-07-15,生技製藥,1760,寶齡富錦,62.0
2026-07-15,生技製藥,1789,神隆,20.85
2026-07-15,百貨零售,2903,遠百,22.3
2026-07-15,百貨零售,2912,統一超,244.5
2026-07-15,百貨零售,5907,大洋-KY,4.95
2026-07-15,百貨零售,8454,富邦媒,266.0
2026-07-15,石化能源,1301,台塑,65.7
2026-07-15,石化能源,1303,南亞,227.5
2026-07-15,石化能源,1314,中石化,8.86
2026-07-15,石化能源,6505,台塑化,72.8
2026-07-15,石化能源,8926,台汽電,67.7
2026-07-15,系統整合,2427,三商電,25.8
2026-07-15,系統整合,2480,敦陽科,161.0
2026-07-15,系統整合,3029,零壹,103.0
2026-07-15,系統整合,6214,精誠,141.0
2026-07-15,網通,2345,智邦,2340.0
2026-07-15,網通,2412,中華電,133.0
2026-07-15,網通,4904,遠傳,96.3
2026-07-15,網通,5388,中磊,89.4
2026-07-15,網通,6285,啟碁,267.0
2026-07-15,自行車,9914,美利達,76.6
2026-07-15,自行車,9921,巨大,80.0
2026-07-15,航空,2610,華航,21.2
2026-07-15,航空,2618,長榮航,42.15
2026-07-15,航空,2646,星宇航空,21.3
2026-07-15,被動元件,2327,國巨*,798.0
2026-07-15,被動元件,2492,華新科,379.0
2026-07-15,被動元件,3026,禾伸堂,838.0
2026-07-15,記憶體,2337,旺宏,148.5
2026-07-15,記憶體,2344,華邦電,180.5
2026-07-15,記憶體,2408,南亞科,481.0
2026-07-15,記憶體,4967,十銓,230.5
2026-07-15,記憶體,8271,宇瞻,181.5
2026-07-15,貨櫃航運,2603,長榮,199.5
2026-07-15,貨櫃航運,2609,陽明,50.2
2026-07-15,貨櫃航運,2615,萬海,81.7
2026-07-15,輪胎橡膠,2101,南港,34.1
2026-07-15,輪胎橡膠,2103,台橡,25.6
2026-07-15,輪胎橡膠,2105,正新,32.85
2026-07-15,輪胎橡膠,2106,建大,17.7
2026-07-15,造紙,1904,正隆,22.3
2026-07-15,造紙,1905,華紙,14.9
2026-07-15,造紙,1907,永豐餘,29.2
2026-07-15,運動健身,1598,岱宇,19.8
2026-07-15,運動健身,1736,喬山,131.0
2026-07-15,運動健身,8462,柏文,161.0
2026-07-15,運動健身,9904,寶成,24.3
2026-07-15,醫療器材,4104,佳醫,72.3
2026-07-15,醫療器材,4133,亞諾法,20.45
2026-07-15,醫療器材,4736,泰博,128.0
2026-07-15,醫療器材,6491,晶碩,365.0
2026-07-15,重電,1503,士電,209.5
2026-07-15,重電,1513,中興電,171.0
2026-07-15,重電,1519,華城,709.0
2026-07-15,重電,1609,大亞,39.25
2026-07-15,重電,1618,合機,38.5
2026-07-15,金控銀行,2880,華南金,38.85
2026-07-15,金控銀行,2881,富邦金,128.5
2026-07-15,金控銀行,2882,國泰金,96.6
2026-07-15,金控銀行,2884,玉山金,34.45
2026-07-15,金控銀行,2886,兆豐金,46.0
2026-07-15,鋼鐵,2002,中鋼,18.65
2026-07-15,鋼鐵,2006,東和鋼鐵,71.8
2026-07-15,鋼鐵,2014,中鴻,17.35
2026-07-15,鋼鐵,2027,大成鋼,41.3
2026-07-15,鋼鐵,2031,新光鋼,40.25
2026-07-15,雲端服務,3045,台灣大,109.0
2026-07-15,雲端服務,4994,傳奇,91.5
2026-07-15,雲端服務,8454,富邦媒,266.0
2026-07-15,電子檢測,2360,致茂,1905.0
2026-07-15,電子檢測,3130,一零四,204.0
2026-07-15,電子檢測,3563,牧德,712.0
2026-07-15,電線電纜,1605,華新,35.0
2026-07-15,電線電纜,1608,華榮,33.55
2026-07-15,電線電纜,1609,大亞,39.25
2026-07-15,電線電纜,1612,宏泰,32.3
2026-07-15,電線電纜,1618,合機,38.5
2026-07-15,面板,2409,友達,28.3
2026-07-15,面板,3481,群創,58.5
2026-07-15,面板,6116,彩晶,16.7
2026-07-15,食品製造,1201,味全,12.55
2026-07-15,食品製造,1203,味王,44.85
2026-07-15,食品製造,1210,大成,58.0
2026-07-15,食品製造,1215,卜蜂,112.0
2026-07-15,食品製造,1227,佳格,30.1
2026-07-15,食品製造,1231,聯華食,88.2
2026-07-15,飯店餐旅,2704,國賓,45.7
2026-07-15,飯店餐旅,2707,晶華,180.0
2026-07-15,飯店餐旅,2712,遠雄來,15.45
2026-07-15,飯店餐旅,2727,王品,233.5
2026-07-16,ABF載板,3037,欣興,882.0
2026-07-16,ABF載板,3189,景碩,770.0
2026-07-16,ABF載板,8046,南電,1275.0
2026-07-16,AI伺服器,2317,鴻海,242.5
2026-07-16,AI伺服器,2382,廣達,352.0
2026-07-16,AI伺服器,3017,奇鋐,2225.0
2026-07-16,AI伺服器,3231,緯創,146.5
2026-07-16,AI伺服器,6669,緯穎,5115.0
2026-07-16,CCL銅箔基板,2383,台光電,4990.0
2026-07-16,CCL銅箔基板,6213,聯茂,325.0
2026-07-16,IC設計,2379,瑞昱,712.0
2026-07-16,IC設計,2454,聯發科,3700.0
2026-07-16,IC設計,3034,聯詠,471.5
2026-07-16,IC設計,3443,創意,4185.0
2026-07-16,IC設計,3661,世芯-KY,3770.0
2026-07-16,IC設計,5269,祥碩,1515.0
2026-07-16,LED光電,2393,億光,69.5
2026-07-16,LED光電,3031,佰鴻,27.95
2026-07-16,LED光電,3596,智易,189.0
2026-07-16,LED光電,3714,富采,57.7
2026-07-16,PCB,2313,華通,235.5
2026-07-16,PCB,2367,燿華,48.4
2026-07-16,PCB,3037,欣興,882.0
2026-07-16,PCB,3044,健鼎,422.0
2026-07-16,PCB,4958,臻鼎-KY,578.0
2026-07-16,PCB,5469,瀚宇博,73.2
2026-07-16,PCB,6191,精成科,93.5
2026-07-16,PCB,8046,南電,1275.0
2026-07-16,保險,2851,中再保,36.9
2026-07-16,保險,2867,三商壽,8.91
2026-07-16,光學鏡頭,3008,大立光,4260.0
2026-07-16,光學鏡頭,3406,玉晶光,557.0
2026-07-16,光學鏡頭,3504,揚明光,69.6
2026-07-16,光通訊,3450,聯鈞,480.0
2026-07-16,光通訊,4977,眾達-KY,144.0
2026-07-16,光通訊,6442,光聖,1350.0
2026-07-16,其他綜合,9907,統一實,15.3
2026-07-16,其他綜合,9911,櫻花,84.2
2026-07-16,其他綜合,9924,福興,40.7
2026-07-16,其他綜合,9933,中鼎,40.8
2026-07-16,半導體設備,2467,志聖,620.0
2026-07-16,半導體設備,3583,辛耘,830.0
2026-07-16,半導體設備,6196,帆宣,590.0
2026-07-16,半導體通路,2347,聯強,87.3
2026-07-16,半導體通路,3036,文曄,196.0
2026-07-16,半導體通路,3702,大聯大,113.5
2026-07-16,半導體通路,8112,至上,85.8
2026-07-16,塑化,1301,台塑,65.6
2026-07-16,塑化,1303,南亞,221.0
2026-07-16,塑化,1304,台聚,14.0
2026-07-16,塑化,1305,華夏,13.15
2026-07-16,塑化,1308,亞聚,15.05
2026-07-16,塑化,1314,中石化,9.06
2026-07-16,太陽能,3576,聯合再生,17.7
2026-07-16,太陽能,6443,元晶,29.85
2026-07-16,太陽能,6477,安集,41.0
2026-07-16,居家生活,2908,特力,21.9
2026-07-16,居家生活,8464,億豐,358.5
2026-07-16,居家生活,9934,成霖,10.8
2026-07-16,散熱,2421,建準,135.0
2026-07-16,散熱,3017,奇鋐,2225.0
2026-07-16,散熱,3653,健策,3395.0
2026-07-16,散熱,6230,尼得科超眾,118.0
2026-07-16,散裝航運,2605,新興,31.25
2026-07-16,散裝航運,2612,中航,54.2
2026-07-16,散裝航運,2617,台航,29.0
2026-07-16,散裝航運,2637,慧洋-KY,82.5
2026-07-16,機器人,1590,亞德客-KY,1350.0
2026-07-16,機器人,2049,上銀,332.0
2026-07-16,機器人,2308,台達電,1905.0
2026-07-16,機器人,2359,所羅門,147.0
2026-07-16,機器人,2464,盟立,157.5
2026-07-16,機器人,6166,凌華,128.0
2026-07-16,機能紡織,1402,遠東新,27.8
2026-07-16,機能紡織,1476,儒鴻,339.0
2026-07-16,機能紡織,1477,聚陽,219.5
2026-07-16,機能紡織,4438,廣越,61.8
2026-07-16,水泥,1101,台泥,23.95
2026-07-16,水泥,1102,亞泥,33.0
2026-07-16,水泥,1103,嘉泥,13.65
2026-07-16,水泥,1104,環泥,26.95
2026-07-16,汽車整車,2201,裕隆,28.9
2026-07-16,汽車整車,2204,中華,57.9
2026-07-16,汽車整車,2207,和泰車,493.0
2026-07-16,汽車零組件,1319,東陽,75.6
2026-07-16,汽車零組件,1521,大億,25.8
2026-07-16,汽車零組件,1536,和大,52.8
2026-07-16,汽車零組件,2227,裕日車,50.3
2026-07-16,汽車零組件,2231,為升,118.0
2026-07-16,汽車零組件,4551,智伸科,198.0
2026-07-16,營建,2501,國建,22.9
2026-07-16,營建,2520,冠德,35.9
2026-07-16,營建,2542,興富發,43.35
2026-07-16,營建,2548,華固,103.0
2026-07-16,營建,2608,嘉里大榮,29.35
2026-07-16,特用化學,1711,永光,43.9
2026-07-16,特用化學,1723,中碳,89.7
2026-07-16,特用化學,1773,勝一,181.5
2026-07-16,特用化學,4763,材料*-KY,47.45
2026-07-16,玻璃陶瓷,1802,台玻,61.7
2026-07-16,玻璃陶瓷,1806,冠軍,8.4
2026-07-16,玻璃陶瓷,1809,中釉,43.6
2026-07-16,玻璃陶瓷,1810,和成,28.9
2026-07-16,環保,8341,日友,77.1
2026-07-16,生技製藥,1707,葡萄王,92.5
2026-07-16,生技製藥,1720,生達,64.5
2026-07-16,生技製藥,1760,寶齡富錦,61.5
2026-07-16,生技製藥,1789,神隆,20.65
2026-07-16,百貨零售,2903,遠百,22.4
2026-07-16,百貨零售,2912,統一超,245.5
2026-07-16,百貨零售,5907,大洋-KY,4.93
2026-07-16,百貨零售,8454,富邦媒,267.5
2026-07-16,石化能源,1301,台塑,65.6
2026-07-16,石化能源,1303,南亞,221.0
2026-07-16,石化能源,1314,中石化,9.06
2026-07-16,石化能源,6505,台塑化,80.0
2026-07-16,石化能源,8926,台汽電,67.0
2026-07-16,系統整合,2427,三商電,24.85
2026-07-16,系統整合,2480,敦陽科,161.5
2026-07-16,系統整合,3029,零壹,104.5
2026-07-16,系統整合,6214,精誠,140.0
2026-07-16,網通,2345,智邦,2320.0
2026-07-16,網通,2412,中華電,136.0
2026-07-16,網通,4904,遠傳,101.0
2026-07-16,網通,5388,中磊,86.6
2026-07-16,網通,6285,啟碁,257.0
2026-07-16,自行車,9914,美利達,84.2
2026-07-16,自行車,9921,巨大,88.0
2026-07-16,航空,2610,華航,20.9
2026-07-16,航空,2618,長榮航,41.9
2026-07-16,航空,2646,星宇航空,21.55
2026-07-16,被動元件,2327,國巨*,776.0
2026-07-16,被動元件,2492,華新科,341.5
2026-07-16,被動元件,3026,禾伸堂,766.0
2026-07-16,記憶體,2337,旺宏,136.5
2026-07-16,記憶體,2344,華邦電,172.0
2026-07-16,記憶體,2408,南亞科,439.0
2026-07-16,記憶體,4967,十銓,225.5
2026-07-16,記憶體,8271,宇瞻,187.5
2026-07-16,貨櫃航運,2603,長榮,200.0
2026-07-16,貨櫃航運,2609,陽明,50.2
2026-07-16,貨櫃航運,2615,萬海,80.7
2026-07-16,輪胎橡膠,2101,南港,34.55
2026-07-16,輪胎橡膠,2103,台橡,24.55
2026-07-16,輪胎橡膠,2105,正新,33.55
2026-07-16,輪胎橡膠,2106,建大,18.3
2026-07-16,造紙,1904,正隆,22.4
2026-07-16,造紙,1905,華紙,14.8
2026-07-16,造紙,1907,永豐餘,28.4
2026-07-16,運動健身,1598,岱宇,20.3
2026-07-16,運動健身,1736,喬山,129.0
2026-07-16,運動健身,8462,柏文,160.0
2026-07-16,運動健身,9904,寶成,24.6
2026-07-16,醫療器材,4104,佳醫,72.0
2026-07-16,醫療器材,4133,亞諾法,20.35
2026-07-16,醫療器材,4736,泰博,130.0
2026-07-16,醫療器材,6491,晶碩,359.5
2026-07-16,重電,1503,士電,204.0
2026-07-16,重電,1513,中興電,167.0
2026-07-16,重電,1519,華城,691.0
2026-07-16,重電,1609,大亞,38.6
2026-07-16,重電,1618,合機,38.2
2026-07-16,金控銀行,2880,華南金,39.4
2026-07-16,金控銀行,2881,富邦金,125.0
2026-07-16,金控銀行,2882,國泰金,97.3
2026-07-16,金控銀行,2884,玉山金,34.9
2026-07-16,金控銀行,2886,兆豐金,46.6
2026-07-16,鋼鐵,2002,中鋼,18.8
2026-07-16,鋼鐵,2006,東和鋼鐵,72.4
2026-07-16,鋼鐵,2014,中鴻,17.6
2026-07-16,鋼鐵,2027,大成鋼,41.0
2026-07-16,鋼鐵,2031,新光鋼,40.45
2026-07-16,雲端服務,3045,台灣大,110.5
2026-07-16,雲端服務,4994,傳奇,91.7
2026-07-16,雲端服務,8454,富邦媒,267.5
2026-07-16,電子檢測,2360,致茂,1990.0
2026-07-16,電子檢測,3130,一零四,203.5
2026-07-16,電子檢測,3563,牧德,701.0
2026-07-16,電線電纜,1605,華新,34.75
2026-07-16,電線電纜,1608,華榮,33.25
2026-07-16,電線電纜,1609,大亞,38.6
2026-07-16,電線電纜,1612,宏泰,31.7
2026-07-16,電線電纜,1618,合機,38.2
2026-07-16,面板,2409,友達,27.65
2026-07-16,面板,3481,群創,57.3
2026-07-16,面板,6116,彩晶,16.1
2026-07-16,食品製造,1201,味全,12.7
2026-07-16,食品製造,1203,味王,45.0
2026-07-16,食品製造,1210,大成,58.7
2026-07-16,食品製造,1215,卜蜂,112.5
2026-07-16,食品製造,1227,佳格,30.25
2026-07-16,食品製造,1231,聯華食,91.9
2026-07-16,飯店餐旅,2704,國賓,45.7
2026-07-16,飯店餐旅,2707,晶華,179.5
2026-07-16,飯店餐旅,2712,遠雄來,15.0
2026-07-16,飯店餐旅,2727,王品,215.0
2026-07-17,ABF載板,3037,欣興,794.0
2026-07-17,ABF載板,3189,景碩,693.0
2026-07-17,ABF載板,8046,南電,1150.0
2026-07-17,AI伺服器,2317,鴻海,234.0
2026-07-17,AI伺服器,2382,廣達,325.5
2026-07-17,AI伺服器,3017,奇鋐,2200.0
2026-07-17,AI伺服器,3231,緯創,139.0
2026-07-17,AI伺服器,6669,緯穎,4620.0
2026-07-17,CCL銅箔基板,2383,台光電,4495.0
2026-07-17,CCL銅箔基板,6213,聯茂,319.0
2026-07-17,IC設計,2379,瑞昱,718.0
2026-07-17,IC設計,2454,聯發科,3370.0
2026-07-17,IC設計,3034,聯詠,460.5
2026-07-17,IC設計,3443,創意,3835.0
2026-07-17,IC設計,3661,世芯-KY,3480.0
2026-07-17,IC設計,5269,祥碩,1435.0
2026-07-17,LED光電,2393,億光,66.5
2026-07-17,LED光電,3031,佰鴻,26.2
2026-07-17,LED光電,3596,智易,181.5
2026-07-17,LED光電,3714,富采,52.5
2026-07-17,PCB,2313,華通,212.0
2026-07-17,PCB,2367,燿華,44.8
2026-07-17,PCB,3037,欣興,794.0
2026-07-17,PCB,3044,健鼎,397.5
2026-07-17,PCB,4958,臻鼎-KY,521.0
2026-07-17,PCB,5469,瀚宇博,68.0
2026-07-17,PCB,6191,精成科,89.2
2026-07-17,PCB,8046,南電,1150.0
2026-07-17,保險,2851,中再保,36.0
2026-07-17,保險,2867,三商壽,8.98
2026-07-17,光學鏡頭,3008,大立光,4010.0
2026-07-17,光學鏡頭,3406,玉晶光,519.0
2026-07-17,光學鏡頭,3504,揚明光,64.0
2026-07-17,光通訊,3450,聯鈞,432.0
2026-07-17,光通訊,4977,眾達-KY,130.0
2026-07-17,光通訊,6442,光聖,1300.0
2026-07-17,其他綜合,9907,統一實,15.1
2026-07-17,其他綜合,9911,櫻花,83.8
2026-07-17,其他綜合,9924,福興,40.25
2026-07-17,其他綜合,9933,中鼎,39.15
2026-07-17,半導體設備,2467,志聖,558.0
2026-07-17,半導體設備,3583,辛耘,747.0
2026-07-17,半導體設備,6196,帆宣,542.0
2026-07-17,半導體通路,2347,聯強,85.3
2026-07-17,半導體通路,3036,文曄,188.5
2026-07-17,半導體通路,3702,大聯大,109.5
2026-07-17,半導體通路,8112,至上,81.9
2026-07-17,塑化,1301,台塑,62.8
2026-07-17,塑化,1303,南亞,199.0
2026-07-17,塑化,1304,台聚,13.35
2026-07-17,塑化,1305,華夏,12.65
2026-07-17,塑化,1308,亞聚,14.35
2026-07-17,塑化,1314,中石化,8.64
2026-07-17,太陽能,3576,聯合再生,17.85
2026-07-17,太陽能,6443,元晶,29.85
2026-07-17,太陽能,6477,安集,38.1
2026-07-17,居家生活,2908,特力,21.95
2026-07-17,居家生活,8464,億豐,359.0
2026-07-17,居家生活,9934,成霖,10.6
2026-07-17,散熱,2421,建準,127.0
2026-07-17,散熱,3017,奇鋐,2200.0
2026-07-17,散熱,3653,健策,3210.0
2026-07-17,散熱,6230,尼得科超眾,113.0
2026-07-17,散裝航運,2605,新興,31.0
2026-07-17,散裝航運,2612,中航,51.3
2026-07-17,散裝航運,2617,台航,28.45
2026-07-17,散裝航運,2637,慧洋-KY,79.4
2026-07-17,機器人,1590,亞德客-KY,1265.0
2026-07-17,機器人,2049,上銀,306.0
2026-07-17,機器人,2308,台達電,1740.0
2026-07-17,機器人,2359,所羅門,141.0
2026-07-17,機器人,2464,盟立,143.0
2026-07-17,機器人,6166,凌華,119.5
2026-07-17,機能紡織,1402,遠東新,27.7
2026-07-17,機能紡織,1476,儒鴻,333.5
2026-07-17,機能紡織,1477,聚陽,216.0
2026-07-17,機能紡織,4438,廣越,60.9
2026-07-17,水泥,1101,台泥,23.5
2026-07-17,水泥,1102,亞泥,33.25
2026-07-17,水泥,1103,嘉泥,13.6
2026-07-17,水泥,1104,環泥,26.6
2026-07-17,汽車整車,2201,裕隆,28.8
2026-07-17,汽車整車,2204,中華,56.2
2026-07-17,汽車整車,2207,和泰車,486.0
2026-07-17,汽車零組件,1319,東陽,73.6
2026-07-17,汽車零組件,1521,大億,25.6
2026-07-17,汽車零組件,1536,和大,49.45
2026-07-17,汽車零組件,2227,裕日車,50.1
2026-07-17,汽車零組件,2231,為升,109.5
2026-07-17,汽車零組件,4551,智伸科,188.0
2026-07-17,營建,2501,國建,22.4
2026-07-17,營建,2520,冠德,35.7
2026-07-17,營建,2542,興富發,43.3
2026-07-17,營建,2548,華固,101.0
2026-07-17,營建,2608,嘉里大榮,29.4
2026-07-17,特用化學,1711,永光,39.55
2026-07-17,特用化學,1723,中碳,88.2
2026-07-17,特用化學,1773,勝一,174.5
2026-07-17,特用化學,4763,材料*-KY,45.35
2026-07-17,玻璃陶瓷,1802,台玻,56.6
2026-07-17,玻璃陶瓷,1806,冠軍,8.24
2026-07-17,玻璃陶瓷,1809,中釉,39.95
2026-07-17,玻璃陶瓷,1810,和成,27.15
2026-07-17,環保,8341,日友,76.1
2026-07-17,生技製藥,1707,葡萄王,90.9
2026-07-17,生技製藥,1720,生達,63.5
2026-07-17,生技製藥,1760,寶齡富錦,60.0
2026-07-17,生技製藥,1789,神隆,19.85
2026-07-17,百貨零售,2903,遠百,22.35
2026-07-17,百貨零售,2912,統一超,243.0
2026-07-17,百貨零售,5907,大洋-KY,4.9
2026-07-17,百貨零售,8454,富邦媒,254.0
2026-07-17,石化能源,1301,台塑,62.8
2026-07-17,石化能源,1303,南亞,199.0
2026-07-17,石化能源,1314,中石化,8.64
2026-07-17,石化能源,6505,台塑化,81.3
2026-07-17,石化能源,8926,台汽電,65.5
2026-07-17,系統整合,2427,三商電,23.75
2026-07-17,系統整合,2480,敦陽科,156.5
2026-07-17,系統整合,3029,零壹,102.5
2026-07-17,系統整合,6214,精誠,137.0
2026-07-17,網通,2345,智邦,2090.0
2026-07-17,網通,2412,中華電,138.0
2026-07-17,網通,4904,遠傳,103.0
2026-07-17,網通,5388,中磊,83.3
2026-07-17,網通,6285,啟碁,234.5
2026-07-17,自行車,9914,美利達,84.0
2026-07-17,自行車,9921,巨大,86.6
2026-07-17,航空,2610,華航,20.75
2026-07-17,航空,2618,長榮航,41.2
2026-07-17,航空,2646,星宇航空,21.2
2026-07-17,被動元件,2327,國巨*,699.0
2026-07-17,被動元件,2492,華新科,307.5
2026-07-17,被動元件,3026,禾伸堂,690.0
2026-07-17,記憶體,2337,旺宏,125.0
2026-07-17,記憶體,2344,華邦電,155.0
2026-07-17,記憶體,2408,南亞科,395.5
2026-07-17,記憶體,4967,十銓,209.0
2026-07-17,記憶體,8271,宇瞻,190.0
2026-07-17,貨櫃航運,2603,長榮,198.0
2026-07-17,貨櫃航運,2609,陽明,49.2
2026-07-17,貨櫃航運,2615,萬海,79.5
2026-07-17,輪胎橡膠,2101,南港,34.0
2026-07-17,輪胎橡膠,2103,台橡,23.5
2026-07-17,輪胎橡膠,2105,正新,33.6
2026-07-17,輪胎橡膠,2106,建大,18.1
2026-07-17,造紙,1904,正隆,21.9
2026-07-17,造紙,1905,華紙,14.35
2026-07-17,造紙,1907,永豐餘,28.15
2026-07-17,運動健身,1598,岱宇,19.85
2026-07-17,運動健身,1736,喬山,126.0
2026-07-17,運動健身,8462,柏文,156.5
2026-07-17,運動健身,9904,寶成,24.6
2026-07-17,醫療器材,4104,佳醫,70.7
2026-07-17,醫療器材,4133,亞諾法,22.35
2026-07-17,醫療器材,4736,泰博,129.0
2026-07-17,醫療器材,6491,晶碩,335.0
2026-07-17,重電,1503,士電,194.0
2026-07-17,重電,1513,中興電,158.5
2026-07-17,重電,1519,華城,655.0
2026-07-17,重電,1609,大亞,36.8
2026-07-17,重電,1618,合機,37.35
2026-07-17,金控銀行,2880,華南金,40.15
2026-07-17,金控銀行,2881,富邦金,124.5
2026-07-17,金控銀行,2882,國泰金,94.3
2026-07-17,金控銀行,2884,玉山金,35.1
2026-07-17,金控銀行,2886,兆豐金,47.6
2026-07-17,鋼鐵,2002,中鋼,18.65
2026-07-17,鋼鐵,2006,東和鋼鐵,70.2
2026-07-17,鋼鐵,2014,中鴻,17.05
2026-07-17,鋼鐵,2027,大成鋼,40.65
2026-07-17,鋼鐵,2031,新光鋼,39.35
2026-07-17,雲端服務,3045,台灣大,111.0
2026-07-17,雲端服務,4994,傳奇,92.3
2026-07-17,雲端服務,8454,富邦媒,254.0
2026-07-17,電子檢測,2360,致茂,1850.0
2026-07-17,電子檢測,3130,一零四,203.5
2026-07-17,電子檢測,3563,牧德,631.0
2026-07-17,電線電纜,1605,華新,32.6
2026-07-17,電線電纜,1608,華榮,32.25
2026-07-17,電線電纜,1609,大亞,36.8
2026-07-17,電線電纜,1612,宏泰,31.05
2026-07-17,電線電纜,1618,合機,37.35
2026-07-17,面板,2409,友達,25.8
2026-07-17,面板,3481,群創,52.6
2026-07-17,面板,6116,彩晶,15.0
2026-07-17,食品製造,1201,味全,12.6
2026-07-17,食品製造,1203,味王,45.95
2026-07-17,食品製造,1210,大成,57.9
2026-07-17,食品製造,1215,卜蜂,110.5
2026-07-17,食品製造,1227,佳格,29.95
2026-07-17,食品製造,1231,聯華食,90.6
2026-07-17,飯店餐旅,2704,國賓,45.55
2026-07-17,飯店餐旅,2707,晶華,178.5
2026-07-17,飯店餐旅,2712,遠雄來,14.35
2026-07-17,飯店餐旅,2727,王品,218.5
2026-07-20,ABF載板,3037,欣興,750.0
2026-07-20,ABF載板,3189,景碩,679.0
2026-07-20,ABF載板,8046,南電,1105.0
2026-07-20,AI伺服器,2317,鴻海,234.5
2026-07-20,AI伺服器,2382,廣達,316.0
2026-07-20,AI伺服器,3017,奇鋐,2135.0
2026-07-20,AI伺服器,3231,緯創,143.5
2026-07-20,AI伺服器,6669,緯穎,4685.0
2026-07-20,CCL銅箔基板,2383,台光電,4395.0
2026-07-20,CCL銅箔基板,6213,聯茂,322.5
2026-07-20,IC設計,2379,瑞昱,709.0
2026-07-20,IC設計,2454,聯發科,3340.0
2026-07-20,IC設計,3034,聯詠,458.0
2026-07-20,IC設計,3443,創意,3745.0
2026-07-20,IC設計,3661,世芯-KY,3365.0
2026-07-20,IC設計,5269,祥碩,1470.0
2026-07-20,LED光電,2393,億光,66.8
2026-07-20,LED光電,3031,佰鴻,24.6
2026-07-20,LED光電,3596,智易,178.0
2026-07-20,LED光電,3714,富采,51.7
2026-07-20,PCB,2313,華通,199.0
2026-07-20,PCB,2367,燿華,43.25
2026-07-20,PCB,3037,欣興,750.0
2026-07-20,PCB,3044,健鼎,388.0
2026-07-20,PCB,4958,臻鼎-KY,478.5
2026-07-20,PCB,5469,瀚宇博,68.1
2026-07-20,PCB,6191,精成科,90.5
2026-07-20,PCB,8046,南電,1105.0
2026-07-20,保險,2851,中再保,35.95
2026-07-20,保險,2867,三商壽,9.23
2026-07-20,光學鏡頭,3008,大立光,3875.0
2026-07-20,光學鏡頭,3406,玉晶光,500.0
2026-07-20,光學鏡頭,3504,揚明光,62.2
2026-07-20,光通訊,3450,聯鈞,389.0
2026-07-20,光通訊,4977,眾達-KY,127.5
2026-07-20,光通訊,6442,光聖,1220.0
2026-07-20,其他綜合,9907,統一實,15.1
2026-07-20,其他綜合,9911,櫻花,83.2
2026-07-20,其他綜合,9924,福興,40.45
2026-07-20,其他綜合,9933,中鼎,39.45
2026-07-20,半導體設備,2467,志聖,522.0
2026-07-20,半導體設備,3583,辛耘,728.0
2026-07-20,半導體設備,6196,帆宣,518.0
2026-07-20,半導體通路,2347,聯強,84.0
2026-07-20,半導體通路,3036,文曄,187.0
2026-07-20,半導體通路,3702,大聯大,106.5
2026-07-20,半導體通路,8112,至上,80.9
2026-07-20,塑化,1301,台塑,60.6
2026-07-20,塑化,1303,南亞,186.5
2026-07-20,塑化,1304,台聚,12.95
2026-07-20,塑化,1305,華夏,12.35
2026-07-20,塑化,1308,亞聚,14.05
2026-07-20,塑化,1314,中石化,8.28
2026-07-20,太陽能,3576,聯合再生,18.45
2026-07-20,太陽能,6443,元晶,27.85
2026-07-20,太陽能,6477,安集,41.0
2026-07-20,居家生活,2908,特力,22.0
2026-07-20,居家生活,8464,億豐,360.0
2026-07-20,居家生活,9934,成霖,10.85
2026-07-20,散熱,2421,建準,125.5
2026-07-20,散熱,3017,奇鋐,2135.0
2026-07-20,散熱,3653,健策,3200.0
2026-07-20,散熱,6230,尼得科超眾,110.0
2026-07-20,散裝航運,2605,新興,30.65
2026-07-20,散裝航運,2612,中航,51.4
2026-07-20,散裝航運,2617,台航,28.65
2026-07-20,散裝航運,2637,慧洋-KY,79.1
2026-07-20,機器人,1590,亞德客-KY,1335.0
2026-07-20,機器人,2049,上銀,300.0
2026-07-20,機器人,2308,台達電,1705.0
2026-07-20,機器人,2359,所羅門,134.5
2026-07-20,機器人,2464,盟立,134.5
2026-07-20,機器人,6166,凌華,120.0
2026-07-20,機能紡織,1402,遠東新,27.3
2026-07-20,機能紡織,1476,儒鴻,336.5
2026-07-20,機能紡織,1477,聚陽,216.0
2026-07-20,機能紡織,4438,廣越,61.2
2026-07-20,水泥,1101,台泥,23.8
2026-07-20,水泥,1102,亞泥,33.0
2026-07-20,水泥,1103,嘉泥,13.65
2026-07-20,水泥,1104,環泥,26.5
2026-07-20,汽車整車,2201,裕隆,28.3
2026-07-20,汽車整車,2204,中華,56.4
2026-07-20,汽車整車,2207,和泰車,490.0
2026-07-20,汽車零組件,1319,東陽,72.5
2026-07-20,汽車零組件,1521,大億,25.15
2026-07-20,汽車零組件,1536,和大,49.3
2026-07-20,汽車零組件,2227,裕日車,49.8
2026-07-20,汽車零組件,2231,為升,107.0
2026-07-20,汽車零組件,4551,智伸科,179.5
2026-07-20,營建,2501,國建,22.3
2026-07-20,營建,2520,冠德,35.75
2026-07-20,營建,2542,興富發,43.3
2026-07-20,營建,2548,華固,101.5
2026-07-20,營建,2608,嘉里大榮,29.35
2026-07-20,特用化學,1711,永光,36.75
2026-07-20,特用化學,1723,中碳,86.6
2026-07-20,特用化學,1773,勝一,167.5
2026-07-20,特用化學,4763,材料*-KY,48.6
2026-07-20,玻璃陶瓷,1802,台玻,53.3
2026-07-20,玻璃陶瓷,1806,冠軍,8.23
2026-07-20,玻璃陶瓷,1809,中釉,38.05
2026-07-20,玻璃陶瓷,1810,和成,28.25
2026-07-20,環保,8341,日友,75.9
2026-07-20,生技製藥,1707,葡萄王,92.7
2026-07-20,生技製藥,1720,生達,63.6
2026-07-20,生技製藥,1760,寶齡富錦,61.4
2026-07-20,生技製藥,1789,神隆,19.95
2026-07-20,百貨零售,2903,遠百,22.2
2026-07-20,百貨零售,2912,統一超,243.5
2026-07-20,百貨零售,5907,大洋-KY,4.85
2026-07-20,百貨零售,8454,富邦媒,253.5
2026-07-20,石化能源,1301,台塑,60.6
2026-07-20,石化能源,1303,南亞,186.5
2026-07-20,石化能源,1314,中石化,8.28
2026-07-20,石化能源,6505,台塑化,77.7
2026-07-20,石化能源,8926,台汽電,64.0
2026-07-20,系統整合,2427,三商電,23.9
2026-07-20,系統整合,2480,敦陽科,155.0
2026-07-20,系統整合,3029,零壹,103.5
2026-07-20,系統整合,6214,精誠,137.5
2026-07-20,網通,2345,智邦,2090.0
2026-07-20,網通,2412,中華電,139.0
2026-07-20,網通,4904,遠傳,104.5
2026-07-20,網通,5388,中磊,82.8
2026-07-20,網通,6285,啟碁,235.0
2026-07-20,自行車,9914,美利達,79.8
2026-07-20,自行車,9921,巨大,83.9
2026-07-20,航空,2610,華航,20.95
2026-07-20,航空,2618,長榮航,41.2
2026-07-20,航空,2646,星宇航空,21.3
2026-07-20,被動元件,2327,國巨*,630.0
2026-07-20,被動元件,2492,華新科,277.0
2026-07-20,被動元件,3026,禾伸堂,621.0
2026-07-20,記憶體,2337,旺宏,117.5
2026-07-20,記憶體,2344,華邦電,151.0
2026-07-20,記憶體,2408,南亞科,381.0
2026-07-20,記憶體,4967,十銓,208.5
2026-07-20,記憶體,8271,宇瞻,184.0
2026-07-20,貨櫃航運,2603,長榮,196.0
2026-07-20,貨櫃航運,2609,陽明,49.0
2026-07-20,貨櫃航運,2615,萬海,80.5
2026-07-20,輪胎橡膠,2101,南港,33.5
2026-07-20,輪胎橡膠,2103,台橡,23.05
2026-07-20,輪胎橡膠,2105,正新,33.2
2026-07-20,輪胎橡膠,2106,建大,18.1
2026-07-20,造紙,1904,正隆,21.35
2026-07-20,造紙,1905,華紙,13.85
2026-07-20,造紙,1907,永豐餘,27.75
2026-07-20,運動健身,1598,岱宇,19.9
2026-07-20,運動健身,1736,喬山,135.0
2026-07-20,運動健身,8462,柏文,155.5
2026-07-20,運動健身,9904,寶成,24.35
2026-07-20,醫療器材,4104,佳醫,71.2
2026-07-20,醫療器材,4133,亞諾法,22.4
2026-07-20,醫療器材,4736,泰博,128.0
2026-07-20,醫療器材,6491,晶碩,335.5
2026-07-20,重電,1503,士電,200.0
2026-07-20,重電,1513,中興電,157.5
2026-07-20,重電,1519,華城,668.0
2026-07-20,重電,1609,大亞,36.35
2026-07-20,重電,1618,合機,37.5
2026-07-20,金控銀行,2880,華南金,39.9
2026-07-20,金控銀行,2881,富邦金,123.5
2026-07-20,金控銀行,2882,國泰金,94.0
2026-07-20,金控銀行,2884,玉山金,35.85
2026-07-20,金控銀行,2886,兆豐金,48.2
2026-07-20,鋼鐵,2002,中鋼,18.55
2026-07-20,鋼鐵,2006,東和鋼鐵,70.0
2026-07-20,鋼鐵,2014,中鴻,16.9
2026-07-20,鋼鐵,2027,大成鋼,40.45
2026-07-20,鋼鐵,2031,新光鋼,39.05
2026-07-20,雲端服務,3045,台灣大,112.0
2026-07-20,雲端服務,4994,傳奇,92.6
2026-07-20,雲端服務,8454,富邦媒,253.5
2026-07-20,電子檢測,2360,致茂,1835.0
2026-07-20,電子檢測,3130,一零四,203.0
2026-07-20,電子檢測,3563,牧德,610.0
2026-07-20,電線電纜,1605,華新,31.8
2026-07-20,電線電纜,1608,華榮,31.45
2026-07-20,電線電纜,1609,大亞,36.35
2026-07-20,電線電纜,1612,宏泰,31.0
2026-07-20,電線電纜,1618,合機,37.5
2026-07-20,面板,2409,友達,25.4
2026-07-20,面板,3481,群創,50.4
2026-07-20,面板,6116,彩晶,14.3
2026-07-20,食品製造,1201,味全,12.7
2026-07-20,食品製造,1203,味王,47.1
2026-07-20,食品製造,1210,大成,57.7
2026-07-20,食品製造,1215,卜蜂,109.5
2026-07-20,食品製造,1227,佳格,30.15
2026-07-20,食品製造,1231,聯華食,90.6
2026-07-20,飯店餐旅,2704,國賓,45.3
2026-07-20,飯店餐旅,2707,晶華,179.5
2026-07-20,飯店餐旅,2712,遠雄來,14.9
2026-07-20,飯店餐旅,2727,王品,221.5
2026-07-21,ABF載板,3037,欣興,825.0
2026-07-21,ABF載板,3189,景碩,746.0
2026-07-21,ABF載板,8046,南電,1190.0
2026-07-21,AI伺服器,2317,鴻海,246.0
2026-07-21,AI伺服器,2382,廣達,324.0
2026-07-21,AI伺服器,3017,奇鋐,2320.0
2026-07-21,AI伺服器,3231,緯創,149.5
2026-07-21,AI伺服器,6669,緯穎,5000.0
2026-07-21,CCL銅箔基板,2383,台光電,4830.0
2026-07-21,CCL銅箔基板,6213,聯茂,354.5
2026-07-21,IC設計,2379,瑞昱,753.0
2026-07-21,IC設計,2454,聯發科,3670.0
2026-07-21,IC設計,3034,聯詠,476.0
2026-07-21,IC設計,3443,創意,4115.0
2026-07-21,IC設計,3661,世芯-KY,3490.0
2026-07-21,IC設計,5269,祥碩,1410.0
2026-07-21,LED光電,2393,億光,67.5
2026-07-21,LED光電,3031,佰鴻,24.8
2026-07-21,LED光電,3596,智易,184.5
2026-07-21,LED光電,3714,富采,52.3
2026-07-21,PCB,2313,華通,210.0
2026-07-21,PCB,2367,燿華,43.85
2026-07-21,PCB,3037,欣興,825.0
2026-07-21,PCB,3044,健鼎,404.5
2026-07-21,PCB,4958,臻鼎-KY,509.0
2026-07-21,PCB,5469,瀚宇博,70.5
2026-07-21,PCB,6191,精成科,90.5
2026-07-21,PCB,8046,南電,1190.0
2026-07-21,保險,2851,中再保,36.15
2026-07-21,保險,2867,三商壽,9.51
2026-07-21,光學鏡頭,3008,大立光,3985.0
2026-07-21,光學鏡頭,3406,玉晶光,531.0
2026-07-21,光學鏡頭,3504,揚明光,63.1
2026-07-21,光通訊,3450,聯鈞,427.5
2026-07-21,光通訊,4977,眾達-KY,134.0
2026-07-21,光通訊,6442,光聖,1260.0
2026-07-21,其他綜合,9907,統一實,15.35
2026-07-21,其他綜合,9911,櫻花,83.2
2026-07-21,其他綜合,9924,福興,40.25
2026-07-21,其他綜合,9933,中鼎,39.75
2026-07-21,半導體設備,2467,志聖,530.0
2026-07-21,半導體設備,3583,辛耘,750.0
2026-07-21,半導體設備,6196,帆宣,540.0
2026-07-21,半導體通路,2347,聯強,85.3
2026-07-21,半導體通路,3036,文曄,196.0
2026-07-21,半導體通路,3702,大聯大,111.5
2026-07-21,半導體通路,8112,至上,86.2
2026-07-21,塑化,1301,台塑,63.0
2026-07-21,塑化,1303,南亞,195.5
2026-07-21,塑化,1304,台聚,13.0
2026-07-21,塑化,1305,華夏,12.45
2026-07-21,塑化,1308,亞聚,14.2
2026-07-21,塑化,1314,中石化,8.45
2026-07-21,太陽能,3576,聯合再生,19.1
2026-07-21,太陽能,6443,元晶,28.4
2026-07-21,太陽能,6477,安集,42.35
2026-07-21,居家生活,2908,特力,21.9
2026-07-21,居家生活,8464,億豐,363.0
2026-07-21,居家生活,9934,成霖,10.8
2026-07-21,散熱,2421,建準,128.5
2026-07-21,散熱,3017,奇鋐,2320.0
2026-07-21,散熱,3653,健策,3520.0
2026-07-21,散熱,6230,尼得科超眾,116.0
2026-07-21,散裝航運,2605,新興,31.05
2026-07-21,散裝航運,2612,中航,52.4
2026-07-21,散裝航運,2617,台航,29.15
2026-07-21,散裝航運,2637,慧洋-KY,81.1
2026-07-21,機器人,1590,亞德客-KY,1360.0
2026-07-21,機器人,2049,上銀,305.0
2026-07-21,機器人,2308,台達電,1835.0
2026-07-21,機器人,2359,所羅門,138.5
2026-07-21,機器人,2464,盟立,140.0
2026-07-21,機器人,6166,凌華,132.0
2026-07-21,機能紡織,1402,遠東新,27.35
2026-07-21,機能紡織,1476,儒鴻,343.5
2026-07-21,機能紡織,1477,聚陽,218.0
2026-07-21,機能紡織,4438,廣越,61.5
2026-07-21,水泥,1101,台泥,24.05
2026-07-21,水泥,1102,亞泥,33.15
2026-07-21,水泥,1103,嘉泥,13.65
2026-07-21,水泥,1104,環泥,26.9
2026-07-21,汽車整車,2201,裕隆,28.45
2026-07-21,汽車整車,2204,中華,56.1
2026-07-21,汽車整車,2207,和泰車,492.0
2026-07-21,汽車零組件,1319,東陽,73.6
2026-07-21,汽車零組件,1521,大億,25.4
2026-07-21,汽車零組件,1536,和大,50.5
2026-07-21,汽車零組件,2227,裕日車,50.2
2026-07-21,汽車零組件,2231,為升,112.0
2026-07-21,汽車零組件,4551,智伸科,182.5
2026-07-21,營建,2501,國建,22.4
2026-07-21,營建,2520,冠德,35.7
2026-07-21,營建,2542,興富發,44.1
2026-07-21,營建,2548,華固,102.0
2026-07-21,營建,2608,嘉里大榮,29.25
2026-07-21,特用化學,1711,永光,37.7
2026-07-21,特用化學,1723,中碳,89.5
2026-07-21,特用化學,1773,勝一,169.5
2026-07-21,特用化學,4763,材料*-KY,50.6
2026-07-21,玻璃陶瓷,1802,台玻,54.1
2026-07-21,玻璃陶瓷,1806,冠軍,8.3
2026-07-21,玻璃陶瓷,1809,中釉,39.0
2026-07-21,玻璃陶瓷,1810,和成,31.05
2026-07-21,環保,8341,日友,76.6
2026-07-21,生技製藥,1707,葡萄王,91.4
2026-07-21,生技製藥,1720,生達,64.0
2026-07-21,生技製藥,1760,寶齡富錦,61.5
2026-07-21,生技製藥,1789,神隆,20.05
2026-07-21,百貨零售,2903,遠百,22.6
2026-07-21,百貨零售,2912,統一超,243.0
2026-07-21,百貨零售,5907,大洋-KY,4.9
2026-07-21,百貨零售,8454,富邦媒,250.0
2026-07-21,石化能源,1301,台塑,63.0
2026-07-21,石化能源,1303,南亞,195.5
2026-07-21,石化能源,1314,中石化,8.45
2026-07-21,石化能源,6505,台塑化,85.4
2026-07-21,石化能源,8926,台汽電,65.2
2026-07-21,系統整合,2427,三商電,24.45
2026-07-21,系統整合,2480,敦陽科,159.0
2026-07-21,系統整合,3029,零壹,107.0
2026-07-21,系統整合,6214,精誠,141.5
2026-07-21,網通,2345,智邦,2220.0
2026-07-21,網通,2412,中華電,139.0
2026-07-21,網通,4904,遠傳,102.0
2026-07-21,網通,5388,中磊,85.1
2026-07-21,網通,6285,啟碁,245.0
2026-07-21,自行車,9914,美利達,80.4
2026-07-21,自行車,9921,巨大,84.6
2026-07-21,航空,2610,華航,21.45
2026-07-21,航空,2618,長榮航,42.3
2026-07-21,航空,2646,星宇航空,22.0
2026-07-21,被動元件,2327,國巨*,670.0
2026-07-21,被動元件,2492,華新科,273.0
2026-07-21,被動元件,3026,禾伸堂,682.0
2026-07-21,記憶體,2337,旺宏,123.0
2026-07-21,記憶體,2344,華邦電,155.5
2026-07-21,記憶體,2408,南亞科,405.0
2026-07-21,記憶體,4967,十銓,214.0
2026-07-21,記憶體,8271,宇瞻,191.5
2026-07-21,貨櫃航運,2603,長榮,203.0
2026-07-21,貨櫃航運,2609,陽明,50.9
2026-07-21,貨櫃航運,2615,萬海,85.2
2026-07-21,輪胎橡膠,2101,南港,33.75
2026-07-21,輪胎橡膠,2103,台橡,23.65
2026-07-21,輪胎橡膠,2105,正新,32.25
2026-07-21,輪胎橡膠,2106,建大,17.95
2026-07-21,造紙,1904,正隆,21.5
2026-07-21,造紙,1905,華紙,14.15
2026-07-21,造紙,1907,永豐餘,28.2
2026-07-21,運動健身,1598,岱宇,20.1
2026-07-21,運動健身,1736,喬山,141.5
2026-07-21,運動健身,8462,柏文,157.0
2026-07-21,運動健身,9904,寶成,24.4
2026-07-21,醫療器材,4104,佳醫,71.5
2026-07-21,醫療器材,4133,亞諾法,21.5
2026-07-21,醫療器材,4736,泰博,130.0
2026-07-21,醫療器材,6491,晶碩,335.0
2026-07-21,重電,1503,士電,207.5
2026-07-21,重電,1513,中興電,162.5
2026-07-21,重電,1519,華城,692.0
2026-07-21,重電,1609,大亞,37.55
2026-07-21,重電,1618,合機,38.15
2026-07-21,金控銀行,2880,華南金,40.8
2026-07-21,金控銀行,2881,富邦金,123.5
2026-07-21,金控銀行,2882,國泰金,95.8
2026-07-21,金控銀行,2884,玉山金,36.95
2026-07-21,金控銀行,2886,兆豐金,48.6
2026-07-21,鋼鐵,2002,中鋼,18.8
2026-07-21,鋼鐵,2006,東和鋼鐵,71.5
2026-07-21,鋼鐵,2014,中鴻,16.95
2026-07-21,鋼鐵,2027,大成鋼,41.15
2026-07-21,鋼鐵,2031,新光鋼,39.3
2026-07-21,雲端服務,3045,台灣大,112.0
2026-07-21,雲端服務,4994,傳奇,93.0
2026-07-21,雲端服務,8454,富邦媒,250.0
2026-07-21,電子檢測,2360,致茂,2015.0
2026-07-21,電子檢測,3130,一零四,203.5
2026-07-21,電子檢測,3563,牧德,644.0
2026-07-21,電線電纜,1605,華新,32.95
2026-07-21,電線電纜,1608,華榮,31.8
2026-07-21,電線電纜,1609,大亞,37.55
2026-07-21,電線電纜,1612,宏泰,31.5
2026-07-21,電線電纜,1618,合機,38.15
2026-07-21,面板,2409,友達,25.6
2026-07-21,面板,3481,群創,50.7
2026-07-21,面板,6116,彩晶,14.5
2026-07-21,食品製造,1201,味全,12.7
2026-07-21,食品製造,1203,味王,47.35
2026-07-21,食品製造,1210,大成,57.5
2026-07-21,食品製造,1215,卜蜂,110.5
2026-07-21,食品製造,1227,佳格,30.2
2026-07-21,食品製造,1231,聯華食,92.2
2026-07-21,飯店餐旅,2704,國賓,46.65
2026-07-21,飯店餐旅,2707,晶華,180.5
2026-07-21,飯店餐旅,2727,王品,226.0
2026-07-22,ABF載板,3037,欣興,907.0
2026-07-22,ABF載板,3189,景碩,796.0
2026-07-22,ABF載板,8046,南電,1305.0
2026-07-22,AI伺服器,2317,鴻海,251.5
2026-07-22,AI伺服器,2382,廣達,329.0
2026-07-22,AI伺服器,3017,奇鋐,2265.0
2026-07-22,AI伺服器,3231,緯創,164.0
2026-07-22,AI伺服器,6669,緯穎,5500.0
2026-07-22,CCL銅箔基板,2383,台光電,5125.0
2026-07-22,CCL銅箔基板,6213,聯茂,367.0
2026-07-22,IC設計,2379,瑞昱,743.0
2026-07-22,IC設計,2454,聯發科,3850.0
2026-07-22,IC設計,3034,聯詠,501.0
2026-07-22,IC設計,3443,創意,4370.0
2026-07-22,IC設計,3661,世芯-KY,3590.0
2026-07-22,IC設計,5269,祥碩,1415.0
2026-07-22,LED光電,2393,億光,67.1
2026-07-22,LED光電,3031,佰鴻,25.0
2026-07-22,LED光電,3596,智易,187.5
2026-07-22,LED光電,3714,富采,53.8
2026-07-22,PCB,2313,華通,208.0
2026-07-22,PCB,2367,燿華,45.3
2026-07-22,PCB,3037,欣興,907.0
2026-07-22,PCB,3044,健鼎,417.5
2026-07-22,PCB,4958,臻鼎-KY,559.0
2026-07-22,PCB,5469,瀚宇博,71.9
2026-07-22,PCB,6191,精成科,91.0
2026-07-22,PCB,8046,南電,1305.0
2026-07-22,保險,2851,中再保,35.7
2026-07-22,保險,2867,三商壽,9.28
2026-07-22,光學鏡頭,3008,大立光,4000.0
2026-07-22,光學鏡頭,3406,玉晶光,529.0
2026-07-22,光學鏡頭,3504,揚明光,64.4
2026-07-22,光通訊,3450,聯鈞,458.5
2026-07-22,光通訊,4977,眾達-KY,134.0
2026-07-22,光通訊,6442,光聖,1385.0
2026-07-22,其他綜合,9907,統一實,15.15
2026-07-22,其他綜合,9911,櫻花,82.4
2026-07-22,其他綜合,9924,福興,39.7
2026-07-22,其他綜合,9933,中鼎,40.15
2026-07-22,半導體設備,2467,志聖,546.0
2026-07-22,半導體設備,3583,辛耘,767.0
2026-07-22,半導體設備,6196,帆宣,548.0
2026-07-22,半導體通路,2347,聯強,88.2
2026-07-22,半導體通路,3036,文曄,197.5
2026-07-22,半導體通路,3702,大聯大,118.0
2026-07-22,半導體通路,8112,至上,88.1
2026-07-22,塑化,1301,台塑,63.5
2026-07-22,塑化,1303,南亞,208.0
2026-07-22,塑化,1304,台聚,13.35
2026-07-22,塑化,1305,華夏,12.7
2026-07-22,塑化,1308,亞聚,14.6
2026-07-22,塑化,1314,中石化,8.42
2026-07-22,太陽能,3576,聯合再生,19.45
2026-07-22,太陽能,6443,元晶,29.6
2026-07-22,太陽能,6477,安集,40.15
2026-07-22,居家生活,2908,特力,21.5
2026-07-22,居家生活,8464,億豐,363.0
2026-07-22,居家生活,9934,成霖,10.9
2026-07-22,散熱,2421,建準,132.0
2026-07-22,散熱,3017,奇鋐,2265.0
2026-07-22,散熱,3653,健策,3500.0
2026-07-22,散熱,6230,尼得科超眾,114.5
2026-07-22,散裝航運,2605,新興,31.45
2026-07-22,散裝航運,2612,中航,52.9
2026-07-22,散裝航運,2617,台航,29.25
2026-07-22,散裝航運,2637,慧洋-KY,83.6
2026-07-22,機器人,1590,亞德客-KY,1430.0
2026-07-22,機器人,2049,上銀,320.5
2026-07-22,機器人,2308,台達電,1880.0
2026-07-22,機器人,2359,所羅門,139.0
2026-07-22,機器人,2464,盟立,151.0
2026-07-22,機器人,6166,凌華,145.0
2026-07-22,機能紡織,1402,遠東新,27.2
2026-07-22,機能紡織,1476,儒鴻,337.5
2026-07-22,機能紡織,1477,聚陽,214.5
2026-07-22,機能紡織,4438,廣越,60.7
2026-07-22,水泥,1101,台泥,23.85
2026-07-22,水泥,1102,亞泥,32.45
2026-07-22,水泥,1103,嘉泥,13.55
2026-07-22,水泥,1104,環泥,26.5
2026-07-22,汽車整車,2201,裕隆,28.1
2026-07-22,汽車整車,2204,中華,55.5
2026-07-22,汽車整車,2207,和泰車,492.0
2026-07-22,汽車零組件,1319,東陽,73.2
2026-07-22,汽車零組件,1521,大億,25.35
2026-07-22,汽車零組件,1536,和大,52.3
2026-07-22,汽車零組件,2227,裕日車,49.55
2026-07-22,汽車零組件,2231,為升,105.0
2026-07-22,汽車零組件,4551,智伸科,182.0
2026-07-22,營建,2501,國建,22.3
2026-07-22,營建,2520,冠德,35.7
2026-07-22,營建,2542,興富發,44.8
2026-07-22,營建,2548,華固,99.4
2026-07-22,營建,2608,嘉里大榮,29.1
2026-07-22,特用化學,1711,永光,37.65
2026-07-22,特用化學,1723,中碳,85.7
2026-07-22,特用化學,1773,勝一,169.0
2026-07-22,特用化學,4763,材料*-KY,50.3
2026-07-22,玻璃陶瓷,1802,台玻,55.6
2026-07-22,玻璃陶瓷,1806,冠軍,8.38
2026-07-22,玻璃陶瓷,1809,中釉,40.0
2026-07-22,玻璃陶瓷,1810,和成,34.15
2026-07-22,環保,8341,日友,75.7
2026-07-22,生技製藥,1707,葡萄王,90.6
2026-07-22,生技製藥,1720,生達,63.5
2026-07-22,生技製藥,1760,寶齡富錦,61.5
2026-07-22,生技製藥,1789,神隆,19.75
2026-07-22,百貨零售,2903,遠百,22.1
2026-07-22,百貨零售,2912,統一超,239.5
2026-07-22,百貨零售,5907,大洋-KY,4.83
2026-07-22,百貨零售,8454,富邦媒,248.0
2026-07-22,石化能源,1301,台塑,63.5
2026-07-22,石化能源,1303,南亞,208.0
2026-07-22,石化能源,1314,中石化,8.42
2026-07-22,石化能源,6505,台塑化,85.1
2026-07-22,石化能源,8926,台汽電,64.7
2026-07-22,系統整合,2427,三商電,23.9
2026-07-22,系統整合,2480,敦陽科,159.0
2026-07-22,系統整合,3029,零壹,104.0
2026-07-22,系統整合,6214,精誠,141.5
2026-07-22,網通,2345,智邦,2285.0
2026-07-22,網通,2412,中華電,138.5
2026-07-22,網通,4904,遠傳,103.0
2026-07-22,網通,5388,中磊,87.2
2026-07-22,網通,6285,啟碁,253.0
2026-07-22,自行車,9914,美利達,79.3
2026-07-22,自行車,9921,巨大,84.6
2026-07-22,航空,2610,華航,21.35
2026-07-22,航空,2618,長榮航,42.1
2026-07-22,航空,2646,星宇航空,21.4
2026-07-22,被動元件,2327,國巨*,703.0
2026-07-22,被動元件,2492,華新科,300.0
2026-07-22,被動元件,3026,禾伸堂,663.0
2026-07-22,記憶體,2337,旺宏,135.0
2026-07-22,記憶體,2344,華邦電,171.0
2026-07-22,記憶體,2408,南亞科,445.5
2026-07-22,記憶體,4967,十銓,218.5
2026-07-22,記憶體,8271,宇瞻,196.5
2026-07-22,貨櫃航運,2603,長榮,206.0
2026-07-22,貨櫃航運,2609,陽明,51.4
2026-07-22,貨櫃航運,2615,萬海,85.1
2026-07-22,輪胎橡膠,2101,南港,33.6
2026-07-22,輪胎橡膠,2103,台橡,24.15
2026-07-22,輪胎橡膠,2105,正新,31.25
2026-07-22,輪胎橡膠,2106,建大,17.7
2026-07-22,造紙,1904,正隆,21.45
2026-07-22,造紙,1905,華紙,14.25
2026-07-22,造紙,1907,永豐餘,28.05
2026-07-22,運動健身,1598,岱宇,19.7
2026-07-22,運動健身,1736,喬山,136.5
2026-07-22,運動健身,8462,柏文,156.0
2026-07-22,運動健身,9904,寶成,24.25
2026-07-22,醫療器材,4104,佳醫,70.9
2026-07-22,醫療器材,4133,亞諾法,21.65
2026-07-22,醫療器材,4736,泰博,130.5
2026-07-22,醫療器材,6491,晶碩,338.0
2026-07-22,重電,1503,士電,211.5
2026-07-22,重電,1513,中興電,162.5
2026-07-22,重電,1519,華城,705.0
2026-07-22,重電,1609,大亞,37.75
2026-07-22,重電,1618,合機,39.1
2026-07-22,金控銀行,2880,華南金,41.25
2026-07-22,金控銀行,2881,富邦金,127.0
2026-07-22,金控銀行,2882,國泰金,96.8
2026-07-22,金控銀行,2884,玉山金,36.05
2026-07-22,金控銀行,2886,兆豐金,48.2
2026-07-22,鋼鐵,2002,中鋼,18.85
2026-07-22,鋼鐵,2006,東和鋼鐵,71.1
2026-07-22,鋼鐵,2014,中鴻,17.15
2026-07-22,鋼鐵,2027,大成鋼,43.75
2026-07-22,鋼鐵,2031,新光鋼,39.8
2026-07-22,雲端服務,3045,台灣大,112.5
2026-07-22,雲端服務,4994,傳奇,92.7
2026-07-22,雲端服務,8454,富邦媒,248.0
2026-07-22,電子檢測,2360,致茂,2125.0
2026-07-22,電子檢測,3130,一零四,205.0
2026-07-22,電子檢測,3563,牧德,670.0
2026-07-22,電線電纜,1605,華新,33.5
2026-07-22,電線電纜,1608,華榮,30.45
2026-07-22,電線電纜,1609,大亞,37.75
2026-07-22,電線電纜,1612,宏泰,31.4
2026-07-22,電線電纜,1618,合機,39.1
2026-07-22,面板,2409,友達,25.8
2026-07-22,面板,3481,群創,52.5
2026-07-22,面板,6116,彩晶,14.65
2026-07-22,食品製造,1201,味全,12.65
2026-07-22,食品製造,1203,味王,46.45
2026-07-22,食品製造,1210,大成,57.0
2026-07-22,食品製造,1215,卜蜂,109.0
2026-07-22,食品製造,1227,佳格,29.95
2026-07-22,食品製造,1231,聯華食,90.8
2026-07-22,飯店餐旅,2704,國賓,46.2
2026-07-22,飯店餐旅,2707,晶華,179.0
2026-07-22,飯店餐旅,2712,遠雄來,14.6
2026-07-22,飯店餐旅,2727,王品,221.5
2026-07-23,ABF載板,3037,欣興,896.0
2026-07-23,ABF載板,3189,景碩,785.0
2026-07-23,ABF載板,8046,南電,1230.0
2026-07-23,AI伺服器,2317,鴻海,257.5
2026-07-23,AI伺服器,2382,廣達,336.0
2026-07-23,AI伺服器,3017,奇鋐,2440.0
2026-07-23,AI伺服器,3231,緯創,173.5
2026-07-23,AI伺服器,6669,緯穎,5470.0
2026-07-23,CCL銅箔基板,2383,台光電,5095.0
2026-07-23,CCL銅箔基板,6213,聯茂,343.5
2026-07-23,IC設計,2379,瑞昱,745.0
2026-07-23,IC設計,2454,聯發科,3875.0
2026-07-23,IC設計,3034,聯詠,503.0
2026-07-23,IC設計,3443,創意,4380.0
2026-07-23,IC設計,3661,世芯-KY,3510.0
2026-07-23,IC設計,5269,祥碩,1405.0
2026-07-23,LED光電,2393,億光,66.9
2026-07-23,LED光電,3031,佰鴻,24.15
2026-07-23,LED光電,3596,智易,187.0
2026-07-23,LED光電,3714,富采,53.7
2026-07-23,PCB,2313,華通,214.0
2026-07-23,PCB,2367,燿華,44.1
2026-07-23,PCB,3037,欣興,896.0
2026-07-23,PCB,3044,健鼎,406.0
2026-07-23,PCB,4958,臻鼎-KY,506.0
2026-07-23,PCB,5469,瀚宇博,71.6
2026-07-23,PCB,6191,精成科,89.8
2026-07-23,PCB,8046,南電,1230.0
2026-07-23,保險,2851,中再保,35.5
2026-07-23,保險,2867,三商壽,9.18
2026-07-23,光學鏡頭,3008,大立光,4140.0
2026-07-23,光學鏡頭,3406,玉晶光,532.0
2026-07-23,光學鏡頭,3504,揚明光,64.7
2026-07-23,光通訊,3450,聯鈞,474.0
2026-07-23,光通訊,4977,眾達-KY,134.5
2026-07-23,光通訊,6442,光聖,1390.0
2026-07-23,其他綜合,9907,統一實,15.15
2026-07-23,其他綜合,9911,櫻花,82.1
2026-07-23,其他綜合,9924,福興,39.5
2026-07-23,其他綜合,9933,中鼎,40.35
2026-07-23,半導體設備,2467,志聖,538.0
2026-07-23,半導體設備,3583,辛耘,759.0
2026-07-23,半導體設備,6196,帆宣,543.0
2026-07-23,半導體通路,2347,聯強,87.8
2026-07-23,半導體通路,3036,文曄,207.5
2026-07-23,半導體通路,3702,大聯大,121.5
2026-07-23,半導體通路,8112,至上,88.0
2026-07-23,塑化,1301,台塑,66.2
2026-07-23,塑化,1303,南亞,197.0
2026-07-23,塑化,1304,台聚,13.45
2026-07-23,塑化,1305,華夏,12.75
2026-07-23,塑化,1308,亞聚,14.55
2026-07-23,塑化,1314,中石化,8.41
2026-07-23,太陽能,3576,聯合再生,18.35
2026-07-23,太陽能,6443,元晶,28.8
2026-07-23,太陽能,6477,安集,38.5
2026-07-23,居家生活,2908,特力,21.55
2026-07-23,居家生活,8464,億豐,364.0
2026-07-23,居家生活,9934,成霖,10.65
2026-07-23,散熱,2421,建準,133.5
2026-07-23,散熱,3017,奇鋐,2440.0
2026-07-23,散熱,3653,健策,3710.0
2026-07-23,散熱,6230,尼得科超眾,116.0
2026-07-23,散裝航運,2605,新興,32.5
2026-07-23,散裝航運,2612,中航,52.2
2026-07-23,散裝航運,2617,台航,29.05
2026-07-23,散裝航運,2637,慧洋-KY,81.3
2026-07-23,機器人,1590,亞德客-KY,1405.0
2026-07-23,機器人,2049,上銀,319.5
2026-07-23,機器人,2308,台達電,1880.0
2026-07-23,機器人,2359,所羅門,142.0
2026-07-23,機器人,2464,盟立,148.5
2026-07-23,機器人,6166,凌華,159.5
2026-07-23,機能紡織,1402,遠東新,27.2
2026-07-23,機能紡織,1476,儒鴻,334.0
2026-07-23,機能紡織,1477,聚陽,214.5
2026-07-23,機能紡織,4438,廣越,61.1
2026-07-23,水泥,1101,台泥,24.0
2026-07-23,水泥,1102,亞泥,32.7
2026-07-23,水泥,1103,嘉泥,13.1
2026-07-23,水泥,1104,環泥,26.55
2026-07-23,汽車整車,2201,裕隆,28.05
2026-07-23,汽車整車,2204,中華,52.0
2026-07-23,汽車整車,2207,和泰車,492.0
2026-07-23,汽車零組件,1319,東陽,72.9
2026-07-23,汽車零組件,1521,大億,25.35
2026-07-23,汽車零組件,1536,和大,51.6
2026-07-23,汽車零組件,2227,裕日車,50.4
2026-07-23,汽車零組件,2231,為升,96.1
2026-07-23,汽車零組件,4551,智伸科,188.0
2026-07-23,營建,2501,國建,22.65
2026-07-23,營建,2520,冠德,35.1
2026-07-23,營建,2542,興富發,44.95
2026-07-23,營建,2548,華固,99.6
2026-07-23,營建,2608,嘉里大榮,29.15
2026-07-23,特用化學,1711,永光,37.65
2026-07-23,特用化學,1723,中碳,89.4
2026-07-23,特用化學,1773,勝一,167.5
2026-07-23,特用化學,4763,材料*-KY,49.75
2026-07-23,玻璃陶瓷,1802,台玻,54.3
2026-07-23,玻璃陶瓷,1806,冠軍,8.18
2026-07-23,玻璃陶瓷,1809,中釉,38.75
2026-07-23,玻璃陶瓷,1810,和成,30.75
2026-07-23,環保,8341,日友,76.6
2026-07-23,生技製藥,1707,葡萄王,90.8
2026-07-23,生技製藥,1720,生達,56.1
2026-07-23,生技製藥,1760,寶齡富錦,61.1
2026-07-23,生技製藥,1789,神隆,19.8
2026-07-23,百貨零售,2903,遠百,22.0
2026-07-23,百貨零售,2912,統一超,237.0
2026-07-23,百貨零售,5907,大洋-KY,4.85
2026-07-23,百貨零售,8454,富邦媒,244.5
2026-07-23,石化能源,1301,台塑,66.2
2026-07-23,石化能源,1303,南亞,197.0
2026-07-23,石化能源,1314,中石化,8.41
2026-07-23,石化能源,6505,台塑化,93.2
2026-07-23,石化能源,8926,台汽電,64.3
2026-07-23,系統整合,2427,三商電,23.2
2026-07-23,系統整合,2480,敦陽科,159.0
2026-07-23,系統整合,3029,零壹,104.0
2026-07-23,系統整合,6214,精誠,141.0
2026-07-23,網通,2345,智邦,2325.0
2026-07-23,網通,2412,中華電,138.0
2026-07-23,網通,4904,遠傳,102.5
2026-07-23,網通,5388,中磊,89.1
2026-07-23,網通,6285,啟碁,258.5
2026-07-23,自行車,9914,美利達,78.1
2026-07-23,自行車,9921,巨大,85.5
2026-07-23,航空,2610,華航,20.6
2026-07-23,航空,2618,長榮航,40.85
2026-07-23,航空,2646,星宇航空,21.25
2026-07-23,被動元件,2327,國巨*,696.0
2026-07-23,被動元件,2492,華新科,300.0
2026-07-23,被動元件,3026,禾伸堂,697.0
2026-07-23,記憶體,2337,旺宏,129.5
2026-07-23,記憶體,2344,華邦電,161.0
2026-07-23,記憶體,2408,南亞科,426.0
2026-07-23,記憶體,4967,十銓,217.0
2026-07-23,記憶體,8271,宇瞻,210.0
2026-07-23,貨櫃航運,2603,長榮,203.5
2026-07-23,貨櫃航運,2609,陽明,50.5
2026-07-23,貨櫃航運,2615,萬海,84.5
2026-07-23,輪胎橡膠,2101,南港,33.45
2026-07-23,輪胎橡膠,2103,台橡,23.85
2026-07-23,輪胎橡膠,2105,正新,31.2
2026-07-23,輪胎橡膠,2106,建大,17.8
2026-07-23,造紙,1904,正隆,21.7
2026-07-23,造紙,1905,華紙,14.15
2026-07-23,造紙,1907,永豐餘,28.05
2026-07-23,運動健身,1598,岱宇,19.7
2026-07-23,運動健身,1736,喬山,131.5
2026-07-23,運動健身,8462,柏文,154.5
2026-07-23,運動健身,9904,寶成,24.25
2026-07-23,醫療器材,4104,佳醫,70.5
2026-07-23,醫療器材,4133,亞諾法,22.7
2026-07-23,醫療器材,4736,泰博,130.0
2026-07-23,醫療器材,6491,晶碩,336.0
2026-07-23,重電,1503,士電,211.5
2026-07-23,重電,1513,中興電,160.0
2026-07-23,重電,1519,華城,705.0
2026-07-23,重電,1609,大亞,37.8
2026-07-23,重電,1618,合機,38.5
2026-07-23,金控銀行,2880,華南金,41.25
2026-07-23,金控銀行,2881,富邦金,128.5
2026-07-23,金控銀行,2882,國泰金,97.3
2026-07-23,金控銀行,2884,玉山金,35.65
2026-07-23,金控銀行,2886,兆豐金,48.15
2026-07-23,鋼鐵,2002,中鋼,19.1
2026-07-23,鋼鐵,2006,東和鋼鐵,71.2
2026-07-23,鋼鐵,2014,中鴻,17.35
2026-07-23,鋼鐵,2027,大成鋼,44.4
2026-07-23,鋼鐵,2031,新光鋼,40.4
2026-07-23,雲端服務,3045,台灣大,112.0
2026-07-23,雲端服務,4994,傳奇,92.9
2026-07-23,雲端服務,8454,富邦媒,244.5
2026-07-23,電子檢測,2360,致茂,2155.0
2026-07-23,電子檢測,3130,一零四,206.0
2026-07-23,電子檢測,3563,牧德,674.0
2026-07-23,電線電纜,1605,華新,33.65
2026-07-23,電線電纜,1608,華榮,30.25
2026-07-23,電線電纜,1609,大亞,37.8
2026-07-23,電線電纜,1612,宏泰,31.1
2026-07-23,電線電纜,1618,合機,38.5
2026-07-23,面板,2409,友達,26.25
2026-07-23,面板,3481,群創,51.9
2026-07-23,面板,6116,彩晶,14.35
2026-07-23,食品製造,1201,味全,12.4
2026-07-23,食品製造,1203,味王,47.2
2026-07-23,食品製造,1210,大成,56.9
2026-07-23,食品製造,1215,卜蜂,109.5
2026-07-23,食品製造,1227,佳格,28.8
2026-07-23,食品製造,1231,聯華食,92.0
2026-07-23,飯店餐旅,2704,國賓,45.8
2026-07-23,飯店餐旅,2707,晶華,178.0
2026-07-23,飯店餐旅,2712,遠雄來,15.0
2026-07-23,飯店餐旅,2727,王品,222.0
2026-07-24,ABF載板,3037,欣興,839.0
2026-07-24,ABF載板,3189,景碩,711.0
2026-07-24,ABF載板,8046,南電,1110.0
2026-07-24,AI伺服器,2317,鴻海,252.5
2026-07-24,AI伺服器,2382,廣達,328.0
2026-07-24,AI伺服器,3017,奇鋐,2380.0
2026-07-24,AI伺服器,3231,緯創,179.0
2026-07-24,AI伺服器,6669,緯穎,5730.0
2026-07-24,CCL銅箔基板,2383,台光電,4755.0
2026-07-24,CCL銅箔基板,6213,聯茂,309.5
2026-07-24,IC設計,2379,瑞昱,744.0
2026-07-24,IC設計,2454,聯發科,3750.0
2026-07-24,IC設計,3034,聯詠,507.0
2026-07-24,IC設計,3443,創意,4070.0
2026-07-24,IC設計,3661,世芯-KY,3405.0
2026-07-24,IC設計,5269,祥碩,1385.0
2026-07-24,LED光電,2393,億光,66.1
2026-07-24,LED光電,3031,佰鴻,23.55
2026-07-24,LED光電,3596,智易,185.0
2026-07-24,LED光電,3714,富采,54.6
2026-07-24,PCB,2313,華通,201.5
2026-07-24,PCB,2367,燿華,42.1
2026-07-24,PCB,3037,欣興,839.0
2026-07-24,PCB,3044,健鼎,393.0
2026-07-24,PCB,4958,臻鼎-KY,482.0
2026-07-24,PCB,5469,瀚宇博,72.0
2026-07-24,PCB,6191,精成科,88.9
2026-07-24,PCB,8046,南電,1110.0
2026-07-24,保險,2851,中再保,35.25
2026-07-24,保險,2867,三商壽,9.28
2026-07-24,光學鏡頭,3008,大立光,3920.0
2026-07-24,光學鏡頭,3406,玉晶光,507.0
2026-07-24,光學鏡頭,3504,揚明光,62.1
2026-07-24,光通訊,3450,聯鈞,427.0
2026-07-24,光通訊,4977,眾達-KY,139.0
2026-07-24,光通訊,6442,光聖,1325.0
2026-07-24,其他綜合,9907,統一實,15.15
2026-07-24,其他綜合,9911,櫻花,82.6
2026-07-24,其他綜合,9924,福興,39.8
2026-07-24,其他綜合,9933,中鼎,40.05
2026-07-24,半導體設備,2467,志聖,515.0
2026-07-24,半導體設備,3583,辛耘,715.0
2026-07-24,半導體設備,6196,帆宣,526.0
2026-07-24,半導體通路,2347,聯強,88.6
2026-07-24,半導體通路,3036,文曄,205.5
2026-07-24,半導體通路,3702,大聯大,117.5
2026-07-24,半導體通路,8112,至上,88.3
2026-07-24,塑化,1301,台塑,62.7
2026-07-24,塑化,1303,南亞,177.5
2026-07-24,塑化,1304,台聚,12.9
2026-07-24,塑化,1305,華夏,12.45
2026-07-24,塑化,1308,亞聚,14.1
2026-07-24,塑化,1314,中石化,8.27
2026-07-24,太陽能,3576,聯合再生,18.3
2026-07-24,太陽能,6443,元晶,28.65
2026-07-24,太陽能,6477,安集,38.85
2026-07-24,居家生活,2908,特力,21.6
2026-07-24,居家生活,8464,億豐,370.0
2026-07-24,居家生活,9934,成霖,10.65
2026-07-24,散熱,2421,建準,130.0
2026-07-24,散熱,3017,奇鋐,2380.0
2026-07-24,散熱,3653,健策,3430.0
2026-07-24,散熱,6230,尼得科超眾,114.5
2026-07-24,散裝航運,2605,新興,32.3
2026-07-24,散裝航運,2612,中航,52.9
2026-07-24,散裝航運,2617,台航,29.2
2026-07-24,散裝航運,2637,慧洋-KY,83.8
2026-07-24,機器人,1590,亞德客-KY,1425.0
2026-07-24,機器人,2049,上銀,313.0
2026-07-24,機器人,2308,台達電,1785.0
2026-07-24,機器人,2359,所羅門,145.0
2026-07-24,機器人,2464,盟立,146.5
2026-07-24,機器人,6166,凌華,166.5
2026-07-24,機能紡織,1402,遠東新,27.35
2026-07-24,機能紡織,1476,儒鴻,334.5
2026-07-24,機能紡織,1477,聚陽,215.0
2026-07-24,機能紡織,4438,廣越,60.8
2026-07-24,水泥,1101,台泥,23.8
2026-07-24,水泥,1102,亞泥,32.75
2026-07-24,水泥,1103,嘉泥,13.15
2026-07-24,水泥,1104,環泥,26.8
2026-07-24,汽車整車,2201,裕隆,27.9
2026-07-24,汽車整車,2204,中華,51.8
2026-07-24,汽車整車,2207,和泰車,493.5
2026-07-24,汽車零組件,1319,東陽,72.1
2026-07-24,汽車零組件,1521,大億,25.3
2026-07-24,汽車零組件,1536,和大,50.9
2026-07-24,汽車零組件,2227,裕日車,50.1
2026-07-24,汽車零組件,2231,為升,96.4
2026-07-24,汽車零組件,4551,智伸科,184.0
2026-07-24,營建,2501,國建,22.75
2026-07-24,營建,2520,冠德,34.95
2026-07-24,營建,2542,興富發,44.2
2026-07-24,營建,2548,華固,98.6
2026-07-24,營建,2608,嘉里大榮,29.3
2026-07-24,特用化學,1711,永光,35.65
2026-07-24,特用化學,1723,中碳,88.1
2026-07-24,特用化學,1773,勝一,163.0
2026-07-24,特用化學,4763,材料*-KY,50.4
2026-07-24,玻璃陶瓷,1802,台玻,51.0
2026-07-24,玻璃陶瓷,1806,冠軍,8.18
2026-07-24,玻璃陶瓷,1809,中釉,36.9
2026-07-24,玻璃陶瓷,1810,和成,28.6
2026-07-24,環保,8341,日友,77.0
2026-07-24,生技製藥,1707,葡萄王,91.5
2026-07-24,生技製藥,1720,生達,56.5
2026-07-24,生技製藥,1760,寶齡富錦,61.1
2026-07-24,生技製藥,1789,神隆,19.65
2026-07-24,百貨零售,2903,遠百,22.25
2026-07-24,百貨零售,2912,統一超,241.0
2026-07-24,百貨零售,5907,大洋-KY,4.87
2026-07-24,百貨零售,8454,富邦媒,238.5
2026-07-24,石化能源,1301,台塑,62.7
2026-07-24,石化能源,1303,南亞,177.5
2026-07-24,石化能源,1314,中石化,8.27
2026-07-24,石化能源,6505,台塑化,85.8
2026-07-24,石化能源,8926,台汽電,64.7
2026-07-24,系統整合,2427,三商電,23.2
2026-07-24,系統整合,2480,敦陽科,159.0
2026-07-24,系統整合,3029,零壹,104.0
2026-07-24,系統整合,6214,精誠,139.5
2026-07-24,網通,2345,智邦,2220.0
2026-07-24,網通,2412,中華電,139.0
2026-07-24,網通,4904,遠傳,105.5
2026-07-24,網通,5388,中磊,88.7
2026-07-24,網通,6285,啟碁,249.5
2026-07-24,自行車,9914,美利達,78.9
2026-07-24,自行車,9921,巨大,88.7
2026-07-24,航空,2610,華航,20.5
2026-07-24,航空,2618,長榮航,40.7
2026-07-24,航空,2646,星宇航空,21.15
2026-07-24,被動元件,2327,國巨*,642.0
2026-07-24,被動元件,2492,華新科,274.0
2026-07-24,被動元件,3026,禾伸堂,640.0
2026-07-24,記憶體,2337,旺宏,124.0
2026-07-24,記憶體,2344,華邦電,154.5
2026-07-24,記憶體,2408,南亞科,401.0
2026-07-24,記憶體,4967,十銓,218.5
2026-07-24,記憶體,8271,宇瞻,212.5
2026-07-24,貨櫃航運,2603,長榮,206.0
2026-07-24,貨櫃航運,2609,陽明,51.5
2026-07-24,貨櫃航運,2615,萬海,87.0
2026-07-24,輪胎橡膠,2101,南港,33.0
2026-07-24,輪胎橡膠,2103,台橡,23.3
2026-07-24,輪胎橡膠,2105,正新,31.25
2026-07-24,輪胎橡膠,2106,建大,17.75
2026-07-24,造紙,1904,正隆,21.45
2026-07-24,造紙,1905,華紙,13.85
2026-07-24,造紙,1907,永豐餘,28.1
2026-07-24,運動健身,1598,岱宇,19.75
2026-07-24,運動健身,1736,喬山,136.5
2026-07-24,運動健身,8462,柏文,155.5
2026-07-24,運動健身,9904,寶成,24.4
2026-07-24,醫療器材,4104,佳醫,70.9
2026-07-24,醫療器材,4133,亞諾法,21.6
2026-07-24,醫療器材,4736,泰博,129.5
2026-07-24,醫療器材,6491,晶碩,331.5
2026-07-24,重電,1503,士電,204.5
2026-07-24,重電,1513,中興電,158.0
2026-07-24,重電,1519,華城,697.0
2026-07-24,重電,1609,大亞,36.85
2026-07-24,重電,1618,合機,38.5
2026-07-24,金控銀行,2880,華南金,40.7
2026-07-24,金控銀行,2881,富邦金,127.5
2026-07-24,金控銀行,2882,國泰金,97.0
2026-07-24,金控銀行,2884,玉山金,35.95
2026-07-24,金控銀行,2886,兆豐金,48.45
2026-07-24,鋼鐵,2002,中鋼,19.15
2026-07-24,鋼鐵,2006,東和鋼鐵,71.8
2026-07-24,鋼鐵,2014,中鴻,17.4
2026-07-24,鋼鐵,2027,大成鋼,43.55
2026-07-24,鋼鐵,2031,新光鋼,40.15
2026-07-24,雲端服務,3045,台灣大,113.5
2026-07-24,雲端服務,4994,傳奇,92.7
2026-07-24,雲端服務,8454,富邦媒,238.5
2026-07-24,電子檢測,2360,致茂,2080.0
2026-07-24,電子檢測,3130,一零四,206.0
2026-07-24,電子檢測,3563,牧德,667.0
2026-07-24,電線電纜,1605,華新,32.85
2026-07-24,電線電纜,1608,華榮,30.0
2026-07-24,電線電纜,1609,大亞,36.85
2026-07-24,電線電纜,1612,宏泰,31.05
2026-07-24,電線電纜,1618,合機,38.5
2026-07-24,面板,2409,友達,25.5
2026-07-24,面板,3481,群創,49.5
2026-07-24,面板,6116,彩晶,13.8
2026-07-24,食品製造,1201,味全,12.45
2026-07-24,食品製造,1203,味王,46.9
2026-07-24,食品製造,1210,大成,57.8
2026-07-24,食品製造,1215,卜蜂,109.5
2026-07-24,食品製造,1227,佳格,29.2
2026-07-24,食品製造,1231,聯華食,91.9
2026-07-24,飯店餐旅,2704,國賓,45.6
2026-07-24,飯店餐旅,2707,晶華,179.0
2026-07-24,飯店餐旅,2712,遠雄來,15.0
2026-07-24,飯店餐旅,2727,王品,220.5
2026-07-27,ABF載板,3037,欣興,848.0
2026-07-27,ABF載板,3189,景碩,710.0
2026-07-27,ABF載板,8046,南電,1075.0
2026-07-27,AI伺服器,2317,鴻海,253.0
2026-07-27,AI伺服器,2382,廣達,322.0
2026-07-27,AI伺服器,3017,奇鋐,2400.0
2026-07-27,AI伺服器,3231,緯創,177.0
2026-07-27,AI伺服器,6669,緯穎,5745.0
2026-07-27,CCL銅箔基板,2383,台光電,4815.0
2026-07-27,CCL銅箔基板,6213,聯茂,307.0
2026-07-27,IC設計,2379,瑞昱,762.0
2026-07-27,IC設計,2454,聯發科,3680.0
2026-07-27,IC設計,3034,聯詠,518.0
2026-07-27,IC設計,3443,創意,4050.0
2026-07-27,IC設計,3661,世芯-KY,3460.0
2026-07-27,IC設計,5269,祥碩,1385.0
2026-07-27,LED光電,2393,億光,64.5
2026-07-27,LED光電,3031,佰鴻,23.15
2026-07-27,LED光電,3596,智易,185.0
2026-07-27,LED光電,3714,富采,52.6
2026-07-27,PCB,2313,華通,199.5
2026-07-27,PCB,2367,燿華,41.95
2026-07-27,PCB,3037,欣興,848.0
2026-07-27,PCB,3044,健鼎,390.5
2026-07-27,PCB,4958,臻鼎-KY,470.5
2026-07-27,PCB,5469,瀚宇博,71.4
2026-07-27,PCB,6191,精成科,88.4
2026-07-27,PCB,8046,南電,1075.0
2026-07-27,保險,2851,中再保,35.35
2026-07-27,保險,2867,三商壽,9.31
2026-07-27,光學鏡頭,3008,大立光,4090.0
2026-07-27,光學鏡頭,3406,玉晶光,517.0
2026-07-27,光學鏡頭,3504,揚明光,65.1
2026-07-27,光通訊,3450,聯鈞,438.0
2026-07-27,光通訊,4977,眾達-KY,133.5
2026-07-27,光通訊,6442,光聖,1330.0
2026-07-27,其他綜合,9907,統一實,15.1
2026-07-27,其他綜合,9911,櫻花,82.8
2026-07-27,其他綜合,9924,福興,39.7
2026-07-27,其他綜合,9933,中鼎,39.85
2026-07-27,半導體設備,2467,志聖,532.0
2026-07-27,半導體設備,3583,辛耘,749.0
2026-07-27,半導體設備,6196,帆宣,510.0
2026-07-27,半導體通路,2347,聯強,88.6
2026-07-27,半導體通路,3036,文曄,203.5
2026-07-27,半導體通路,3702,大聯大,116.0
2026-07-27,半導體通路,8112,至上,84.3
2026-07-27,塑化,1301,台塑,61.7
2026-07-27,塑化,1303,南亞,174.0
2026-07-27,塑化,1304,台聚,12.25
2026-07-27,塑化,1305,華夏,11.85
2026-07-27,塑化,1308,亞聚,13.3
2026-07-27,塑化,1314,中石化,8.04
2026-07-27,太陽能,3576,聯合再生,17.85
2026-07-27,太陽能,6443,元晶,27.35
2026-07-27,太陽能,6477,安集,36.55
2026-07-27,居家生活,2908,特力,21.8
2026-07-27,居家生活,8464,億豐,379.0
2026-07-27,居家生活,9934,成霖,10.6
2026-07-27,散熱,2421,建準,131.5
2026-07-27,散熱,3017,奇鋐,2400.0
2026-07-27,散熱,3653,健策,3525.0
2026-07-27,散熱,6230,尼得科超眾,114.5
2026-07-27,散裝航運,2605,新興,31.6
2026-07-27,散裝航運,2612,中航,51.7
2026-07-27,散裝航運,2617,台航,28.8
2026-07-27,散裝航運,2637,慧洋-KY,82.3
2026-07-27,機器人,1590,亞德客-KY,1440.0
2026-07-27,機器人,2049,上銀,323.0
2026-07-27,機器人,2308,台達電,1755.0
2026-07-27,機器人,2359,所羅門,144.5
2026-07-27,機器人,2464,盟立,142.5
2026-07-27,機器人,6166,凌華,150.0
2026-07-27,機能紡織,1402,遠東新,27.45
2026-07-27,機能紡織,1476,儒鴻,341.5
2026-07-27,機能紡織,1477,聚陽,218.0
2026-07-27,機能紡織,4438,廣越,61.1
2026-07-27,水泥,1101,台泥,24.4
2026-07-27,水泥,1102,亞泥,33.1
2026-07-27,水泥,1103,嘉泥,13.25
2026-07-27,水泥,1104,環泥,26.7
2026-07-27,汽車整車,2201,裕隆,27.65
2026-07-27,汽車整車,2204,中華,51.8
2026-07-27,汽車整車,2207,和泰車,498.0
2026-07-27,汽車零組件,1319,東陽,73.0
2026-07-27,汽車零組件,1521,大億,25.25
2026-07-27,汽車零組件,1536,和大,49.75
2026-07-27,汽車零組件,2227,裕日車,50.5
2026-07-27,汽車零組件,2231,為升,95.2
2026-07-27,汽車零組件,4551,智伸科,182.0
2026-07-27,營建,2501,國建,22.35
2026-07-27,營建,2520,冠德,35.3
2026-07-27,營建,2542,興富發,43.5
2026-07-27,營建,2548,華固,99.4
2026-07-27,營建,2608,嘉里大榮,29.55
2026-07-27,特用化學,1711,永光,35.4
2026-07-27,特用化學,1723,中碳,86.4
2026-07-27,特用化學,1773,勝一,160.0
2026-07-27,特用化學,4763,材料*-KY,49.7
2026-07-27,玻璃陶瓷,1802,台玻,52.5
2026-07-27,玻璃陶瓷,1806,冠軍,8.17
2026-07-27,玻璃陶瓷,1809,中釉,36.9
2026-07-27,玻璃陶瓷,1810,和成,26.5
2026-07-27,環保,8341,日友,77.4
2026-07-27,生技製藥,1707,葡萄王,90.8
2026-07-27,生技製藥,1720,生達,57.4
2026-07-27,生技製藥,1760,寶齡富錦,60.5
2026-07-27,生技製藥,1789,神隆,19.6
2026-07-27,百貨零售,2903,遠百,22.3
2026-07-27,百貨零售,2912,統一超,239.5
2026-07-27,百貨零售,5907,大洋-KY,4.88
2026-07-27,百貨零售,8454,富邦媒,244.5
2026-07-27,石化能源,1301,台塑,61.7
2026-07-27,石化能源,1303,南亞,174.0
2026-07-27,石化能源,1314,中石化,8.04
2026-07-27,石化能源,6505,台塑化,77.9
2026-07-27,石化能源,8926,台汽電,63.5
2026-07-27,系統整合,2427,三商電,23.2
2026-07-27,系統整合,2480,敦陽科,158.0
2026-07-27,系統整合,3029,零壹,104.0
2026-07-27,系統整合,6214,精誠,145.5
2026-07-27,網通,2345,智邦,2240.0
2026-07-27,網通,2412,中華電,140.5
2026-07-27,網通,4904,遠傳,107.5
2026-07-27,網通,5388,中磊,90.6
2026-07-27,網通,6285,啟碁,249.5
2026-07-27,自行車,9914,美利達,78.0
2026-07-27,自行車,9921,巨大,85.5
2026-07-27,航空,2610,華航,21.25
2026-07-27,航空,2618,長榮航,41.95
2026-07-27,航空,2646,星宇航空,21.6
2026-07-27,被動元件,2327,國巨*,625.0
2026-07-27,被動元件,2492,華新科,272.0
2026-07-27,被動元件,3026,禾伸堂,585.0
2026-07-27,記憶體,2337,旺宏,125.5
2026-07-27,記憶體,2344,華邦電,160.0
2026-07-27,記憶體,2408,南亞科,436.0
2026-07-27,記憶體,4967,十銓,223.5
2026-07-27,記憶體,8271,宇瞻,218.0
2026-07-27,貨櫃航運,2603,長榮,203.5
2026-07-27,貨櫃航運,2609,陽明,51.1
2026-07-27,貨櫃航運,2615,萬海,84.0
2026-07-27,輪胎橡膠,2101,南港,33.15
2026-07-27,輪胎橡膠,2103,台橡,22.2
2026-07-27,輪胎橡膠,2105,正新,30.8
2026-07-27,輪胎橡膠,2106,建大,18.0
2026-07-27,造紙,1904,正隆,21.55
2026-07-27,造紙,1905,華紙,13.5
2026-07-27,造紙,1907,永豐餘,28.05
2026-07-27,運動健身,1598,岱宇,19.6
2026-07-27,運動健身,1736,喬山,133.5
2026-07-27,運動健身,8462,柏文,158.5
2026-07-27,運動健身,9904,寶成,24.3
2026-07-27,醫療器材,4104,佳醫,70.7
2026-07-27,醫療器材,4133,亞諾法,21.8
2026-07-27,醫療器材,4736,泰博,131.0
2026-07-27,醫療器材,6491,晶碩,338.0
2026-07-27,重電,1503,士電,202.0
2026-07-27,重電,1513,中興電,158.5
2026-07-27,重電,1519,華城,727.0
2026-07-27,重電,1609,大亞,36.4
2026-07-27,重電,1618,合機,38.8
2026-07-27,金控銀行,2880,華南金,41.4
2026-07-27,金控銀行,2881,富邦金,130.0
2026-07-27,金控銀行,2882,國泰金,98.5
2026-07-27,金控銀行,2884,玉山金,36.4
2026-07-27,金控銀行,2886,兆豐金,49.4
2026-07-27,鋼鐵,2002,中鋼,19.25
2026-07-27,鋼鐵,2006,東和鋼鐵,73.0
2026-07-27,鋼鐵,2014,中鴻,17.2
2026-07-27,鋼鐵,2027,大成鋼,44.55
2026-07-27,鋼鐵,2031,新光鋼,40.95
2026-07-27,雲端服務,3045,台灣大,113.5
2026-07-27,雲端服務,4994,傳奇,93.2
2026-07-27,雲端服務,8454,富邦媒,244.5
2026-07-27,電子檢測,2360,致茂,2100.0
2026-07-27,電子檢測,3130,一零四,206.0
2026-07-27,電子檢測,3563,牧德,669.0
2026-07-27,電線電纜,1605,華新,32.65
2026-07-27,電線電纜,1608,華榮,29.5
2026-07-27,電線電纜,1609,大亞,36.4
2026-07-27,電線電纜,1612,宏泰,31.15
2026-07-27,電線電纜,1618,合機,38.8
2026-07-27,面板,2409,友達,23.9
2026-07-27,面板,3481,群創,47.35
2026-07-27,面板,6116,彩晶,13.25
2026-07-27,食品製造,1201,味全,12.3
2026-07-27,食品製造,1203,味王,47.2
2026-07-27,食品製造,1210,大成,58.1
2026-07-27,食品製造,1215,卜蜂,105.5
2026-07-27,食品製造,1227,佳格,29.2
2026-07-27,食品製造,1231,聯華食,91.0
2026-07-27,飯店餐旅,2704,國賓,46.0
2026-07-27,飯店餐旅,2707,晶華,179.5
2026-07-27,飯店餐旅,2712,遠雄來,14.95
2026-07-27,飯店餐旅,2727,王品,225.5
